_cid,buques,co2_t,ets_eur,fueleu_eur,ahorro_t,factura_eur,nombre,cuota_pct,cuota_acumulada_pct
1535947,436,8990176.67052,455225969.02688915,80459866.6981955,501967.5420744446,535685835.72508466,MSC Shipmanagement Ltd,6.142357975742097,6.142357975742097
5808451,160,6258667.16656,285650768.79285866,56138067.69714511,53772.766427821785,341788836.49000376,Maersk A/S,3.91906831546578,10.061426291207876
0750415,110,3442606.32376,166316675.95934203,33560004.67113232,197007.96840225506,199876680.63047436,MEDITERRANEAN SHIPPING CO SRL,2.2918547431325327,12.353281034340409
0187017,60,2011401.89039,140869142.12657192,29593271.47282203,91848.313712537,170462413.59939396,GRIMALDI EUROMED S.p.A,1.9545806439314364,14.307861678271845
5193283,45,2480817.15055,110241394.34671883,19749897.490968723,67415.54332975947,129991291.83768755,Shanghai Ocean Shipping Co.，Ltd.,1.4905248467424606,15.798386525014305
5908969,20,1380439.67129,98832867.83290905,16486308.02729594,129006.0667866529,115319175.860205,MSC Cruise Management UK Ltd,1.3222893202732604,17.120675845287565
5427869,53,1960838.51646,90575851.80926117,8879877.87812984,63389.33950656073,99455729.68739101,CMA SHIPS SAS,1.14039359217276,18.261069437460325
0217944,43,2104292.26689,83737024.27256998,11136046.10894712,31099.753943767584,94873070.38151711,Hapag-Lloyd AG,1.0878472449290573,19.348916682389383
5001170,78,1615516.32856,72973510.76646134,11701241.257659398,26782.35062836689,84674752.02412075,Seaspan Ship Management Ltd.,0.970909820184718,20.319826502574102
0344771,33,1613702.35073,70393357.64437866,13343392.554818878,60942.556957600755,83736750.19919755,EVERGREEN MARINE CORP. (TAIWAN) LTD,0.9601543687496823,21.279980871323783
1528772,19,954513.4655,68174134.14439964,13143082.542158758,75085.86022792372,81317216.6865584,Grandi Navi Veloci Spa,0.9324111655925217,22.212392036916306
0196718,18,934566.26856,68198268.7735876,12305524.824270556,27880.289245102904,80503793.59785816,Costa Crociere S.p.A.,0.9230841767805666,23.135476213696872
0194433,91,1270943.25063,61966256.53113771,11676041.54948857,42125.82073892453,73642298.08062628,CMA CGM SA,0.8444079100117413,23.979884123708615
1250463,14,734420.4614,58628056.679000296,12412294.6022228,46537.63589134468,71040351.28122309,Finnlines Plc,0.8145730933899091,24.794457217098525
0310102,31,1004761.67366,56205613.67401957,11580559.006665992,100623.25766520748,67786172.68068556,DFDS A/S,0.7772595626812888,25.571716779779813
1249148,28,1287345.22721,57072530.80708373,9361428.059336537,38535.47163527536,66433958.86642027,Orient Overseas Container Line Ltd,0.7617546141591411,26.333471393938954
0034961,74,1297106.4134,55097834.455866754,10719795.181813508,38688.404414727425,65817629.63768026,Zodiac Maritime Ltd,0.7546875713117044,27.08815896525066
5356321,22,753053.97134,51509914.52781522,9672490.46062962,52552.96641632215,61182404.98844484,NCL (Bahamas) Ltd.,0.7015384917676281,27.78969745701829
5463827,37,1031812.83539,47258130.48606007,9121376.512745993,13406.158795963125,56379506.99880606,CMA CGM INTERNATIONAL SHIPPING COMPANY PTE LTD,0.6464668120518449,28.436164269070133
0289239,63,837805.75821,46033055.89424451,9783256.176212754,97814.83863305114,55816312.070457265,Spliethoffs Bevrachtingskantoor B.V.,0.6400090253617073,29.07617329443184
1605338,50,1046271.95271,45990973.57585852,9407831.36331794,47109.849366519986,55398804.939176455,TECHNOMAR SHIPPING INC-LIB,0.6352217450441668,29.711395039476006
1038073,36,1186275.89383,50899166.26250927,493830.5787990748,61673.111167751355,51392996.84130835,Seapeak Maritime Limited,0.5892897720885484,30.300684811564555
1996500,10,707920.78978,39676513.57306791,7683829.521114754,38710.610621334046,47360343.09418266,Carnival Plc,0.5430499776882803,30.843734789252835
5033541,11,426604.37916,33692251.69273933,4771242.914147144,61239.66312538574,38463494.60688648,Forship SpA,0.4410356539551472,31.284770443207982
5365996,24,667982.45783,32151627.474641275,6004362.540360287,33884.36083866712,38155990.015001565,Anglo-Eastern (Germany) GmbH,0.4375097005761765,31.722280143784158
0030163,34,674049.93266,31054657.009518586,6374351.046963804,22281.551323744723,37429008.05648239,Peter Dohle Schiffahrts-KG,0.42917387548368235,32.15145401926784
1601573,122,650691.20618,31553745.483994033,5736470.688337499,35210.35209713921,37290216.172331534,FLEET MANAGEMENT LIMITED,0.4275824400195948,32.57903645928743
5537927,46,622158.85754,30230108.850779217,6193095.663193051,15177.514677730333,36423204.51397227,TMS Tankers Ltd.,0.4176409862427257,32.99667744553015
0186314,26,641335.60404,29728244.93966527,6126792.492078566,12732.463016695972,35855037.43174384,HMM Company Limited,0.4111261871266428,33.407803632656794
0299001,9,376745.81186,29843920.46141623,5895932.874193731,20658.695690773653,35739853.33560996,TT-Line GmbH & Co KG,0.4098054466769556,33.81760907933375
1568628,15,633368.38378,29079849.100663133,6389802.008407754,9997.929192510557,35469651.10907089,DFDS DENIZCILIK VE TASIMACILIK A.S.,0.4067072150446052,34.224316294378355
0033914,30,526477.72903,30266974.770860296,4274463.675418172,33677.215782899126,34541438.44627847,Tsakos Shipping & Trading S.A.,0.3960640095083405,34.6203803038867
1252972,5,342970.06146,28689687.48127857,5811959.41290523,15928.619864803932,34501646.8941838,Color Line Marine AS,0.3956077458906082,35.015988049777306
1314173,43,674830.01664,31059487.141358655,2289814.550866234,24898.837692937657,33349301.69222489,EASTERN PACIFIC SHIPPING PTE. LTD.,0.38239455959741503,35.39838260937472
5377486,12,398351.43883,27452483.483101457,5493650.366657962,14736.829677535774,32946133.84975942,Tui Cruises Gmbh,0.37777169849566766,35.77615430787039
5995361,10,376029.40866,27154552.582874935,5273666.628353851,5906.168616181927,32428219.211228788,Stena Rederi AS,0.37183311117717677,36.14798741904757
0283610,16,584918.11028,26817078.431066032,5503597.2196335755,7049.753370156278,32320675.650699608,"SHOEI KISEN KAISHA, LTD.",0.3705999797357564,36.518587398783325
0254141,8,332028.78425,26647146.385656893,5214036.7269513095,21452.542925187696,31861183.1126082,MOBY SPA,0.3653312803080042,36.88391867909133
5654876,16,651510.68079,27595745.8788887,3164652.614490079,84659.2710922405,30760398.49337878,Nakilat Shipping Qatar Ltd,0.352709305384314,37.236627984475646
0367129,24,687044.41377,30409020.63066369,0.0,21436.80675380261,30409020.63066369,Knutsen OAS Shipping AS,0.3486802859971841,37.58530827047283
5757212,26,486745.09778,26208795.20855067,3705979.1807740415,20088.415752322173,29914774.38932471,EASTERN PACIFIC SHIPPING (UK) LTD.,0.3430130886587294,37.92832135913156
1468950,27,474787.66794,24449923.473269124,5005376.60051085,14438.65159819441,29455300.073779974,Grimaldi Deep Sea S.p.A,0.33774459817696273,38.26606595730852
5289555,21,634433.57691,29207679.21090655,119177.72308995319,27137.80314595188,29326856.933996502,Dynagas Ltd,0.33627182497397057,38.60233778228249
1509526,29,518093.11504,24984185.250072885,4312956.427348853,26080.347258927173,29297141.677421737,MARAN TANKERS MANAGEMENT INC.,0.33593109962517326,38.93826888190766
5642516,8,439314.03769,24062046.22367867,4964183.272341302,97298.49193649614,29026229.496019974,Matrix Ship Management LTD,0.33282472740626545,39.27109360931392
0033503,43,499790.70707,24124051.396568038,4639345.482895302,10184.606591353955,28763396.879463337,Thenamaris Ships Management Inc.,0.3298109982558454,39.60090460756977
1151878,21,629740.58266,23306808.457446706,3997706.2711331113,26601.573674287356,27304514.728579815,Balearia Eurolineas Maritimas SA,0.3130829539105662,39.91398756148033
0184936,10,420712.70311,23878825.653935112,3062477.4014073755,24466.84522771649,26941303.055342488,Brittany Ferries BAI SA,0.3089182439832033,40.22290580546353
1968365,46,495934.41164999997,22952015.180845197,3006292.5771542867,9669.555046570587,25958307.757999483,NYK SHIPMANAGEMENT PTE LTD,0.29764688192342603,40.52055268738696
5287602,55,430734.87318,21586574.354929622,3917535.5233508996,18754.685610596447,25504109.87828052,SYNERGY MARITIME PRIVATE LIMITED,0.2924388928690194,40.81299158025598
1898166,9,277681.54074,20675966.87464695,4151037.1301058587,8281.31815845566,24827004.004752807,AB DFDS Seaways,0.284674964115788,41.09766654437177
1475921,3,250487.89098,20728456.80241462,3992919.1749644186,56347.200697667824,24721375.97737904,SUPERFAST FERRIES S.A.,0.2834637968361399,41.38113034120791
1890038,12,324934.74056,20048525.529211566,4504311.218118865,2441.666951948079,24552836.74733043,Princess Cruise Lines Ltd,0.28153126807604445,41.66266160928395
1168545,97,283082.46232,21570653.862100575,2861401.429795723,12429.218701017537,24432055.2918963,Wilson Ship Management AS,0.2801463463800967,41.94280795566405
1249369,8,250223.21282000002,20391909.58188966,3894937.55498619,7284.354698364854,24286847.13687585,Stena Line Scandinavia AB,0.27848133974813044,42.221289295412184
5596595,39,408828.51467,20129547.080598272,4082494.3409414315,8511.035689189142,24212041.421539705,ASM Maritime BV,0.27762359169585255,42.498912887108034
0517660,18,417338.08769,19615021.208033837,4093440.6985605387,19689.475323290735,23708461.906594377,COSTAMARE SHIPPING COMPANY S.A,0.2718493758331949,42.770762262941226
5899324,9,291256.46622,19806307.298616033,3779830.029104399,25674.518874912414,23586137.327720433,CORSICA LINEA,0.2704467601533186,43.041209023094545
0303304,61,364224.36933,20008767.880354647,3359040.409867344,13216.849724606136,23367808.29022199,Wagenborg Shipping BV,0.26794332434191714,43.30915234743646
4090777,29,522444.95895,23083231.300527114,59070.30115200075,8022.406011800018,23142301.601679116,MARAN GAS MARITIME INC.,0.2653575871157693,43.57450993455223
1204098,14,297446.34645,19324837.89256208,3708692.1395319654,35713.05523206861,23033530.032094046,Wilhelmsen Ship Management (Norway) AS,0.2641103749002913,43.83862030945252
5137583,19,517558.4407,22861825.167476762,58053.73950821581,8827.138768124501,22919878.906984977,GasLog LNG Services Ltd.,0.2628072120234517,44.101427521475976
6324712,31,701576.06031,21618591.75822714,1247534.660051729,83382.68375706681,22866126.41827887,MOL GLOBAL SHIP MANAGEMENT PTE. LTD.,0.26219086750638404,44.36361838898236
0022438,23,362801.02131,18974222.311258428,3871966.715403513,6456.680384289665,22846189.02666194,Danaos Shipping Co LTD,0.2619622585190884,44.62558064750145
0102695,46,321162.80069,18645536.40625574,3248683.0662541715,11484.895605112148,21894219.472509913,Polska Zegluga Morska P.P.,0.25104664829823087,44.87662729579968
1779238,20,267616.17261999997,19077785.633276243,2749889.645192634,43358.04162429746,21827675.278468877,Dredging & Maritime Management,0.25028362968965767,45.126910925489334
3018805,6,265308.57989,18944334.911683373,2484229.577317507,22755.705134816704,21428564.48900088,"SAIPEM (Portugal) - Comercio Maritimo, Sociedade Unipessoal LDA.",0.24570728815250423,45.372618213641836
1941881,52,372621.14695,17170668.53602038,3480564.6124906903,24859.811676371377,20651233.14851107,Oldendorff Carriers GmbH & Co. KG,0.23679413973485178,45.60941235337669
1774869,45,340915.56246,17235453.801039685,3147207.889615499,8729.09639813654,20382661.690655183,Minerva Marine Inc,0.23371460705692523,45.843126960433615
5613811,5,213252.65589,17211378.19974525,3071647.6438616947,15794.103352464197,20283025.843606945,ΑΤΤΙCA FERRIES SINGLE MEMBER MARITIME S.A.,0.23257214817716373,46.07569910861078
2071600,8,360992.78973,16704912.09576898,3220521.9260221096,38453.673754270305,19925434.02179109,"Celebrity Cruises, Inc.",0.2284718773984568,46.30417098600923
0235818,46,246903.11926,17182221.9850298,2688599.5385848796,17836.649371097898,19870821.523614682,Schiffahrtskontor tom Worden GmbH & Co. KG,0.22784567171710818,46.53201665772634
4005696,8,390804.56536999997,16483191.293974191,3387359.3454791275,9451.211514922717,19870550.639453318,"Royal Caribbean Cruises, Ltd.",0.22784256566617664,46.75985922339252
1770509,7,283642.5207,17484096.875733286,2236706.5381992604,9407.355588957176,19720803.413932547,HT Shipmanagement OU,0.22612551249119817,46.98598473588372
6069701,56,345192.87522,16312599.423554024,3204505.310538467,30437.063108946637,19517104.73409249,Stolt Tankers BV,0.22378983339102154,47.20977456927474
0778064,35,347406.46429,16182755.069912052,3148903.620279162,21471.66649872847,19331658.690191213,Columbia Shipmanagement Ltd,0.2216634452902703,47.43143801456501
5326424,19,278708.95752,16017716.793003116,3129551.193464618,17764.91291544591,19147267.986467734,Neptune Lines Shipping and Managing Enterprises SA,0.2195491580828522,47.65098717264786
5676362,36,284377.74785,16051214.595854685,2832300.753741572,20353.054689538774,18883515.34959626,SYNERGY DENMARK A/S,0.21652487966317424,47.867512052311035
5892812,19,284228.71734,15435560.50024789,2773321.3335329914,33418.085772527804,18208881.83378088,AVIN INTERNATIONAL LTD,0.20878929981353614,48.076301352124574
1533455,13,236205.88035,14254590.884083167,3844051.807943148,18602.18028370138,18098642.692026313,Maran Shuttle Tankers Norway AS,0.20752525991097162,48.28382661203555
0251203,8,206144.58413,15921420.71776455,2087828.4352446676,21823.555655642536,18009249.153009217,Molslinjen A/S,0.2065002428566785,48.490326854892224
6512268,28,781222.90805,15081600.610135838,2925393.5756697,169.43784754022752,18006994.185805537,ONESEA SOLUTIONS PTE LTD,0.20647438662740222,48.69680124151963
0175853,48,630803.88483,14804708.598700691,3139182.3070746013,13192.634385077225,17943890.905775294,SYNERGY PACIFIC PRIVATE LIMITED,0.2057508227219564,48.90255206424158
4068111,36,288648.30657,14812835.716448553,2985453.2777558193,1576.084662846972,17798288.994204372,Arkas Denizcilik ve Nakliyat A.S.,0.20408130114199827,49.10663336538358
1898811,31,298706.10610000003,14981498.869435502,2777442.7861933014,31612.117035294286,17758941.655628804,Columbia Shipmanagement-GEU,0.20363013102920868,49.31026349641279
0310062,59,316459.94066,14638056.581486804,2969639.8336068136,3794.064024198583,17607696.41509362,TORM A/S,0.20189590109901676,49.5121593975118
5707428,26,284341.3487,14754691.881222649,2833801.965169223,15810.539468536293,17588493.84639187,Pantheon Tankers Management Ltd,0.20167571784391858,49.71383511535572
5022388,4,173312.6571,14723642.417462258,2843644.467905433,1795.7991325158605,17567286.88536769,Finnlines Ship Management AB,0.201432551537287,49.91526766689301
5652631,14,249797.26492000002,15143942.086212173,2300179.3889624337,73976.12650237544,17444121.475174606,KNOT Management AS,0.20002029459640477,50.115287961489415
4107873,6,264626.48616000003,15854366.098610124,1098564.276989032,39924.633583634226,16952930.375599157,''K'' Line Energy Shipping (UK) Limited,0.19438812856385143,50.309676090053266
5680722,5,191622.87780000002,14383725.964258835,2505039.6693669837,11860.328009716863,16888765.63362582,Compagnia Italiana Di Navigazione,0.19365239357080666,50.503328483624074
0522961,27,311340.93011,13818270.62519047,2767243.2656998998,2221.5966592706473,16585513.890890371,Anglo-Eastern Ship Management Ltd,0.19017520482242858,50.693503688446505
4127108,33,273368.15521,13975970.916486943,2558726.755725014,11438.208255778121,16534697.672211956,TB Marine Shipmanagement GmbH & Co. KG,0.18959252858706777,50.883096217033575
5020687,10,246225.15655,14867316.137812078,1476812.4838337586,17847.598170383248,16344128.621645836,Wallenius Marine,0.18740739833046877,51.070503615364046
1974443,18,214517.14468,13951477.116134167,2341117.5331568737,36178.27943439127,16292594.64929104,Dredging Environmental and marine engineering NV,0.18681649208467135,51.25732010744872
5261954,32,298367.19549,13477837.446418563,2497980.1701694746,1301.107645237375,15975817.616588037,MOL SHIP MANAGEMENT (SINGAPORE) PTE. LTD.,0.18318421771116378,51.440504325159885
1782767,15,275529.43836000003,13449075.313956512,2507387.390939585,13819.003276047735,15956462.704896096,SIEM Ship Management,0.18296228763896044,51.62346661279884
5375992,11,198666.64231,13309536.170388456,2567883.9976771823,2169.098667488251,15877420.16806564,Holland America Line Limited,0.1820559587346946,51.80552257153354
5300060,18,207691.79287,13500541.85171589,2343557.17137464,18853.34249849812,15844099.02309053,Songa Shipmanagement Ltd,0.18167388702969667,51.98719645856323
5265135,11,359839.96668,15521994.931217879,251773.36433634046,26952.166897842744,15773768.295554219,NYK LNG Shipmanagement Ltd,0.18086745072615382,52.16806390928939
4117526,23,280575.62372,13118136.737279555,2643879.820084694,6589.285871443461,15762016.557364248,DELTA TANKERS LTD,0.1807327012555013,52.34879661054489
1677771,46,275064.39952,13188073.95178127,2453698.6705230065,2180.0503089237127,15641772.622304276,Anglo Eastern Ship Management Pte. Ltd,0.17935394295297774,52.528150553497866
6063177,10,161627.50688,13585950.974411225,1785781.1332994848,5963.473585663495,15371732.10771071,HURTIGRUTEN COASTAL AS,0.17625756556539543,52.70440811906326
1153018,20,266311.79106,12485675.820581311,2481184.6830242267,8964.44709359456,14966860.503605537,KYKLADES MARITIME CORPORATION,0.1716151685468878,52.876023287610145
6071296,30,260919.43774999998,12422674.600200461,2206071.830592849,2506.4930976302494,14628746.43079331,Hoegh Autoliners Management AS,0.1677382363352348,53.04376152394538
5420932,17,332690.55932,14475722.214857507,0.0,10240.044565258855,14475722.214857507,BW Fleet Management AS,0.16598360806143939,53.209745132006816
1527598,38,263511.66592,12014683.076400908,2378571.7843573526,23550.275902677673,14393254.86075826,DYNACOM TANKERS MANAGEMENT LTD,0.16503800902482454,53.37478314103164
1912245,12,539072.84853,12077525.965046955,2249600.3490868974,45444.30243300181,14327126.314133853,BLUE STAR FERRIES SINGLE MEMBER MARITIME S.A.,0.16427975637244135,53.53906289740409
0102752,5,159540.40029,12101204.700987637,2015512.0809135945,4977.1040128273335,14116716.781901231,Polska Zegluga Baltycka S.A.,0.16186712833135855,53.700930025735445
0098122,23,240405.67379,12080265.708168486,2025914.5725752371,23057.272028808646,14106180.280743724,GENEL DENIZCILIK NAKLIYATI A.S,0.16174631318635171,53.862676338921794
5689567,20,254054.82782,11771499.025026578,2258423.0379483732,4639.954125608487,14029922.062974952,Teekay Marine (Singapore) Pte. Ltd.,0.16087191024177155,54.02354824916357
1257528,18,170982.51317,12438354.07874723,1576413.4691761392,17166.913328934603,14014767.54792337,Anthony Veder Rederijzaken B.V.,0.16069814336165686,54.184246392525225
4115119,24,262834.27037,11607010.271113617,2176689.5629416327,10686.759348964897,13783699.83405525,FLEET SHIP MANAGEMENT PTE LTD,0.15804864150709835,54.342295034032325
1135952,13,292310.8398,12263520.297830813,1514101.9748175319,3396.4790001934634,13777622.272648344,"Maersk Line, Limited-USA",0.15797895409837634,54.5002739881307
6188878,15,182749.05471,11488133.387928741,2266902.2849949794,4947.98813969504,13755035.672923721,Eastaway Ship Management PTE. LTD.,0.1577199683800483,54.65799395651075
5408609,31,245587.97025,11387638.182592211,2339318.0081907017,22955.350069770495,13726956.190782912,Odfjell Management AS,0.15739799938333426,54.815391955894086
5514301,53,203952.88263,11785608.898686541,1547281.5122556377,12130.604110072094,13332890.410942178,Hansa Ship Management OU,0.1528795056611781,54.96827146155526
0229068,19,147323.17975,11439184.481323324,1771670.6474250676,8018.6853794840845,13210855.12874839,John T. Essberger GmbH & CO. KG,0.1514802071565045,55.119751668711764
1546779,38,254538.69156,11485485.48117226,1718010.793045339,19879.098914563783,13203496.274217598,STAMCO SHIP MANAGEMENT CO LTD,0.15139582800028067,55.27114749671205
5702577,11,297221.38187,12957375.15027639,100965.1553908032,19806.648975506596,13058340.305667194,NLNG Ship Management Ltd,0.14973141975632306,55.42087891646837
0533687,11,208707.74121,10871995.15689265,2155928.135480809,3644.312368486305,13027923.29237346,Nereus Shipping SA,0.14938264782370303,55.57026156429207
5197706,28,226478.90247,10690734.748689018,2146855.6683144732,8906.804526343833,12837590.417003492,Suntech Ship management Pte Ltd,0.14720022563310653,55.717461789925174
5034289,23,237384.05362,11238373.363140607,1459742.029987932,7462.5132508778315,12698115.393128539,MISC Shipmanagement (S) Pte Ltd,0.1456009570540605,55.86306274697923
5299962,7,239911.39688,10786811.041404817,1885266.5766906072,25857.09158515317,12672077.618095424,P&O Ferries Holdings Ltd,0.14530239897303762,56.00836514595227
6025195,9,204738.17396,10509660.67907902,2148650.662714724,20554.765763694806,12658311.341793744,Navios Containers Management,0.14514455011574343,56.153509696068014
5683789,21,244293.06833,10600725.709904552,1806232.4045468678,6087.3116798907395,12406958.11445142,HMM Ocean Service Co Ltd,0.14226244758898002,56.295772143657
6124829,32,188389.92479,10434120.658783536,1938952.9846650416,2811.2309707404265,12373073.643448578,Thome Croatia d.o.o.,0.14187391659406134,56.437646060251055
0255909,25,229295.93345,10453461.34068379,1773860.6447962741,1467.7599000828964,12227321.985480065,"""K"" Line RoRo Bulk Ship Management Co., Ltd.",0.14020267797042152,56.577848738221476
1708734,37,205378.9967,10247226.502758885,1964805.2311861995,15441.713529958324,12212031.733945085,Bahri Ship Management DMCC,0.14002735468911828,56.71787609291059
5112029,9,239960.76880000002,10141695.863506898,2059702.2222429053,3802.834933461727,12201398.085749803,Marlow Ship Management Deutschland GmbH & Co. KG,0.13990542562277455,56.857781518533365
1814281,9,221553.0673,9735709.431836952,2008444.473783637,3948.6003196066413,11744153.905620588,MMS Bulkship Management (Singapore) Pte. Ltd.,0.13466250664046323,56.992444025173825
6226144,4,198642.61839,9697302.0122748,1944785.3508903796,9209.782472128094,11642087.36316518,TRASMED GLE SL UNIPERSONAL,0.13349217657142415,57.12593620174525
0194742,4,154543.11566,9796440.496964348,1815006.1869536238,13862.1243802815,11611446.683917973,LA MERIDIONALE,0.1331408400080792,57.25907704175333
6381000,10,137899.82749,9835385.369226411,1724402.574118408,19594.056585248363,11559787.943344818,3M Shipping,0.1325485031269914,57.39162554488032
5787052,25,202648.59722999998,9966176.039007025,1579191.2820200264,7539.828490464359,11545367.321027052,Navigator Gas Ship Management (Denmark) ApS,0.13238315131329484,57.52400869619361
5582137,9,157895.02469,9628063.35851182,1856121.0858047144,16713.488895623374,11484184.444316534,Bore Ltd,0.13168160741259974,57.655690303606214
0177302,9,216435.01052,9590006.40655431,1827067.2024847607,7649.247776017877,11417073.60903907,ZIM Integrated Shipping Services,0.1309120915007831,57.786602395106996
1866320,25,196785.1361,9572059.560951704,1844092.4344095762,2765.845523769441,11416151.99536128,LSC,0.13090152396147778,57.91750391906847
0119331,17,131064.75082,10060873.652957719,1346978.435233736,1111.132640172475,11407852.088191455,Rederiet Stenersen AS,0.13080635437213536,58.048310273440606
5851601,19,171780.14332,9648116.136907225,1705618.7593425747,13372.511779813576,11353734.8962498,CONTSHIPS MANAGEMENT INC.,0.13018582804237408,58.17849610148298
1285711,14,136393.69366,9471847.354274662,1854658.1941871156,1900.3035505052758,11326505.548461778,Langh Ship Oy Ab,0.1298736069784484,58.30836970846143
1898909,32,184029.48371,9371482.973344935,1786158.1759823074,15842.983329903254,11157641.149327243,Columbia Shipmanagement (Singapore) Pte. Ltd.,0.12793734971781173,58.43630705817924
1252195,57,194228.11586,9298917.318497492,1822035.6960585585,4731.732475857878,11120953.01455605,Eastern Mediterranean Maritime Limited,0.1275166709501495,58.56382372912939
0318743,17,109585.63861,9230972.225314556,1695857.690438821,10417.931509899916,10926829.915753376,TIDEWATER MARINE AS,0.125290788754492,58.68911451788388
5926452,57,200473.33738,9111361.154987814,1814229.4415863503,6402.1935391215775,10925590.596574165,"COSCO SHIPPING BULK CO., LTD",0.12527657829467165,58.814391096178554
1475280,12,222173.84823,9413321.13754055,1376590.0456575335,22723.705594565614,10789911.183198085,Shell International Trading and Shipping Company Limited,0.12372083149063952,58.93811192766919
0096934,6,197416.14901,8909532.964842403,1873776.4059602986,42813.193645884,10783309.370802702,COTUNAV,0.12364513283983192,59.061757060509024
1190552,4,119251.63664,9297700.610056574,1388439.4262189413,11847.907067678003,10686140.036275515,Allseas Engineering B.V.,0.12253095584069072,59.18428801634971
5266703,25,202572.10359,9263278.900291417,1409625.2367266142,8906.552360945945,10672904.13701803,G-Marine Service Co Ltd,0.12237918846894327,59.30666720481865
0002510,5,196181.40649999998,8794859.980236053,1854952.1594849802,37387.53875144784,10649812.139721034,Stena Line Ltd,0.12211440768828097,59.42878161250693
5718762,16,145771.45342,8999542.0987756,1508142.268169493,2696.3244571565187,10507684.366945092,Stodig Ship Management AS,0.12048472177824919,59.54926633428518
0321889,12,112095.2898,9130169.729507893,1359164.3498346207,3690.0240400017224,10489334.079342514,Utkilen AS,0.1202743110712715,59.66954064535645
6018202,15,175473.80492999998,8559791.73920245,1683861.1161618128,18534.514015084715,10243652.855364261,CONBULK SHIPMANAGEMENT CORPORATION,0.1174572456852691,59.786997891041715
5269597,3,103714.3972,8810976.06997,1204074.8245293759,3531.6384708439336,10015050.894499376,Fjord Line Danmark A/S,0.11483601700243844,59.90183390804415
5290080,9,127858.41012,8498537.714565653,1470461.3014868367,8453.10201645169,9968999.01605249,Silversea SAM,0.1143079703302817,60.016141878374434
0017463,25,175144.01794,8407198.336818743,1478325.1437613533,5818.694731332407,9885523.480580097,Wallem Shipmanagement Ltd.,0.11335081113940226,60.12949268951384
5660132,14,226054.29037,9864805.060120808,0.0,8399.846554976539,9864805.060120808,TMS Cardiff Gas Ltd.,0.1131132466068612,60.2426059361207
6118989,11,222802.78466,9805075.480404735,0.0,13690.083547588009,9805075.480404735,Flex LNG Fleet Management AS,0.11242836670918732,60.355034302829885
1262585,14,153834.87215,8535351.643511545,1249142.9520484214,8455.943892791007,9784494.595559966,Navigazione Montanari SpA,0.11219237920729082,60.46722668203718
0110077,4,134513.90490999998,8030944.790831853,1671274.543002088,2184.2015487188005,9702219.33383394,HL Crewmanagement GmbH,0.1112489827678739,60.578475664805055
5435373,29,161033.42287,8260543.966956978,1362263.3363268522,3093.538028002511,9622807.30328383,BW Fleet Management Pte Ltd,0.11033841712157656,60.68881408192663
5895088,26,192395.10362,8697997.87029865,881774.7741839578,10066.537003040348,9579772.644482609,POS SM Co Ltd,0.10984496692727895,60.79865904885391
1644159,12,114472.54961,8247958.324982636,1288534.985512515,20927.789487353915,9536493.310495151,Augusta Due Srl,0.10934871120317,60.908007760057075
0315372,4,102524.44022,8380178.849102998,1112328.7028180307,17670.39624225824,9492507.551921029,Rederi Ab Eckero,0.1088443553718624,61.01685211542894
5630408,5,123867.59295,7966321.341520049,1503131.4636273114,13525.630510174387,9469452.805147361,CLDN RORO S.A.,0.10858000171850833,61.12543211714745
5280724,11,218764.63989,9451730.376822168,0.0,5661.487822259156,9451730.376822168,Bernhard Schulte Hellas SPLLC,0.10837679026188017,61.233808907409326
6070063,4,101499.16859,7876524.618631651,1500265.570739699,0.0,9376790.18937135,SHIPLUX XIII S.A.,0.10751750030610024,61.34132640771543
6214977,9,216162.33336999998,9363123.554219946,0.0,20018.78959156978,9363123.554219946,Capital Gas Ship Management Corp,0.10736079396849445,61.448687201683924
4010396,5,216121.1518,8141747.379955444,1049363.7740066391,9694.37621536439,9191111.153962083,VIKING LINE Abp,0.10538844064460955,61.554075642328534
0792139,38,103339.35066,8069580.806067903,1058188.7643396296,8627.40040684348,9127769.570407532,ESVAGT A/S,0.1046621442690188,61.658737786597555
0518393,30,161984.97801,7511369.0056036655,1543313.0092749852,12888.468768522707,9054682.014878651,Laskaridis Shipping Co Ltd,0.1038240972278409,61.7625618838254
0228303,23,98137.81329,7945514.843307734,1069442.877775401,12080.93758516397,9014957.721083134,Rohde Nielsen A/S,0.10336860481689197,61.86593048864229
1705289,14,119058.60339,7764379.186983014,1238501.8800265437,683.3128058995742,9002881.067009559,Histria Shipmanagement Srl,0.10323012974900315,61.96916061839129
5104797,28,146548.70049,7364434.082064959,1372701.3622846405,8619.292661469404,8737135.4443496,"COSCO SHIPPING SPECIALIZED CARRIERS CO.,LTD.",0.10018299906903191,62.069343617460326
1866351,26,159453.66089,7252630.994698119,1470066.957631407,5922.525165670587,8722697.952329526,Wah Kwong Ship Management (Hong Kong) Limited,0.10001745382152843,62.169361071281855
5878204,43,122409.4648,7679189.099213279,1020980.9403596962,2555.9196770765866,8700170.039572975,Vertom Bereederungs GmbH & Co. KG,0.09975914102815445,62.26912021231001
0243132,10,125492.6152,7485312.395002873,1207432.0509176808,0.0,8692744.445920553,Lundqvist Rederierna AB,0.0996739966182153,62.36879420892822
5293699,4,136346.37602,7238420.332197042,1444191.0922212745,7566.845179620904,8682611.424418317,Visemar di Navigazione Srl,0.09955780790966305,62.46835201683788
5889963,8,107106.58562,7168058.578503295,1444367.8540513522,3622.5455755694297,8612426.432554647,Contarga Ltd.,0.09875304266145059,62.56710505949933
1644321,11,144094.10040999998,7096499.907304516,1438592.3432731782,8324.800855159905,8535092.250577694,Eurobulk Ltd,0.09786630234131374,62.66497136184065
5638037,23,159376.55021,7213474.667975814,1318757.3628955667,3955.2277641370947,8532232.03087138,Berge Bulk Maritime Pte. Ltd,0.09783350607874004,62.76280486791939
1844851,9,118776.5725,7206233.170821676,1308433.0245707834,261.06181738153623,8514666.19539246,STARGATE SHIPMANAGEMENT GmbH,0.09763209016952812,62.86043695808892
0343225,5,171246.38491999998,8080152.2190859085,337127.2453153162,32049.932261278107,8417279.464401225,"Empresa Naviera Elcano, S.A.",0.09651542042778334,62.956952378516704
5816638,9,153404.13539,7457530.288515313,939184.848475977,2172.836133524634,8396715.13699129,Thenamaris LNG Inc,0.09627962277912755,63.05323200129583
5200153,14,103162.12408000001,6994763.200486507,1269789.7339500494,4747.111492206774,8264552.934436557,Christiania Ship Management,0.09476420552368547,63.14799620681952
5801251,4,123979.75940000001,7493254.4841512265,729477.2734653536,3827.1796445344835,8222731.75761658,AdMare Ship Management AB,0.09428466953101283,63.242280876350534
1765640,14,121724.73038000001,6809649.2313290285,1383166.0131371429,15185.88014488817,8192815.244466172,Cosmoship Management S.A.,0.09394163650512168,63.336222512855656
1762194,3,129632.95478,6786503.373303328,1310636.0160020005,2175.449348115785,8097139.389305328,Fred. Olsen Cruise Lines Limited,0.09284458425389368,63.42906709710955
1038966,9,157730.94157,7730553.865211179,347308.8111142899,49231.830815975336,8077862.676325468,HYPROC SHIPPING COMPANY SPA,0.0926235508350099,63.52169064794456
1420931,9,131942.53637,6706800.898497667,1364365.5364975946,2027.1248022030884,8071166.434995262,ATLANTIC CONTAINER LINE AB,0.09254676942956837,63.61423741737413
1025259,12,180427.21305000002,7912862.398694787,87913.9471893415,826.0163635854823,8000776.3458841285,SK shipping Co Ltd,0.09173965246579849,63.705977069839925
1694116,5,149102.81962,6579981.679797189,1394577.302966829,14686.868249351055,7974558.982764019,Stena Line BV,0.09143903516602285,63.79741610500595
0280765,20,148624.9912,6604930.93843161,1357596.3235496278,10982.124196653085,7962527.261981238,Seatrade Groningen B.V.,0.09130107531869558,63.88871718032465
5204289,14,95073.13397,6865578.546123311,1095488.209310958,6496.702073610244,7961066.755434269,Myklebusthaug Management AS,0.09128432864846626,63.98000150897311
5255071,16,146990.30526,6551398.061644797,1361653.949040152,3365.3556331484115,7913052.010684949,Associated Maritime Company (Hong Kong) Limited,0.09073377507639914,64.0707352840495
5794448,6,89020.10533,6668499.801694745,1135959.4938653568,2358.843999098478,7804459.295560102,OSM Ship management Finland Oy,0.08948861366765713,64.16022389771716
5729824,13,97918.26379,6624844.514234699,1121973.8808235761,9024.684102991798,7746818.395058275,YMN Tanker Deniz Isletmeciligi,0.08882768328399834,64.24905158100115
0985136,4,125982.58639,6375224.609544494,1365190.398478255,2280.5219574821353,7740415.008022749,COSIARMA S.P.A.,0.08875425984659088,64.33780584084775
5096748,19,104554.93433,6595376.068111488,1107925.6086564604,2668.7629919333854,7703301.676767948,BW Epic Kosan Maritime Pte. Ltd.,0.08832870562985352,64.4261345464776
5202526,3,100101.34719,6333946.743089008,1362444.5493872806,4193.047922120761,7696391.292476289,MALTA MOTORWAYS OF THE SEA LIMITED,0.08824946878758783,64.5143840152652
0098136,13,133263.97874,6466738.534238827,1209355.3730886292,6005.547017373092,7676093.907327456,General National Maritime Transport Company,0.08801673199067983,64.60240074725587
0405526,10,83229.91058,6776521.584223375,887344.8491862986,954.3494916938488,7663866.433409673,Terntank Rederi A/S,0.08787652757060138,64.69027727482647
6296912,20,91556.1376,6763982.896448314,892808.9671449647,4942.29987561456,7656791.863593278,Longship Management B.V.,0.08779540812065763,64.77807268294713
0979251,26,138906.2465,6417313.245126541,1053696.0104756854,3072.1047968898883,7471009.255602226,"MMS CO., LTD.",0.08566516086033311,64.86373784380746
0036202,18,88394.79291,6369295.347607791,1086377.5969723675,5866.853387432768,7455672.944580159,Arklow Shipping ULC,0.08548930944511444,64.94922715325256
0284944,16,100000.77922,6378772.768560598,1023412.2098873958,7038.540016103437,7402184.978447993,Sloman Neptun Schiffahrts-AG,0.08487599803482966,65.0341031512874
1882951,32,135544.4021,6278080.184829102,1122489.238561195,9278.957389499172,7400569.423390297,STEALTH MARITIME CORP. S.A.,0.08485747352506648,65.11896062481246
6089430,20,133483.24167,6104847.358607014,1284101.8888908916,7084.601137178246,7388949.247497905,"Dalian Dongrong Ship Management Co.,Ltd.",0.0847242325929527,65.2036848574054
5630629,7,130832.25708,6248370.7116804775,1117922.9675181403,7899.5844499506875,7366293.679198618,Ibaizabal Tankers SL,0.08446445605723427,65.28814931346264
5575869,21,104587.86733,6223158.428823576,1056268.0497236596,2725.5246884598255,7279426.478547236,ForestWave Navigation BV,0.08346840686726607,65.37161772032991
6100545,23,128525.62484,6226799.069007286,961516.4702926363,5596.6520693390075,7188315.539299922,SEACON SHIPS MANAGEMENT PTE. LTD.,0.0824236975114445,65.45404141784135
6376154,13,281845.60092,6562167.909888307,612000.9839737642,4158.218098441897,7174168.8938620705,CMA SHIPS GERMANY GMBH,0.08226148721085375,65.53630290505221
5160571,25,126284.97918,5918627.611684922,1205590.361420822,2916.148770409731,7124217.973105744,SAGA SHIPHOLDING (NORWAY) AS,0.08168873277898045,65.6179916378312
1652600,22,106654.80278,6197802.434004182,918853.175876326,5941.805919797373,7116655.609880508,BESIKTAS LIKID TASIMACILIK DENIZCILIK TICARET A.S.,0.08160202012209433,65.69959365795329
0731472,9,81996.3595,6031474.400765327,1079259.216093641,12759.93056577905,7110733.616858968,MARNAVI SPA,0.08153411651396754,65.78112777446725
1039244,12,155163.65984,6794765.3269964205,251973.1962385232,2578.691964670795,7046738.523234944,Northern Marine Management Ltd,0.08080032676722573,65.86192810123448
0080148,3,184375.15445,5847073.212834039,1197838.3115483301,17331.389978631993,7044911.524382369,MINOAN LINES SHIPPING S.A.,0.08077937777021034,65.9427074790047
1224793,11,135069.21962,6113178.510913244,927995.430762474,4219.2847228153705,7041173.941675719,Western Shipping Pte Ltd,0.0807365213618136,66.02344400036651
6139857,3,75206.31948,5717079.1027365755,1250018.589988002,527.7489473872505,6967097.692724578,SCA Shipping AB,0.07988713762191647,66.10333113798842
1082544,11,118553.35276,5792322.010077893,1173007.5045082388,3780.401338274238,6965329.514586132,ENESEL S.A.,0.07986686308343344,66.18319800107186
1314037,22,115595.95701,5811844.793904659,1130116.4205420276,3162.0202441545425,6941961.214446687,MTM Ship Management Pte Ltd,0.07959891411937924,66.26279691519123
5807440,10,148631.75222,6647170.822265308,240667.1264257899,4084.1880932235404,6887837.948691098,"H-LINE SHIPPING CO., LTD.",0.07897831814517903,66.3417752333364
5634096,4,111381.67374,5740412.538838029,1146358.736733269,787.988676893906,6886771.275571298,Adria Ferries SpA,0.07896608730443626,66.42074132064084
6134547,4,89364.34677999999,5555825.333440072,1212196.4599319745,10297.05182969314,6768021.793372046,Virgin Cruises Intermediate Limited,0.07760446491224714,66.49834578555308
5103459,15,93029.61099,5669885.076834262,1000262.6132615253,6645.33522172602,6670147.690095788,d'Amico Tankers D.A.C.,0.07648220679231049,66.57482799234539
5385561,6,79676.54537,5511124.143952076,1002270.6608919804,415.8760545029213,6513394.804844057,Danz Shipping GmbH & Co. KG,0.074684824314121,66.64951281665951
5659188,28,119200.96591,5422858.957962971,1075677.4912990464,2529.120353178179,6498536.449262017,Union Marine Mgmt Serv Pte Ltd,0.07451445330031171,66.72402726995982
5533765,10,107921.38004,5441042.387485106,1041793.8525011373,8549.504200886127,6482836.239986243,Vineta Bereederungsgesellschaft mbH,0.07433442930259795,66.79836169926241
6355391,4,118784.19559999999,5282136.458982109,1147882.6708755814,2675.9030955741723,6430019.129857691,Enesel Dry SA,0.07372881015790911,66.87209050942032
5865512,14,103616.40852,5555886.838598738,862150.6967478958,2041.1903147404091,6418037.535346635,Hartmann Gas Carriers Germany GmbH & Co. KG,0.07359142507564818,66.94568193449597
5463708,12,107670.87109,5316316.020326105,1083003.3706099787,8270.613843959058,6399319.390936084,YASA TANKER ISLETMECILIGI A.S.,0.07337679639603112,67.019058730892
0098048,10,139552.97587,6217415.81131571,125483.89079491029,7954.53799868222,6342899.70211062,Gazocean SA,0.07272986884533923,67.09178859973734
6437222,5,145052.33557,6296140.801127702,0.0,3144.0798852991106,6296140.801127702,Venture Global Ship Management Ltd.,0.07219371520969081,67.16398231494703
5596493,13,80284.652,5502034.329192216,721497.8246934004,17450.34256002485,6223532.153885616,Subsea 7 Int'l Contracting Ltd,0.07136115949559096,67.23534347444263
6136013,5,95403.8621,5161149.714721143,1045476.7583427987,1550.6086390099636,6206626.473063942,Dioryx Maritime Services Corporation,0.0711673131466581,67.30651078758929
1242256,11,113571.07602000001,5118501.774513839,1077089.345639066,3544.127182577341,6195591.120152905,Solvang ASA,0.07104077799592654,67.37755156558522
5974271,6,117927.4163,5843596.444250038,330289.77937057865,3982.8834736408594,6173886.223620617,Lauterjung Shipmanagement GmbH & Co. KG,0.07079190218955525,67.44834346777478
0540689,8,110988.55703,5169041.210231286,1004459.460475861,1763.6201029772583,6173500.670707147,Valles Steamship (Canada) Ltd,0.07078748130728585,67.51913094908207
2083081,4,61745.416,5096925.303042589,1044945.7690707115,3325.657585208168,6141871.0721133,Scandlines Deutschland GmbH,0.070424805454695,67.58955575453676
0603081,19,102253.86776,5142027.134949113,991851.8094901385,11700.90136613873,6133878.944439252,Chinese-Polish Joint Stock Shipping Company,0.07033316497087412,67.65988891950764
0101856,34,109236.11145,5061021.565150916,942533.7993186829,113.31342444635052,6003555.364469599,Navigation Maritime Bulgare,0.06883882999416087,67.7287277495018
1112028,14,79466.97175,4888917.96320956,1107826.987941991,3133.1089492923875,5996744.951151552,Furetank Rederi AB,0.06876073945345135,67.79748848895525
6074503,6,137755.11103,5990210.979076447,0.0,887.8232165100334,5990210.979076447,ALPHA GAS S.A.,0.06868581868308139,67.86617430763833
0519171,18,108518.07211,4984078.456193311,990355.1063417748,6440.867801568753,5974433.562535086,Golden Union Shipping Co SA,0.06850490940031445,67.93467921703865
1042552,3,102748.60288,4995598.368673499,917830.5739671476,4224.485088934255,5913428.942640646,Smyril Line,0.06780540945356203,68.0024846264922
5135600,11,101518.75884,4904365.043531387,965422.6561468733,5881.822328231231,5869787.699678261,Oman Ship Management Company LLC,0.06730500395671242,68.06978963044892
1681296,21,105417.23551,4949126.976988208,904816.7037630965,6132.832329040311,5853943.680751304,"Cido Shipping Korea Co., Ltd.",0.06712333098809253,68.13691296143702
5062675,8,132626.56941,5443866.847807766,404318.1459230315,9789.776583307845,5848184.993730797,United European Car Carriers Unipessoal Lda,0.06705729990272263,68.20397026133975
6207710,2,88293.7484,5101991.287346326,705893.8653408332,3906.415639980997,5807885.152687159,WAKE ASSET CO LTD,0.06659520806913798,68.27056546940888
5575771,17,100425.51659,4805427.888457735,982353.6189611227,6577.958883804208,5787781.507418858,WILHELMSEN LINES SHIPOWNING MALTA LIMITED,0.06636469276031318,68.3369301621692
0023334,17,104069.39156999999,4856902.976010158,927933.0641138605,5545.830673214283,5784836.040124018,Enterprises Shipping & Trading,0.06633091901957901,68.40326108118877
1366389,5,99549.29506,4791402.639398797,961470.5832569483,5333.79026242802,5752873.222655745,Gungen Denizcilik ve Ticaret A.S.,0.0659644223648043,68.46922550355357
0099854,8,100066.61461,4870561.92879355,878948.6767652582,667.948372953537,5749510.605558808,Tankerska Plovidba dd,0.06592586544101187,68.53515136899459
5571441,22,108367.07415,4888538.409827451,792607.5779704968,7458.668072318583,5681145.987797948,Gearbulk Norway AS,0.0651419732281562,68.60029334222274
1570456,10,99073.40827,4802531.95359829,860152.5533795144,3849.3086428611414,5662684.506977804,World Tankers Management Pte,0.06493028754151463,68.66522362976426
1249412,3,110505.18570999999,4957064.683348175,700671.0369276567,10767.665206216854,5657735.720275832,Entreprise Nationale de Transport Maritime de Voyageurs,0.06487354305166275,68.73009717281592
6393581,14,73063.48078,4937951.231057908,707843.8985282178,14757.356839660448,5645795.129586127,Aurora Offshore Management AS,0.06473662813331567,68.79483380094923
5507300,22,98735.09487,4653106.879048268,951301.4869698936,1317.0597146373084,5604408.366018162,"TIAN JIN COSBULK SHIP MANAGEMENT CO.,LTD",0.06426207327235364,68.8590958742216
5780435,2,62266.66996,4664440.847971962,928973.5613045521,2216.7289492178716,5593414.409276514,Optimum Shipmanagement Services SA,0.06413601278433342,68.92323188700593
5810951,4,128618.84976,5580878.265111492,0.0,1321.6819240054688,5580878.265111492,Hyundai LNG Shipping Co Ltd,0.06399226904507094,68.987224156051
0204339,8,61040.48586,5021755.023066866,541603.6084107269,1969.675104202636,5563358.631477593,ESL Shipping Oy,0.06379138290209947,69.0510155389531
2057932,4,73972.65169999999,4554239.466294786,1005015.9831175983,1471.4321757038083,5559255.449412384,Carnival Corp,0.06374433440575451,69.11475987335885
1839047,7,273928.77966,4772725.36078146,770707.2534691382,13547.440548709745,5543432.6142505985,HELLENIC SEAWAYS SINGLE MEMBER MARITIME SA,0.06356290433746963,69.17832277769632
0783281,17,93812.4515,4598231.5131459795,917078.86730575,3639.440420962328,5515310.3804517295,Grieg Star AS,0.06324044513554514,69.24156322283187
6083206,8,126499.77519,5486445.497651371,0.0,190.96140186651368,5486445.497651371,Celsius Tech Limited,0.06290947046482669,69.3044726932967
5708001,12,102046.36661,4517109.431178998,958786.0591764898,5600.86603105607,5475895.490355488,BRIGHT STAR SHIP MANAGEMENT INC.,0.06278850045379347,69.3672611937505
0208451,17,98879.81835999999,4527556.188316363,923970.7717224462,753.5118044224507,5451526.960038809,"FUKUJIN KISEN CO., LTD.",0.06250908250662082,69.42977027625712
5526953,1,52887.44236,4493011.571878026,954840.3151420463,0.0,5447851.887020073,Cartour S.R.L.,0.06246694285579822,69.49223721911291
0102678,3,89415.86912,4482146.117850573,939248.1963469957,0.0,5421394.314197568,Polish Ocean Lines,0.062163571228984305,69.55440079034189
1641287,5,101081.60594000001,4408292.292768562,951221.7288569326,0.0,5359514.021625495,Ulusoy Ro/Ro Isletmeleri,0.06145403051823011,69.61585482086012
5439331,6,89429.33483,4461695.818254808,894045.7117057781,2313.748085408502,5355741.529960586,Central Mare Inc,0.06141077383171533,69.67726559469183
1828759,5,151726.6679,4669050.502363724,681137.8766175538,18389.898366159883,5350188.378981277,V.Ships Leisure SAM,0.06134709949326267,69.7386126941851
5713201,3,55777.15444,4727286.197741862,619904.9518127566,9392.825066130124,5347191.149554619,Seaway 7 Offshore Contractors B.V.,0.061312732230127835,69.79992542641521
5268846,6,121336.65776,5337995.118198321,0.0,17108.41534409982,5337995.118198321,NYK LNG Shipmanagement (UK) Ltd.,0.06120728737275155,69.86113271378797
0057027,2,75527.17046,4476846.225685345,859227.7552185494,674.5626049030764,5336073.980903895,Alvina Shipping A/S,0.06118525895199455,69.92231797273996
5713378,17,95347.25132,4598762.1941447435,727444.0236790037,2413.6158908387524,5326206.217823748,"Seacon Ships Management Co., Limited",0.06107211178771302,69.98339008452767
1313802,5,88462.37448,4437698.913455686,875411.664749551,1818.5485127082184,5313110.578205236,V.Ships Norway AS,0.06092195268121111,70.04431203720888
6204644,6,63638.652,4556357.765024344,720360.3850569414,5087.564707290579,5276718.150081286,Navalmed Ship Management Srl,0.06050466458763814,70.10481670179652
0215775,3,74942.77177,4347891.663039923,870072.537058386,3240.956777310317,5217964.200098309,Eimskip Island ehf,0.05983097159593189,70.16464767339245
1834165,11,90783.02191000001,4329636.260299714,866779.5185486901,1300.477543176674,5196415.778848404,EXECUTIVE SHIP MANAGEMENT PTE LTD,0.05958388998894886,70.2242315633814
1255019,2,53721.14664,4563838.293629185,598468.9092258192,7873.851218840786,5162307.202855004,Virtu Ferries Ltd.,0.059192789329155074,70.28342435271055
1754044,18,105433.82597,4358370.466609444,798889.9218483036,2784.5372601213176,5157260.388457747,Latsco Marine Management Inc.,0.05913492082004446,70.3425592735306
5721483,23,121735.81853,4457577.335201127,693567.5127314245,6355.517921818107,5151144.847932552,Favoriet Shipmanagement BV,0.059064797929693894,70.40162407146029
6453307,12,104805.73956,4297513.983562022,837760.5049152403,1315.0920625209333,5135274.488477263,Doehle Shipmanagement Pte. Ltd.,0.05888282293151956,70.46050689439181
0095763,11,88060.84518,4169094.025950943,961586.2914112103,3428.7760623618956,5130680.317362154,Arab Maritime Petroleum Transport Company,0.0588301445859131,70.51933703897772
1966015,6,118055.37325,5122981.690213773,0.0,2284.9727967911535,5122981.690213773,"MOL LNG TRANSPORT CO., LTD.",0.05874186948003295,70.57807890845775
5479796,2,66858.77588,5061180.493264365,0.0,11525.648141301484,5061180.493264365,Hoegh Evi Fleet Management AS,0.058033235706883464,70.63611214416464
1248931,7,82504.37228,4249273.21288586,781046.3379663264,4222.875493952259,5030319.550852187,Chandris Hellas Inc,0.057679373530356466,70.693791517695
1038263,21,81750.81145,4258363.440523247,733962.5281710265,7725.096092490045,4992325.968694273,Norbulk Shipping UK Ltd,0.05724372605410989,70.75103524374912
5395377,1,86585.75674,4080662.9702387955,899872.798281068,3250.602010932979,4980535.7685198635,"Kommanditgesellschaft MS ""CPO VENEZIA"" Offen Reederei GmbH & Co.",0.057108535565119536,70.80814377931424
3018898,4,94512.15692000001,4277123.559702918,666708.2009561463,12178.04290114217,4943831.760659064,SALAMIS LINES LTD,0.05668767479115428,70.86483145410538
5362492,9,84064.05099,4127040.37876581,813980.902342564,4086.6766388934334,4941021.281108374,WALL RO/RO AB,0.05665544886630698,70.9214869029717
0415893,12,115715.26905999999,4564607.583856164,368100.11868217034,4172.314876025962,4932707.702538334,Yang Ming Marine Transport Corporation,0.056560122515989124,70.97804702548768
0414780,13,90902.4933,4062284.7134970254,838408.2307949371,7380.309116815767,4900692.944291962,Westfal-Larsen Management AS,0.05619303029039409,71.03424005577807
5730451,7,85040.43444,4091850.113627707,784680.6987696842,5483.897918578405,4876530.812397392,IONIC TANKERS (MGT) INC.,0.055915978978494714,71.09015603475656
3000936,7,88885.91709999999,3968526.3305027396,829978.1493887169,7150.426800877107,4798504.479891457,ATLANSHIP S.A.,0.055021302222412444,71.14517733697897
5431251,6,87073.80795,4795098.497279098,0.0,1142.6561971977826,4795098.497279098,Nordic Hamburg Shipmanagemt GmbH & Co. KGschaft mbH & Co.KG,0.05498224805470995,71.20015958503369
0081092,23,84852.52008,4038962.7479148176,753037.3708249393,6891.6307807251715,4792000.118739757,NAVARONE S.A.,0.0549467209810713,71.25510630601475
5912498,9,81865.43914,3960914.9902342292,821019.7103915192,1814.2651720267932,4781934.700625748,"COSCO SHIPPING Energy Transportation Co., Ltd.",0.054831307436212354,71.30993761345097
1135348,3,86921.35877,4003643.636953776,761527.6182381802,813.994690296103,4765171.255191956,BERNHARD SCHULTE SHIPMANAGEMENT (HONG KONG) LIMITED PARTNERSHIP,0.05463909200714131,71.3645767054581
5797164,8,142645.37279,3967389.436554718,782994.2528914037,15743.29448282288,4750383.689446121,Wilhelmsen Ahrenkiel Ship Management GmbH & Co. KG,0.05446953269393343,71.41904623815203
0798451,21,86028.83341,3972992.602554395,770989.7725878722,3692.9720250038386,4743982.375142267,GOLDENPORT SHIPMANAGEMENT LTD.,0.05439613302317997,71.47344237117521
5459008,6,84762.35889,3902368.0667577037,779714.4466256076,7460.181999879019,4682082.513383311,ALMI TANKERS SA,0.05368636792540057,71.5271287391006
5130609,1,89225.7712,3870517.7191441907,804870.2507354005,8517.557192660994,4675387.969879591,LUSTER MARITIME/HIGAKI SANGYO,0.0536096059878213,71.58073834508842
0081371,12,83548.17607,3853547.93121551,797725.9563827469,5341.437511747417,4651273.887598257,Neda Maritime Agency Co Ltd,0.05333310562930805,71.63407145071773
1983906,7,83742.01595,3888570.291976918,753438.1455119005,138.9227814460691,4642008.437488819,Bernhard Schulte Shipmanagement (Singapore) Pte. Ltd.,0.05322686479264021,71.68729831551036
6050715,14,83037.73181,3926937.479767487,698776.5601350495,795.7039560538376,4625714.039902536,ADNOC Logistics & Services,0.053040027627460094,71.74033834313782
6253841,16,81382.95960999999,3864623.904357206,760334.5417359867,1179.6130586807797,4624958.446093192,Laskaridis Maritime SA,0.05303136372904851,71.79336970686687
5385336,7,52214.10132,4079494.4265948413,511811.6355446787,0.0,4591306.06213952,Sirius Shipping AB,0.05264549392403345,71.8460152007909
1135541,3,75250.95952,3865801.470989229,708027.5777050467,2885.6100558748662,4573829.048694276,Tai Chong Cheang Steamship Co. (H.K.) Ltd.,0.05244509647879907,71.89846029726971
0619997,11,76732.66762000001,3840583.251531196,720770.4232245295,616.4502184345675,4561353.674755725,Polembros Shipping Ltd,0.05230204955184775,71.95076234682155
5519881,4,82428.99205,3858921.361455608,701981.2866149254,9372.149320047396,4560902.648070534,SHIPLUX III S.A.,0.05229687792480014,72.00305922474635
5074871,8,82156.91614,3822706.89414684,735274.2185640994,12125.264118275287,4557981.11271094,"American Roll-On Roll-Off Carrier, LLC",0.05226337859586394,72.05532260334222
5206197,12,49711.53,4024523.6706923353,532170.7763633655,8116.997195176856,4556694.447055701,PHOENIX OFFSHORE SRL,0.05224862524507043,72.10757122858729
5592399,11,183911.53702,3777861.3198589007,776687.7461780121,6602.621676838402,4554549.066036913,CLdN RoRo Ltd,0.05222402556866883,72.15979525415595
5549377,5,103966.19234000001,4550423.908763237,0.0,1947.765966875868,4550423.908763237,Cool Company Management AS,0.052176725097027914,72.21197197925298
6409613,12,81967.71159,3756906.5060147247,791457.1250531414,195.65179036137314,4548363.631067866,BLUEOCEAN SHIPMANAGEMENT INTERNATIONAL INC.,0.05215310124459345,72.26412508049758
5312062,17,52446.6558,4014179.3148272447,526391.6251448208,5948.359818557019,4540570.939972065,Fugro Marine Service B.V.,0.052063747569150456,72.31618882806673
0020825,11,79551.37763,3871217.086098505,634981.4175551145,4888.076638714859,4506198.503653619,Wilhelmsen Ship Management Sdn. Bhd.,0.05166962139614736,72.36785844946287
1704776,11,49037.43171,3882165.7544868756,617886.0196546556,4137.008232935854,4500051.774141531,Olympic Shipping AS,0.05159914088214945,72.41945759034502
0533571,18,81396.17038,3733122.7496630605,750155.2852003411,3397.328010215446,4483278.034863401,AM Nomikos Transworld Maritime,0.05140680742031993,72.47086439776534
1796721,9,68416.43406,3914063.598307614,557332.5621983069,8493.28777483534,4471396.160505921,Sea World Management SAM,0.051270565763626416,72.52213496352897
5873999,18,83913.20584,3691229.1197045194,774335.5359939473,674.7223755482386,4465564.655698467,SAFE BULKERS MANAGEMENT LTD.,0.051203699724474645,72.57333866325344
5873203,5,78742.79656,3699379.9864055356,738047.201496423,3265.4825725024634,4437427.187901959,LIQUIMAR TANKERS MANAGEMENT SERVICES INC.,0.05088106584429536,72.62421972909773
1687370,15,81091.80597,3670125.9638926745,766710.3637951253,994.6568317716471,4436836.3276878,OWH Shipmanagement GmbH,0.05087429083792605,72.67509401993566
1671312,7,79142.27026,3687906.6262911516,718683.408663402,456.0928898644086,4406590.0349545535,ARCADIA SHIPMANAGEMENT CO. LTD.,0.05052747644595092,72.7256214963816
0100261,5,78088.43344,3697379.593094025,699060.3666521533,3052.452560957231,4396439.959746178,Kuwait Oil Tanker Company S.A.K.,0.050411092193740556,72.77603258857535
5918881,5,71889.06056,3615174.371114344,773302.3861961749,555.7071342340503,4388476.757310519,Yara LPG Shipping AS,0.05031978337664833,72.826352371952
0165517,19,106406.26857,3663889.764895408,720616.2365468313,3048.7733073964855,4384506.00144224,Anglo Ardmore Ship Management Pte. Ltd.,0.05027425332460908,72.8766266252766
6090273,8,69027.89832000001,3693837.80649422,690524.2767135599,2034.5327239339645,4384362.0832077805,Optra Shipping Ltd,0.05027260310864978,72.92689922838525
1027944,22,80636.65139,3643224.469947369,738968.5329805376,2094.6901571205353,4382193.002927907,"SANTOKU SENPAKU CO., LTD.",0.05024773168837212,72.97714696007363
5946747,9,47978.23884,3873925.864255145,508001.01595497265,4561.204251689345,4381926.880210117,REM MARITIME AS,0.050244680233789744,73.02739164030741
0758614,9,79843.63552,3882960.479158801,488877.992080716,3210.661895084522,4371838.471239517,V.Ships UK,0.05012900306786423,73.07752064337528
5074911,16,85553.44525,3715595.8982015345,632644.8978064677,2894.5370377769586,4348240.796008002,Eukor Car Carriers Inc.,0.04985842401013896,73.12737906738542
0322649,8,290749.76613999996,3696226.781273162,639600.5615412676,24173.486772163917,4335827.34281443,"NAVIERA ARMAS, S.A.",0.04971608708773959,73.17709515447316
0336577,6,131694.69006,3731752.4643752268,574997.217921567,14402.628862448844,4306749.682296794,"COMPANIA TRASMEDITERRANEA, SA",0.049382672634556105,73.22647782710771
5968689,4,50809.17329,4296426.335028686,0.0,0.0,4296426.335028686,Havila Kystruten Operations AS,0.04926430158533321,73.27574212869305
6154519,11,79000.13681,3533552.307206771,748319.8249779129,3148.060943452863,4281872.132184684,NAVIOS CORPORATION MANAGEMENT,0.049097418091394236,73.32483954678445
0030821,11,69133.06394,3615460.8843300557,664577.5420509112,2276.8135883306704,4280038.426380967,Reederei Nord GmbH,0.04907639219017103,73.37391593897462
5741985,9,45747.27,3761859.83082371,493302.0049325356,1037.8668516512819,4255161.835756246,Norwest Ship Management AS,0.04879114864882146,73.42270708762344
5125930,4,80944.99646,3518946.607566825,725854.4051730802,0.0,4244801.012739905,Ventura Trading Ltd.,0.048672347889784154,73.47137943551321
0605971,8,78529.76638999999,3512605.518988081,721734.6299141072,1090.2261928609582,4234340.148902188,"SHUNZAN KAIUN CO., LTD.",0.048552400028292204,73.51993183554151
6280758,2,55351.97375999999,3594509.9393012137,637538.6636427632,2204.7594896861087,4232048.602943977,COSCO SHIPHOLDINGS(UK) LIMITED,0.048526124374439705,73.56845795991595
1828918,17,70016.58269,3504581.933253208,692930.6139743252,1878.7786425010586,4197512.5472275335,Unix Line Pte Ltd,0.04813012208516238,73.61658808200112
5870230,6,46366.650200000004,3690908.2722394154,489921.5805544267,2312.90424392603,4180829.852793842,Alba Tankers ApS,0.04793883257482289,73.66452691457594
0018387,6,91240.62222,4180540.822578751,0.0,18341.49175076561,4180540.822578751,BP Shipping Ltd,0.04793551845500023,73.71246243303095
6304502,1,77566.08634,3428205.1903159125,744765.0819608966,8803.405224157073,4172970.272276809,Tailwind Shipping Lines GmbH & Co. KG,0.04784871192227766,73.76031114495322
0202571,1,77043.58144,3537858.8194431295,634014.2964400447,12646.789693975668,4171873.1158831744,MV Cruises II VesselCo Ltd,0.04783613154983612,73.80814727650305
0269298,13,50941.06076,3722136.297034285,436170.90131366206,403.58843893936756,4158307.198347947,Pot Scheepvaart,0.04768058007504684,73.8558278565781
5032985,7,52235.46503,3485366.384676329,656195.1367472186,1383.981149081891,4141561.5214235475,Drevin Bereederungs-GmbH & Co. KG,0.0474885683858138,73.90331642496392
1703013,18,70473.84096,3471285.556865351,666937.9638951167,1718.157280223325,4138223.5207604673,"VICTORIA SHIP MANAGEMENT, INC.",0.04745029372251577,73.95076671868644
5361110,9,63964.07176,3564526.1413193103,573409.6541849423,0.0,4137935.7955042524,Iver Ships BV,0.04744699456580026,73.99821371325224
1670861,14,73488.83968,3448564.0018589417,662174.7687384601,4088.187073448966,4110738.770597402,Marine Trust Ltd.,0.047135144127143556,74.04534885737938
6175466,1,56041.15657,3407022.847822882,700903.8339307925,0.0,4107926.6817536745,MARELLA CRUISES LIMITED,0.04710289974958897,74.09245175712897
6012512,6,57548.28894,3423198.1888799476,681219.2031568224,3359.4354611352055,4104417.39203677,TB Marine Cont Shipmanagement GmbH & Co. KG,0.04706266102710597,74.13951441815608
1755263,10,79764.45324999999,3536307.3718224955,537879.3087106522,4262.098326192315,4074186.6805331474,"KLCSM CO., LTD.",0.04671602529486695,74.18623044345095
5789249,26,76104.88334,3451203.573756564,621203.0843969153,2423.1381491600737,4072406.658153479,Blumenthal Asia Pte Ltd,0.046695614946241706,74.2329260583972
1649150,5,73315.02322,3386471.1545119314,678033.9252839946,2158.397666598172,4064505.079795926,Aegean Shipping Management S.A.,0.046605012732017066,74.27953107112921
1993624,3,78185.7799,3382333.2959485175,680420.6312097152,412.0125844109512,4062753.927158233,Deomar Schiffahrts-Gesellschaft mbH & Co KG,0.04658493341377951,74.326116004543
5860128,12,63689.14269,3409652.475828653,624416.1173169061,2356.8494488451415,4034068.5931455595,MEDLOG SHIPPING S.A.,0.04625601751119441,74.3723720220542
6271658,3,43740.52772,3008341.8872354706,1024189.967502964,6437.4609841998345,4032531.854738435,Cruise Yacht OpCo Ltd,0.04623839674024597,74.41861041879444
0519241,14,66687.11172,3491386.5297916974,538195.3802194102,5936.69898576003,4029581.9100111076,Naftomar Shipping & Trading Co Ltd,0.046204571659731436,74.46481499045417
5686871,5,64372.30155,3313527.061731333,708158.4087424374,2902.8314192632197,4021685.47047377,Visser Shipping BV,0.04611402836898626,74.51092901882316
1579137,3,84917.08142,3328404.510392504,685931.6005358412,12249.732485553961,4014336.110928345,"FLOTA SUARDIAZ, S.L.",0.04602975808552929,74.55695877690869
1989009,9,83592.63212,3371475.7953354595,640010.2414246004,1027.6735509447294,4011486.03676006,Transpetrol TM AS,0.04599707815518294,74.60295585506387
1973825,12,66592.76180000001,3398259.813731089,606974.7544959194,0.0,4005234.568227008,Baffin Investments Limited,0.04592539666755854,74.64888125173142
4000219,9,54242.54301,3494308.544748187,506647.9732992767,5033.880387117828,4000956.5180474636,PONANT,0.045876343073290214,74.69475759480471
1581495,11,64614.24444,3306422.8489031456,635807.017212701,2796.475482652153,3942229.8661158467,"NEW SHIPPING KAISHA, LTD.",0.04520296309042668,74.73996055789515
6142913,5,65973.39891999999,3355275.752138852,585673.7981498762,775.7387294288097,3940949.5502887284,ANDRIAKI SHIPPING Co. Ltd.,0.045188282548945635,74.7851488404441
1983923,20,67682.98667,3289758.56570682,631609.6917647343,423.4925132748155,3921368.2574715544,YA-SA GEMI ISLETMECILIGI VE TICARET A.S.,0.044963756712924394,74.83011259715701
0294702,8,48469.2995,3365917.4902629983,538607.8042532947,1381.5144348124873,3904525.294516293,Christiania Shipping A/S,0.044770629508611916,74.87488322666562
1826240,3,50580.603500000005,3282454.639941608,587876.7063070589,2257.347251272557,3870331.3462486668,CMA CGM ASIA SHIPPING PTE LTD,0.04437854994096855,74.91926177660659
5938968,16,67468.95739,3227141.4352636114,635850.4518780385,1964.8477889601124,3862991.8871416496,Tomini Transports L.L.C,0.0442943931793424,74.96355616978593
6122059,2,45289.19416,3075102.158695706,741801.7187980743,13542.211239668206,3816903.8774937806,AET SEA SHUTTLE II AS,0.0437659322144123,75.00732210200034
4038071,2,36696.8492,3117637.279694319,666326.0935730722,0.0,3783963.3732673908,Scandlines Danmark ApS,0.0433882250671138,75.05071032706746
5184254,11,65117.05571,3176705.568939011,592884.4734722242,371.81111877917846,3769590.042411235,Ishima Pte. Ltd.,0.04322341551357617,75.09393374258104
1426198,8,64200.055,3143458.4787438666,610943.8305200357,1506.25098348564,3754402.3092639023,SAMOS STEAMSHIP CO.,0.0430492677433543,75.1369830103244
0694657,7,73945.17997,3378605.711063941,368369.57092465705,791.9287213566045,3746975.281988598,"MOL Ship Management Co., Ltd.",0.04296410689500226,75.1799471172194
5870019,12,59349.62758,3134216.505023079,593497.9273778438,6012.729676224383,3727714.4324009228,VICTORIA SHIP MANAGEMENT INC.,0.04274325537122753,75.22269037259062
6057417,17,73760.75521,3216771.8573391316,497488.6089428271,4602.405362104311,3714260.466281959,Technical Core Management Srl,0.042588987569869056,75.26527936016049
1742506,8,41376.26658,3255497.097447406,453207.5461379392,1474.1089917870397,3708704.6435853452,Amisco Ltd,0.042525282596587166,75.30780464275708
5596374,18,66003.82728,3064264.58834346,630615.4361619245,1515.3709311402306,3694880.0245053847,Wisdom Marine International Inc.,0.04236676476093737,75.35017140751802
6242060,2,52966.349140000006,3664672.678381653,29845.04364893693,0.0,3694517.72203059,SHIPLUX XIV S.A.,0.042362610476191956,75.39253401799421
5914208,1,44181.30507,3136529.748209102,556071.8845837332,1729.7208417303534,3692601.632792835,UK Cruise Charter 1 ltd,0.04234063993818842,75.4348746579324
0993476,8,58866.2619,3207977.1930908784,482009.6593844833,1849.9012750725676,3689986.852475362,Oy Trailer-Link AB,0.04231065796803588,75.47718531590043
5891788,14,41597.50777,3260114.447842267,429342.5641887811,2196.215199923012,3689457.012031048,GoTa Ship Management AB,0.04230458263532787,75.51948989853575
0286031,12,105835.44048,3080234.058981389,585231.7791001309,18058.900397539164,3665465.8380815196,LD Armateurs SASU,0.04202949158600632,75.56151939012176
5553502,12,64111.85608,3084740.485496282,580720.3892735585,394.95609777057945,3665460.8747698404,Navios Tankers Management Inc,0.042029434674968086,75.60354882479673
1662552,6,54006.18796,3156864.2798350807,501608.4492698482,800.9943293790832,3658472.7291049287,SUPER ECO TANKERS MANAGEMENT INC,0.04194930619406021,75.64549813099079
0654679,9,56520.806039999996,3110523.5987179317,532977.6649815915,577.5908045772419,3643501.263699523,Lydia Mar Shipping Co SA,0.041777638224125994,75.68727576921492
6335650,1,42465.90348,3109567.218901986,495498.4995086439,6894.036090398406,3605065.71841063,CFC SHIPCO,0.04133692304666069,75.72861269226158
5956258,4,52653.058170000004,3216427.4384751995,386388.77977377747,1265.4597853188516,3602816.218248977,Nav-Tech BV,0.041311129504368015,75.76992382176594
5686531,14,47621.48286,3112946.2247143094,489002.31269147276,988.3016352253878,3601948.5374057824,Baltnautic Shipmanagement Ltd,0.04130118037748774,75.81122500214343
1966806,9,65554.54842,2955993.003867681,633655.6484203587,2449.727658366154,3589648.6522880397,Maran Dry Management Inc.,0.04116014566569363,75.85238514780913
0645018,14,62203.42071,2965654.1136918925,614434.4440592066,0.0,3580088.557751099,"IINO MARINE SERVICE CO., LTD.",0.04105052633471329,75.89343567414384
210964,5,52345.05647,2940110.9604706094,634970.9365193242,0.0,3575081.8969899337,Reederei Gerd Ritscher GmbH & Co. KG,0.040993118241000014,75.93442879238485
0223700,7,51735.15694,3022043.261910324,543132.106515658,2911.455972092401,3565175.368425982,Ignazio Messina & C. S.p.A.,0.04087952657835255,75.9753083189632
1185781,13,59958.273069999996,2970099.244035509,588410.7902878133,1028.453456283511,3558510.034323322,Thome Ship Management Pte. Ltd.,0.040803099565808826,76.01611141852901
5213551,6,39397.87455,2957958.1717599966,598285.1411608334,0.0,3556243.31292083,Tarbit Tankers Services BV,0.040777108558847565,76.05688852708785
6249981,9,61725.46791,2965623.9311553985,585653.7225412108,1688.0699434745966,3551277.653696609,Drylog Services (Singapore) Pte. Ltd.,0.04072017060285433,76.0976086976907
5529167,10,65816.01943,2898572.7849296215,627738.7633976426,3821.28135895899,3526311.5483272644,TMS Dry Ltd,0.04043390065466531,76.13804259834536
5713700,4,59784.770560000004,3077502.996482405,444653.6415159396,6404.630166987236,3522156.6379983444,NOBEL MARITIME INC,0.04038625902426306,76.17842885736962
0510075,7,62241.726109999996,2954867.463202076,559928.6240608101,1790.132089161691,3514796.087262886,Sun Enterprises ltd,0.04030186041877334,76.2187307177884
5670757,5,65313.41953,2959713.0099859876,537654.0253157258,890.6838103404073,3497367.0353017133,Sallaum Lines DMCC,0.040102012916405784,76.25883273070481
0176264,16,61519.02436,2915942.962962788,574056.2488161335,2086.9911291322205,3489999.2117789215,Atlantic Bulk Carriers Management Ltd,0.040017530918635906,76.29885026162344
5759050,18,64402.88918,2942914.40396794,541185.1157567857,389.30182943560067,3484099.5197247257,AVB Ship Management GmbH & Co. KG,0.03994988302106837,76.33880014464451
6261033,4,56138.50993,2920187.7355668237,555085.4370383454,2020.549154789488,3475273.172605169,Gram Car Carriers Shipowning AS,0.039848677090258015,76.37864882173477
0106137,4,49847.625439999996,2893984.819351097,552348.8656420808,1275.706997218914,3446333.6849931777,Italia Marittima SpA,0.03951684697511824,76.41816566870989
5031029,1,57086.14262,2898334.123879331,547832.2465455538,1317.2491553154816,3446166.370424885,Navarino Maritime Corporation,0.0395149284887509,76.45768059719865
1233227,4,60148.42926,2856537.4615209354,587449.9062207217,108.3620316561679,3443987.367741657,Cape Shipping SA,0.03948994329478479,76.49717054049343
6314910,15,62384.79451,2867329.879552979,572292.8181019193,684.6326319924441,3439622.6976548983,MARUFLEET MANAGEMENT PTE. LTD.,0.039439896486878075,76.53661043698031
0882415,8,59622.74183,2870332.0938449977,565719.2016685689,1097.7006281215433,3436051.2955135666,FORMOSA PLASTICS MARINE CORPORATION,0.039398945561980654,76.5760093825423
4191620,1,62185.30806,2819716.590965449,597072.5459442012,0.0,3416789.13690965,KEA MARITIME CORPORATION,0.03917807902857562,76.61518746157087
0043218,13,71092.66714,2850390.473803217,566035.1883824519,101.02483038685986,3416425.662185669,The Great Eastern Shipping Co. Ltd.,0.039173911302417985,76.65436137287328
4191987,2,46768.74962,2823522.958149107,587836.9719447377,17375.72471095095,3411359.930093845,AET SEA SHUTTLE AS,0.03911582587651705,76.6934771987498
6167510,1,35628.08564,3009442.760592766,394637.89992306323,1011.9298864378014,3404080.6605158295,Erdem Senkaya Yaka Denizcilik,0.03903235926872523,76.73250955801853
5137597,12,62546.110310000004,2850264.5198220434,553536.2898893879,9019.271096267494,3403800.809711431,NEW SHIPPING LIMITED,0.03902915040318171,76.77153870842172
5020072,1,56543.50257,2849684.4812690197,552244.2733612872,4225.023864838012,3401928.7546303067,KALAMATA SHIPPING CORPORATION,0.03900768477595823,76.81054639319767
0002568,32,86130.12362,2814453.2622484355,584712.8329656037,2497.7166582420423,3399166.095214039,Star Bulk Hellas Inc,0.03897600717321407,76.84952240037089
6064745,12,62707.459109999996,2793797.7081516525,603570.6264804946,1400.4768413612233,3397368.334632147,Synergy Ocean Maritime Inc.,0.03895539343226325,76.88847779380315
6179146,6,43824.61754,2900456.6745677716,482695.1946991259,2473.3534946682994,3383151.8692668974,Kontor 17 MPM GmbH,0.03879238255237895,76.92727017635552
5717000,16,65784.14756,2881842.720828566,499054.72571725235,2549.2291041951403,3380897.446545818,Okyanus Ege Denizcilik Ticaret A.S.,0.03876653256632738,76.96603670892185
6210489,9,61739.48026,2787384.932650566,584954.4685099693,2574.945775927555,3372339.4011605354,Navios Technical Management SA,0.03866840307545163,77.0047051119973
5230682,5,44246.11201,2902246.7764423587,457692.9794263059,4533.775061226472,3359939.7558686645,Millenia Maritime Inc,0.038526224479200705,77.0432313364765
6025632,6,40451.74324,2932691.616747011,391642.8941467848,3288.606802056196,3324334.5108937956,"Windstar Cruises Marshall Islands, LLC",0.038117962498270014,77.08134929897477
0061921,7,58019.56228,2928052.317578989,383962.3955586379,13495.848132977242,3312014.713137627,Boskalis Offshore Long Distance Towage B.V.,0.0379766994613172,77.11932599843608
1857998,12,56749.49937,2795806.5187276197,499007.4905471798,580.388516713332,3294814.0092747994,Federal Oceans Ltd.,0.03777947027675754,77.15710546871284
0104949,9,58411.6942,2821548.680615416,459340.91004735534,2526.92615593822,3280889.590662771,Anglo-Eastern Tanker Management (Hong Kong) Ltd.,0.03761980810535927,77.1947252768182
5723445,2,75449.99312,3263336.77937669,9558.713590476393,1811.18760556104,3272895.492967166,Awilco LNG Technical Mgmt AS,0.03752814503259387,77.2322534218508
4050401,7,36400.69958,2865887.722992138,375812.03469335614,2360.6933713278204,3241699.757685494,Havila Shipping ASA,0.0371704440059144,77.26942386585671
4131578,2,58901.17382,2679614.795575732,517707.0679364635,0.0,3197321.8635121956,Deosun Schiffahrtsgesellschaft mbH & Co KG,0.03666159181299979,77.30608545766971
1359648,5,43438.14294,2745817.9134516455,445128.7624153337,5882.058006416952,3190946.675866979,ANCORA INVESTMENT TRUST INC,0.03658849171949734,77.34267394938921
0999719,13,38487.32468,2818650.541193873,369615.51645307266,2254.1153058528316,3188266.057646946,Wessels Reederei GmbH & Co. KG,0.036557754829317196,77.37923170421853
4129838,1,47590.56982,2653244.229845981,533578.3681491084,1927.4814595924609,3186822.5979950894,"Kommanditgesellschaft MS ""CPO BILBAO"" Offen Reederei GmbH & Co.",0.03654120362464843,77.41577290784318
1184960,10,55411.79952,2644020.682696251,531852.690022904,9090.751784769476,3175873.372719155,PETROBRAS TRANSPORTE S.A - TRANSPETRO,0.03641565604299397,77.45218856388617
4129855,1,58200.5043,2590006.852865348,573770.3998861614,0.0,3163777.2527515097,"Kommanditgesellschaft MS ""CPO VALENCIA"" Offen Reederei GmbH & Co.",0.03627695777247085,77.48846552165864
6274595,5,72731.39664,3156740.8651356446,0.0,1668.6573447668134,3156740.8651356446,"Cosco Shipping LNG (Hong Kong) Ship Management Co., Limited",0.03619627613276646,77.52466179779141
5829126,13,52430.88519,2642205.0435821065,511657.4335419622,807.9634051374018,3153862.477124069,SYNERGY NAVIS MARINE PRIVATE LIMITED,0.036163271546157866,77.56082506933757
6128221,8,53586.7426,2563976.638391312,588353.5347420136,1317.0077054673175,3152330.1731333258,Atlas Maritime Shipmanagement Ltd,0.03614570162175233,77.59697077095932
0643661,4,32209.25487,2495392.557769267,640233.5427619728,2127.7887732702084,3135626.1005312395,Rederi AB Donsotank,0.035954166981983636,77.6329249379413
5430267,7,54518.11716,2630183.1527370773,503082.1626571239,14134.129648497192,3133265.3153942013,RollDock Shipping BV,0.0359270974079004,77.6688520353492
5903614,8,53394.31692,2635722.1043879036,491213.8294665143,2465.6588570138415,3126935.933854418,FANTASEA SHIP MANAGEMENT PTE.LTD,0.03585452254295222,77.70470655789215
6325605,9,67023.72359,2586787.5006755413,539964.1078410278,1091.7570339165006,3126751.6085165692,"SIA ""Windrose Shipmanagement Ltd""",0.03585240900525239,77.74055896689741
1112385,12,55395.954900000004,2611357.9586222717,503670.33971371216,2975.579354203419,3115028.298335984,INTERUNITY MANAGEMENT CORPORATION SA,0.03571798549992982,77.77627695239734
1771436,9,59558.13294,2603078.405812257,503265.5699178841,3437.6341929837117,3106343.975730141,"Shanghai Zhenhua Shipping Co., Ltd.",0.0356184080710256,77.81189536046837
1773260,3,41409.785,2673290.5432249834,423455.8079526082,681.5781314241184,3096746.351177592,Mediterranean Car Carriers Line S.A.,0.03550835840798245,77.84740371887635
5463230,7,56378.20301,2546969.755200978,535956.1318003583,4380.281489005785,3082925.887001336,Foremost Group,0.035349888213887105,77.88275360709024
5505864,12,53989.3578,2562864.2197550554,512256.80154394486,1719.7864799401618,3075121.0212990004,Marinsa Denizcilik AS,0.035260394940219625,77.91801400203046
1505161,12,51761.85378,2607343.4875729424,466435.3165318107,1031.6176878187816,3073778.804104753,Fortius Ship Management Ltd,0.03524500461637971,77.95325900664685
1074442,2,33942.3701,2648607.439376177,418726.7844890583,3127.6899727654327,3067334.223865235,SHANGHAI SALVAGE CO.,0.03517110884353194,77.98843011549037
5176991,6,54021.73263,2578953.195499058,484702.0867540485,4009.5754013344313,3063655.282253106,Unisea Shipping Ltd,0.03512892483408737,78.02355904032446
4103819,1,61533.10516,2638794.6735200407,417719.3578697449,8784.584491354879,3056514.0313897855,"NAURANTO Schiffsbetriebsgesellschaft mbH & Co. TS ""Gabriela“ KG",0.035047040796332814,78.05860608112079
5059676,8,53999.23012,2539489.6148369364,500635.2346040153,9004.343538404104,3040124.849440952,Exmar Shipping BV,0.034859116801062254,78.09346519792184
5059234,5,54897.7716,2498578.4116592403,514431.3827300073,932.3396837930784,3013009.7943892474,Hammonia Reederei GmbH & Co. KG,0.034548206256948114,78.12801340417879
5115757,8,33847.868669999996,2657898.8963834755,351425.3219446983,1114.3110005666904,3009324.2183281737,Transmar AS,0.03450594617463084,78.16251935035342
0011257,5,39023.5923,2657498.5224202927,348487.99227323744,8933.076777418495,3005986.5146935303,Technip UK Limited,0.03446767491716299,78.19698702527059
1451148,4,42262.27921,2537725.6253420003,460933.53412581224,4348.716286244293,2998659.1594678126,Limarko Shipping Company,0.03438365694280147,78.2313706822134
5549522,8,52565.7519,2527638.7614803617,455455.46418685385,4276.860324416699,2983094.2256672154,RAFFLES TECHNICAL SERVICES PTE LTD,0.03420518406019745,78.2655758662736
0146835,7,48864.38496,2482113.1991460104,499616.47886952676,8147.801880962575,2981729.678015537,Kahn Scheepvaart BV,0.03418953768765482,78.29976540396125
0205681,1,60092.98348,2633874.0875201314,345387.0104655012,7519.363577616468,2979261.0979856327,Tallink Silja Oy,0.03416123210026717,78.33392663606152
0651192,3,31656.82214,2586928.304654967,383642.94458979624,5812.471791305208,2970571.2492447635,DALMARE SPA,0.03406159130679869,78.36798822736831
5550366,15,52221.06154,2465768.7482118197,465361.1751924605,567.7513909487258,2931129.92340428,FEDERAL CORNWALLIS LTD.,0.03360934350371423,78.40159757087203
5366950,8,48814.60936,2441207.031205136,476461.2929270059,3475.3927351860025,2917668.3241321417,OCEANGOLD TANKERS INC.,0.033454988177996976,78.43505255905002
1770557,3,37405.75097,2498639.285608026,411481.5833419155,4057.745036308129,2910120.868949942,German Tanker Shipping GmbH,0.033368446461858096,78.46842100551189
1307463,6,40881.62098,2511138.960704612,398050.7996904291,3000.0454948626993,2909189.760395041,Carl F. Peters GmbH & Co. KG,0.033357770051027226,78.50177877556291
1083834,8,30610.888,2568182.4450416956,336772.21107042185,1319.1180795097935,2904954.6561121177,Hagland Shipping AS,0.03330920888917552,78.53508798445209
0560409,2,41535.71122,2536547.365483514,365422.9726515602,5610.633731183931,2901970.3381350744,Royal Arctic Line A/S,0.03327498967316128,78.56836297412525
4056206,1,28818.32871,2384083.9014340607,514267.0169488472,4332.952488167553,2898350.9183829078,"MS ""Caroline Russ"" Schiffahrtsgesellschaft mbH & Co. KG",0.033233488161828265,78.60159646228708
6259182,4,49210.11733,2417243.1022373736,475708.35077435826,0.0,2892951.4530117316,SAL Fleetholding I UG (haftungsbeschrankt) & Co. KG,0.03317157603539973,78.63476803832248
6369665,4,40425.469769999996,2461368.0013526827,420924.1991384322,1315.2318011091875,2882292.200491115,Mestex Shipmanagement Ltd.,0.033049353381058244,78.66781739170354
6413108,2,48953.17054000001,2409267.391605563,466477.7677849036,0.0,2875745.1593904668,Synergy Onyx Marine Pvt Ltd,0.03297428275674793,78.70079167446029
6167395,11,50253.1498,2393407.0183317987,472331.25099287677,759.13869824172,2865738.2693246757,Thenamaris ConBulk Inc.,0.03285954031461337,78.73365121477491
5262816,4,40602.15926,2530707.0659104837,333610.4932313839,679.9052109949783,2864317.559141868,OSM Ship Management Pte Ltd,0.032843249963178604,78.76649446473809
5699550,6,42504.81663,2409328.1032917826,438175.2559652419,1834.5132196081986,2847503.3592570242,Element Shipmanagement SA,0.03265045256612106,78.7991449173042
5830282,3,33882.46884,2393069.75346302,450424.91991313326,3202.778179970248,2843494.673376153,NORDIC HAMBURG SHIPMGMT HK LTD,0.03260448759551607,78.83174940489972
5441828,7,42717.44065,2419539.0980169596,417417.2768690158,3866.6193179985207,2836956.3748859754,NORSTAR SHIP MANAGEMENT PTE LTD,0.03252951721698335,78.86427892211671
0640621,15,45189.2112,2507362.371675344,328796.5271156745,452.1548733247838,2836158.898791019,Charles M Willie & Co Shipping,0.03252037308188467,78.89679929519859
5142252,6,45028.00808,2405749.826304395,430180.8404341929,1491.6592956118404,2835930.6667385884,M.R.C. Denizcilik Turizm Ve Petrol Urunleri Tic. Ltd. Sti.,0.03251775609469913,78.9293170512933
1406266,16,50381.6447,2372009.168212527,461010.41282393865,4328.7187765462195,2833019.5810364657,SMT Shipping (Cyprus) Ltd,0.032484376585128386,78.96180142787843
0147833,20,74509.85514,2378594.924105157,452237.09850248334,3140.5741804923055,2830832.0226076404,Ciner Ship Management Ltd,0.032459293288041556,78.99426072116647
4077771,15,51199.39626,2364047.19807681,464931.88332243904,1069.2868364138699,2828979.0813992494,EQUINOX MARITIME LTD,0.03243804682705471,79.02669876799352
1257390,5,39148.4433,2396695.318519785,410020.77958391886,2753.0315172821406,2806716.098103704,Mediterranea di Navigazione S.p.a,0.032182771805970546,79.05888153979949
6212264,1,36302.42187,2336805.9059277843,466534.2194924425,807.8290220279787,2803340.1254202267,Polar 4 Limited,0.03214406174243083,79.09102560154192
5349351,20,134277.42162,2339195.199285064,458511.5090461495,4130.403286371725,2797706.7083312133,SEAMAR MANAGEMENT S.A.,0.03207946704516663,79.12310506858708
6096697,3,39036.14352,2333299.7440320253,463119.49260108394,2029.5384958462191,2796419.2366331094,TSAKOS CONBULK SERVICES (TCB) LTD,0.03206470445200848,79.15516977303909
0752001,13,60733.76728,2511663.5632286905,281969.30242773786,2641.64264752898,2793632.8656564285,"HACHIUMA STEAMSHIP CO.,LTD.",0.03203275496435995,79.18720252800345
0032672,1,40732.14351,2371116.783563535,408416.15531512006,3583.3676096649424,2779532.9388786554,Bradamante Oceanway Limited,0.03187108035598878,79.21907360835944
6285436,10,47478.1234,2342091.1893647537,435394.0276640002,3485.1929597017697,2777485.217028754,MPP CARRIERS S.A.,0.0318476004731955,79.25092120883264
1627694,8,50626.45456,2372078.449231262,404280.2064503388,1657.6580002957796,2776358.655681601,MOL Tankship Management Pte. Ltd.,0.0318346829334467,79.28275589176609
1454540,5,37574.53879,2341871.8061268404,424931.33903890033,1020.9573046747031,2766803.1451657405,"COSCO Shipping Asphalt (Hainan) Co., Ltd",0.031725116164428184,79.31448100793051
1233479,21,56663.17145,2321882.432466537,441200.73889291275,1207.6708076420487,2763083.17135945,BRAVE MARITIME CORP. INC.,0.03168246166573738,79.34616346959625
6091771,9,49091.53473,2367647.4714117236,393453.79651489726,147.19164841075937,2761101.267926621,ALBERTA SHIPMANAGEMENT LTD.,0.031659736479544405,79.37782320607579
4096970,5,33112.14239,2758298.2979927207,0.0,0.0,2758298.2979927207,FJORD1 AS,0.03162759666254523,79.40945080273833
5896921,12,47763.01069,2322631.734663831,432794.5088876098,1351.7111717317994,2755426.243551441,Federal Trident Ltd.,0.03159466469883131,79.44104546743716
1825741,1,63591.30785,2361521.3892293023,392551.9846885214,1780.5670647463214,2754073.3739178237,Magical Cruise Co Ltd,0.03157915223045898,79.47262461966763
6350373,12,51020.2726,2299259.183089292,444857.4988014086,3951.4174415198468,2744116.681890701,Kyra Global Marine Services,0.031464985376295246,79.50408960504392
4129869,1,49216.48841,2255710.4307740335,485529.421051366,4599.1076557019205,2741239.8518253993,"Kommanditgesellschaft MS ""CPO VIGO"" Offen Reederei UG (haftungsbeschraenkt) & Co.",0.0314319986536343,79.53552160369755
1476892,4,39487.52358,2293361.086609448,414219.06079276017,3323.9238660994224,2707580.147402208,Medcare Shipping SA,0.031046044909598745,79.56656764860715
1775677,11,49784.87188,2271100.0667490736,434756.68639745604,77.61055065406734,2705856.7531465297,Spar Shipping A/S,0.031026283878513455,79.59759393248567
1870070,4,156013.80743,2278450.573764525,420101.4808751598,1404.1858915030787,2698552.0546396845,DESTINATION GOTLAND AB,0.030942525693880518,79.62853645817954
1864681,8,52732.35298,2262077.2638806407,433172.9798420139,605.8354460983558,2695250.243722655,"EXCEL MARINE CO., LTD.",0.03090466599465371,79.6594411241742
5946870,3,28633.86186,2375572.608794337,315169.91309876775,8851.348522095874,2690742.521893105,Cadeler A/S,0.03085297890627908,79.69029410308048
6184946,1,31363.6315,2352206.74651535,338296.1436741124,2244.830504947702,2690502.8901894623,"Mystic Ocean, S.A. (Zona Franca da Madeira)",0.030850231206773233,79.72114433428725
6223723,1,37224.38549,2264562.786585865,422218.72078707407,2168.7451397749933,2686781.507372939,WESTER SHIPPING CO.,0.030807560551886642,79.75195189483914
5353861,1,27930.72039,2372832.6643312955,311154.69001792173,1069.8861395492243,2683987.3543492174,Kroghs A/S,0.03077552183261106,79.78272741667175
5143936,8,48207.99912,2230997.0161078554,450885.648699443,587.4853673383464,2681882.664807298,d'Amico Dry D.A.C.,0.03075138873867407,79.81347880541043
5623556,11,60100.237989999994,2255982.315722016,422361.99814851483,1748.5930435927037,2678344.313870531,Seatrade Shipmanagement B.V.,0.030710816790252084,79.84418962220067
1090911,3,36358.16178,2255146.000860477,406525.85493711947,2208.523188946275,2661671.8557975963,Sealift Inc,0.030519644653544568,79.87470926685421
6180342,1,41784.47002,2170356.6047827187,480172.98273786576,0.0,2650529.5875205845,Saga Cruises VI Ltd.,0.030391883574466337,79.90510115042868
6311380,14,47843.47971,2201246.5729354476,435019.4187851967,1457.8997646643588,2636265.9917206443,UNIMOR SHIPPING AGENCY VARNA LTD,0.03022833228081315,79.93532948270949
5118782,5,45433.16107,2204979.523528775,423516.4973706688,723.2085355245058,2628496.020899444,Emarat Maritime LLC,0.030139239123850577,79.96546872183335
6451504,12,46738.43083,2184211.171461856,443780.54530285473,1051.2518815234353,2627991.716764711,Astrobulk Ltd,0.03013345659924829,79.99560217843259
0136431,7,108071.56505,2153252.582384708,457360.2275790265,6231.460696817786,2610612.8099637344,GS LINES TRANSPORTES MARITIMOS LDA,0.029934184078528814,80.02553636251112
1773755,14,53434.7419,2178052.1321380045,430783.1318138414,1010.8296135752867,2608835.263951846,"MISUGA KAIUN CO., LTD.",0.029913802124787975,80.0554501646359
5879971,5,37050.41689,2160338.524108066,448295.0653156444,632.7334814610832,2608633.5894237105,Minerva Dry Inc,0.0299114896553072,80.0853616542912
1766033,12,46172.89594,2189400.522890664,410300.082851145,698.7939342145236,2599700.605741809,FEDERAL ATLANTIC LTD.,0.029809060993008465,80.11517071528421
5701698,7,43264.65653,2161520.6493837177,437618.0966190562,2502.516000383181,2599138.7460027738,Istanbul Denizcilik ve Deniz Tasimaciligi A.S.,0.029802618516058067,80.14497333380027
5902182,5,35537.24212,2219431.1850203713,375032.83805626555,843.6827354552522,2594464.0230766367,Grona Shipmanagement GmbH,0.02974901653569046,80.17472235033595
0210451,4,28419.58016,2265001.304145817,319885.72889059165,445.1096726377069,2584887.033036409,GEFO Gesellschaft fuer Oeltransporte mbH,0.029639203475060303,80.20436155381101
5999567,2,48330.89464,2117295.2349798935,463693.4336302916,0.0,2580988.6686101854,"MS ""Julia"" Schiffahrtsgesellschaft mbH & Co. KG",0.02959450348818581,80.2339560572992
6368083,4,47597.632900000004,2149454.4990873747,429804.579694759,1265.9821490774277,2579259.0787821338,Shoei Ship Management Pte Ltd,0.02957467141653748,80.26353072871574
6116731,4,59221.92146,2578666.9702781634,0.0,415.2403936316226,2578666.9702781634,Minerva Gas Inc,0.029567882096847995,80.29309861081258
6329316,8,44747.92066,2161710.309687486,415874.89073619776,1931.7599783276062,2577585.2004236835,CASTOR SHIPS S.A.,0.029555478151754713,80.32265408896433
5701596,1,43606.259,2096281.817163781,456232.33853515435,3622.2507096454256,2552514.1556989355,Waterorchid Hill Limited,0.02926800493283564,80.35192209389716
5691727,10,44812.93788,2107005.2659590896,445218.0525423182,547.9931767989203,2552223.3185014077,"CLEANSEAS SHIPMANAGEMENT, INC.",0.02926467009353107,80.38118676399068
5122042,6,49018.178830000004,2113923.027204527,428790.91351512267,2419.219382604784,2542713.9407196497,NORTHSTAR SHIP MANAGEMENT LTD,0.029155632298303456,80.41034239628898
4129811,1,41406.08954,2108297.908183978,433788.75310586113,0.0,2542086.661289839,"Kommanditgesellschaft MS ""CPO ALICANTE"" Offen Reederei GmbH & Co.",0.02914843969668557,80.43949083598567
4056197,1,25750.05634,2073773.5193462356,452130.40800937,1771.0239531020213,2525903.9273556056,"MS ""Elisabeth Russ"" Schiffahrtsgesellschaft mbH & Co. KG",0.02896288290533284,80.468453718891
5929528,3,45824.34632,2170077.2752961386,348348.81858569785,2812.0125913845086,2518426.0938818366,Africa Morocco Links SA,0.028877139495640653,80.49733085838663
5875611,14,48586.38542,2085171.0382767527,433010.6761123792,1396.96953369817,2518181.714389132,Orion Reederei GmbH & Co. KG,0.028874337356353006,80.52620519574299
5783341,7,50810.54202,2082531.7017023296,435054.3320403157,6.301227223169478,2517586.0337426453,OSM BERGEN DRY AS,0.02886750707724923,80.55507270282024
6104018,1,37747.95954,2069195.3396447059,430118.15979281726,0.0,2499313.499437523,Saga Cruises V Ltd.,0.028657987916313847,80.58373069073656
6237811,17,43839.17486,2087727.085730542,411368.54084987246,689.547173367632,2499095.6265804144,Densay Ship Management & Technical Services DMCC,0.028655489711223642,80.61238618044779
1756540,6,39507.94912,2121221.0104218116,370546.259016971,1658.9446912552798,2491767.2694387827,Pakoil Denizcilik Ticaret,0.02857146024854976,80.64095764069633
6172339,13,44696.639760000005,2086851.1813513502,401326.33035256865,1897.0257984294935,2488177.5117039187,"Fujian Daqin International ship management Co., Ltd.",0.028530298852105743,80.66948793954843
5105614,19,45784.81467,2063256.2722915362,418783.6773226794,345.6752647393115,2482039.9496142156,Pacific Basin Shipping (HK) Limited,0.02845992345492491,80.69794786300336
4091214,2,25179.758970000003,2040905.5382226114,438389.44034879847,373.90396758344946,2479294.97857141,MS Allegro GmbH Co. KG,0.028428448673152612,80.72637631167652
6350563,10,44776.021,2056481.3207947395,422095.98798444745,2994.5409262754793,2478577.308779187,COSCO SHIPPING SPECIALIZED CARRIERS (SOUTHEAST ASIA) PTE. LTD.,0.028420219624560643,80.75479653130108
6503494,5,38552.3055,2101849.8962196466,368527.589673787,1609.1160537587114,2470377.4858934334,Rix Bulk Management SIA,0.028326197636031104,80.78312272893712
1765579,4,33131.66962,2176366.134867871,285393.98234746914,7028.491058268039,2461760.1172153405,North Sea Shipping AS,0.028227387923883036,80.811350116861
0957062,8,45058.494810000004,2113770.816421523,338497.3953117246,6788.512565013181,2452268.211733248,National Navigation Co,0.02811855047205084,80.83946866733304
4040483,2,35952.1474,2153074.961793482,294712.6477178888,9475.275728982748,2447787.609511371,Canship Ugland Ltd,0.028067174346422228,80.86753584167946
33260024,1,23828.7668,1998159.6610874722,442542.8567022017,3691.916036207197,2440702.517789674,Scandlines Gedser-Rostock ApS,0.027985934248694572,80.89552177592815
1484950,5,48629.9553,2013099.3659026441,418204.2048648881,1541.9641658772039,2431303.570767532,MARSEILLE FRET SA,0.027878162690525805,80.92339993861867
6030417,4,43518.65426,2046417.1626483926,380180.81034473155,1696.0629368538703,2426597.9729931243,"""UMM"" LLC",0.02782420668853231,80.95122414530721
1303151,18,42793.77138,2014734.3039854218,404971.1591804911,1519.7435659117093,2419705.463165913,GREAT CIRCLE SHIPPING AGENCY LTD,0.027745174801021698,80.97896932010823
5828613,8,43812.65321,1999743.3802689547,411615.53731714503,1116.4528388641986,2411358.9175861,Seanergy Shipmanagement Corp.,0.027649470439634834,81.00661879054788
1327130,1,27301.60591,2084928.571277253,323773.0284055022,5407.941352386699,2408701.5996827553,RCL Shipmanagement Pte Ltd,0.02761900071889712,81.03423779126678
6223741,1,44221.70611,2010852.21880152,389496.3232284152,3301.4035953101843,2400348.5420299354,SAVAL SHIPPING CO.,0.02752322168784213,81.06176101295462
4103805,1,45932.74238,1966525.053874773,430569.80324182427,7651.875230439095,2397094.8571165972,"NAUSOLA Schiffsbetriebsgesellschaft mbH & Co. TS ""Britta"" KG",0.027485913817920683,81.08924692677255
5161328,4,53687.60277,1997738.0918950904,398958.9553243083,44.733142526651875,2396697.047219399,Hellespont Ship Management GMBH & Co. KG,0.027481352392861574,81.11672827916541
6044535,1,44486.31092,1960230.5839261261,426948.5311313781,513.5159737591006,2387179.1150575043,SFL DOXA INC.,0.027372216510170085,81.14410049567559
6487842,12,42082.44474,1980036.827713814,391455.10503932234,771.0158322345245,2371491.9327531364,Synergy Marine Bulk Pte Ltd,0.027192341884189487,81.17129283755978
5737373,4,44253.93222,1974830.3435667707,390532.7917307534,2732.932981057653,2365363.135297524,Golden Union Enterprises S.A.,0.02712206698531665,81.19841490454509
6185414,1,42048.29374,1958448.7922736732,394392.4698377267,0.0,2352841.2621114,Kimmei Shipping Ltd,0.026978486882004955,81.22539339142709
1140961,5,42979.85643,1988995.739059445,350051.90716328926,1282.2221835753558,2339047.6462227344,Marine Transport Management,0.02682032453960629,81.25221371596669
5708121,7,40511.6956,1965060.5713440194,371772.3646841085,1730.2045638433433,2336832.936028128,Prime Tanker Management Inc,0.026794929911037504,81.27900864587772
5567926,18,49283.98334,1975199.2343442992,347366.0688478897,673.9015918077064,2322565.303192189,Dockendale Ship Management FZCO,0.026631332327341516,81.30563997820506
5411497,3,24612.217599999996,2016778.20915108,305593.60815170035,4222.215357641138,2322371.81730278,Furtrans Tanker & Ship Management S.r.L.,0.02662911375160786,81.33226909195668
6320290,1,23305.89171,1979933.931158417,341385.6910046455,0.0,2321319.6221630624,Morani Shipping Company Limited,0.026617048920362627,81.35888614087703
0125817,8,43243.14492,1951701.096640374,367339.379010671,1596.4128886494739,2319040.475651045,US Ocean Fleet Management,0.026590915442823455,81.38547705631986
5305485,14,66643.14291000001,1972268.5803928298,329253.970181013,2953.3608217748874,2301522.5505738426,IMS S.A.,0.026390048890750518,81.4118671052106
6143369,2,53127.45099,2300465.4158249213,0.0,1767.94784419431,2300465.4158249213,LATSCO LNG MARINE MANAGEMENT,0.026377927420247794,81.43824503263085
5341752,5,36365.657439999995,1938850.7874288715,352569.9511945178,638.8167326222065,2291420.738623389,Barber Tanker Management GmbH & Co. KG,0.026274218041649706,81.4645192506725
1970145,3,27985.95386,1942959.9943308972,340256.1169480014,2922.9892818093813,2283216.1112788985,K-Ships S.r.l.,0.026180140963544384,81.49069939163604
5848372,5,40024.05857,1938371.9429486073,342285.84426426876,1000.9241695151447,2280657.787212876,Intership Navigation Co Ltd,0.026150806340182176,81.51685019797623
1520043,10,24466.14016,2000456.25069708,262328.7222276719,138.66904256834297,2262784.972924752,Thun Ship Management,0.02594587050639628,81.54279606848262
1070422,5,43760.18394,1883618.512692724,369500.8249408722,5677.312175332751,2253119.3376335963,Guangzhou Salvage,0.025835041008840338,81.56863110949146
1341898,2,52110.0196,2236971.4940804276,0.0,0.0,2236971.4940804276,Bonny Gas Transport Ltd,0.02564988428259316,81.59428099377405
6478230,7,47125.91822,1957523.752070744,278207.7841964782,1279.3123916883258,2235731.5362672224,Sera Denizcilik A.S.,0.025635666499975823,81.61991666027403
5417995,5,29253.5103,1958128.2795282092,261047.12085191187,3775.4739898251964,2219175.400380121,ZITON A/S,0.025445828153445794,81.64536248842748
0283257,1,43276.6336,1816619.5062720242,398056.9282372209,8268.72059404806,2214676.434509245,"NS United Kaiun Kaisha, Ltd.",0.02539424146390385,81.67075672989138
1660746,7,39302.98149,1837516.828195048,374436.63199421414,1798.446137721779,2211953.4601892624,W MARINE INC,0.02536301890411851,81.6961197487955
6477090,9,39897.92189,1843671.9341383558,367478.3318448083,1871.2726463157187,2211150.2659831643,SPARK GEMI ISLETMECILIGI AS,0.025353809203191437,81.72147355799869
6053825,1,34749.992,1929961.604810733,266374.87253301626,0.0,2196336.4773437493,UNIVERSE CRUISES LTD,0.02518394920926962,81.74665750720796
5625107,2,34770.839420000004,1847892.826959733,347152.8651357198,0.0,2195045.692095453,SHIPLUX IX S.A.,0.025169148621805675,81.77182665582976
5904192,4,37338.3486,1823419.5753345152,358100.7233745647,788.4567234645908,2181520.29870908,Krey Schiffahrts GmbH & Co. KG,0.02501406181084047,81.79684071764059
0588883,8,25595.4216,1927596.3602950172,252771.00730051842,1572.7254837769506,2180367.3675955357,Tidewater Marine UK Ltd,0.025000841906283582,81.82184155954687
0027898,5,25323.048150000002,1887942.7149470241,289353.29565048055,248.94369224466965,2177296.0105975047,Paradise Navigation SA,0.024965624670928326,81.8468071842178
5656339,4,63574.34872,1799230.8948714621,377265.25860601384,1272.683205637224,2176496.153477476,HS Service GmbH & Co KG,0.024956453234177507,81.87176363745198
5884300,9,37671.40318,1821432.3881570334,355059.7219869486,572.1451976058935,2176492.110143982,HELLAS CONFIDENCE SHIPMANAGEMENT S.A.,0.024956406871925456,81.8967200443239
0191751,4,30559.343480000003,1877108.8384044128,295722.5801998919,4157.446756540897,2172831.4186043045,CALISA - CARICHI LIQUIDI SOCIETA ARMATORIALE SPA,0.024914432124086484,81.92163447644799
5772262,9,34569.56736,1862451.1442311124,306504.203988167,143.4067851717555,2168955.348219279,INTRESCO Ltd-UKE,0.024869987768353665,81.94650446421635
5432498,4,21913.77418,1860055.2771160246,307794.72440341616,3937.418622194125,2167850.0015194407,Solvtrans Management AS,0.024857313483045144,81.97136177769939
3008137,4,40774.20837,1947291.7812982637,216824.9481305394,1312.9649986327745,2164116.729428803,EXMAR Shipmanagement BV,0.0248145065016537,81.99617628420104
2037740,9,40870.41924,1802607.1829981792,356276.02651737345,2719.2757552414046,2158883.2095155525,Diana Shipping Services SA,0.02475449716290229,82.02093078136394
1272459,3,22916.642480000002,1882048.652943249,276817.27386335534,1249.7390977823925,2158865.9268066045,Rederi AB Veritas Tankers,0.02475429899341923,82.04568508035736
5987635,7,36518.53656,1799141.9894271186,351877.83891378384,166.0438556430638,2151019.8283409025,PACC Tanker Management Pte Ltd,0.024664332930710044,82.07034941328807
5684889,10,37986.64039,1833987.3293741178,316170.95638548606,1785.7954789019964,2150158.2857596036,FUJIAN OCEAN SHIP MANAGEMENT COMPANY LIMITED,0.024654454187251172,82.09500386747533
5362807,2,34637.75709,1807562.021691426,342518.167101437,2464.9844141244057,2150080.188792863,Reederei Hinsch Gmbh & Co. KG,0.024653558700578667,82.1196574261759
6052036,1,31925.73272,1900215.683751638,249181.0065160486,0.0,2149396.6902676867,MS Amera Shipping Ltd.,0.024645721471483667,82.14430314764739
1743141,5,37929.36344,1803586.820731869,344347.94903978147,357.20311536633847,2147934.7697716504,"HOKOKU MARINE CO., LTD.",0.0246289585884282,82.16893210623581
0524821,11,98371.51047000001,1843107.1864960033,304458.11159316875,85.85313940065136,2147565.298089172,Fairmont Shipping HK Ltd,0.02462472209908252,82.19355682833489
6183259,1,23916.03436,1777927.4382393663,365278.6579733025,0.0,2143206.096212669,Kohala Shipping Ltd,0.024574737991554702,82.21813156632645
1468005,2,27922.8571,1868349.1846411694,256313.78762794955,5961.876794226324,2124662.9722691188,DEME Offshore NL BV,0.024362116156789054,82.24249368248324
6176623,5,23567.59775,1877679.255891636,246225.03572034018,1617.0861320646404,2123904.291611976,FLEGREA SHIPPING TECH S.R.L.,0.02435341686351927,82.26684709934676
0070478,18,38569.16909,1800862.1425427746,322371.24829310965,864.9271283758345,2123233.390835884,EVALEND SHIPPING Co. S.A,0.024345724084546716,82.2911928234313
0516936,9,39000.26822,1740018.428964674,367878.88528375234,1523.5811080966362,2107897.3142484264,SAFETY MANAGEMENT OVERSEAS S.A.,0.024169875357435876,82.31536269878873
6180682,1,35382.23474,1733929.6442349579,367215.8748684453,4977.224158976379,2101145.519103403,Jupiter 11 Limited,0.024092456952852757,82.33945515574159
5181864,3,36285.527890000005,1783568.7062082435,317507.61318313365,3718.7232069527126,2101076.3193913773,Compagnie Maritime Nantaise - MN,0.02409166348516193,82.36354681922676
1627527,4,38679.36255,1738702.429425601,359908.77436507423,2026.0389511862593,2098611.203790675,Kumiai Navigation (Pte) Ltd,0.02406339762211068,82.38761021684887
6384993,1,32238.74858,1730719.872332925,365687.6944774313,1269.7748606230678,2096407.5668103562,"""AS CLAUDIA"" Schifffahrtsgesellschaft mbH & Co. KG",0.024038129962824187,82.41164834681169
0218854,21,67088.69831,1787364.221339403,308130.8200435792,468.72481808530796,2095495.0413829822,Arklow Shipping Nederland BV,0.02402766663252293,82.43567601344421
5866025,8,31951.95704,1823180.0214153365,270069.4654707192,1228.0201636610577,2093249.4868860557,TOBA SHIP MANAGEMENT CO. LTD,0.024001918332578635,82.45967793177678
1335815,9,36320.66429,1747684.5502650677,340803.28937156074,1063.887424498223,2088487.8396366285,Hong Kong Ming Wah Ship Management Company Limited,0.023947319648033243,82.48362525142481
5430050,3,23722.56949,2015332.4658229267,68995.20411683478,0.0,2084327.6699397615,Torghatten Nord AS,0.023899617711909796,82.50752486913672
6499947,1,25337.52226,1713854.7717946705,366541.9324313616,0.0,2080396.7042260321,MS Baltica Oslo Schiffahrts GmbH & Co. KG,0.023854543907463555,82.53137941304418
1235634,4,25116.03349,1801335.0733595472,264483.1765236452,5034.536478061371,2065818.2498831924,MARITTIMA ETNEA S.r.l.,0.02368738233750058,82.55506679538168
5318129,5,37334.42509,1719572.0559531152,343048.10858146165,127.55481436386384,2062620.164534577,Bernhard Schulte Shipmanagement (UK) Limited,0.023650711991304876,82.57871750737299
5770782,11,41334.65957,1713902.1533136943,346573.1657900579,111.18731995738055,2060475.3191037523,Densay Gemi Isletmeciligi Denizcilik ve Teknik Danismanlik A.S.,0.023626118456139017,82.60234362582912
5888700,1,37723.64236,1714051.1978527915,345754.91529760027,1813.8820978973947,2059806.1131503917,DELMER MARINE CORP.,0.023618445110586625,82.6259620709397
1616496,1,24297.76338,1720028.999234584,334691.86017844186,882.5640559916003,2054720.859413026,Reederei Rudolf Schepers,0.023560135842785844,82.64952220678249
5347531,7,22773.20006,1869059.0493888708,177287.73877668043,767.4888678374912,2046346.7881655511,Ulvan Personal AS,0.023464115862629493,82.67298632264512
0680471,2,24547.116289999998,1777961.419928731,266422.578077491,1619.7419243010008,2044383.9980062218,ME MARITTIMA EMILIANA SPA,0.023441609835802138,82.69642793248092
0560854,6,26959.390919999998,1759682.0524516397,282878.9290213659,1248.7945827085377,2042560.9814730056,SOCATRA,0.023420706501429755,82.71984863898234
5517986,11,37057.80651,1717525.2258135446,324776.0003897769,2514.2137291689096,2042301.2262033215,Load Line Marine S A,0.02341772805819665,82.74326636704053
6386045,1,29781.59511,1674209.0849583265,365909.0053534872,2260.597489012374,2040118.0903118136,"""AS NINA"" Schifffahrtsgesellschaft mbH & Co. KG",0.023392695471443292,82.76665906251198
6360746,4,32381.52061,1703169.1870967369,333496.49855873315,0.0,2036665.68565547,Oslo Carrier AS,0.023353109012623306,82.7900121715246
5677533,4,41210.1673,1731379.6531677556,296513.8453807841,1657.8542137507175,2027893.4985485398,Marwave Shipmanagement Srl,0.023252524099139416,82.81326469562373
1125205,13,36104.91846,1718999.185837462,296187.44638707885,99.00381209852692,2015186.632224541,"Thoresen & Co., (Bangkok) Ltd.",0.023106822800903187,82.83637151842463
0070447,10,36666.29845,1676141.609190296,338659.48522316886,1584.1553524868323,2014801.094413465,Sea World Management and Trading Inc.,0.023102402091803035,82.85947392051644
SIN_ID:MANISA TECH S.R.L.,6,25525.38873,1761696.2958501936,243579.78330022295,1156.801958465766,2005276.0791504164,MANISA TECH S.R.L.,0.02299318499183835,82.88246710550827
1277830,6,26927.09782,1769036.0145288142,231980.000354092,3193.3303353531014,2001016.0148829063,SEA1 OFFSHORE AS,0.02294433763022145,82.90541144313849
6476114,1,28828.00752,1652696.1482021401,347329.5705159447,2659.186183386853,2000025.7187180847,QUARTZ MARITIME LIMITED,0.022932982553904926,82.9283444256924
0093926,1,30613.37136,1658995.1003356145,340360.23093994835,0.0,1999355.3312755628,"""AS NINETTE"" Schifffahrtsgesellschaft mbH & Co. KG",0.022925295660991586,82.9512697213534
6044521,1,36982.0958,1641670.6650545024,356007.3188371731,0.0,1997677.9838916755,SFL MANA INC.,0.022906062619170414,82.97417578397257
6167280,7,31376.786939999998,1680744.9837658629,314271.18630810286,1278.0428257262704,1995016.1700739658,GFS Ship Management FZE,0.022875541346732774,82.9970513253193
6044549,1,36426.05156,1639668.1606305393,355117.19481803424,0.0,1994785.3554485736,SFL AXIA INC.,0.0228728947468777,83.01992422006619
0938690,4,33680.89028,1655229.2826523331,334695.4643725304,523.2896364802109,1989924.7470248635,ASTRAEA MARITIME SA,0.02281716133948244,83.04274138140568
6044552,1,36884.14366,1634831.9350240212,354714.3493820801,2466.3081316133175,1989546.2844061013,SFL TYHI INC.,0.022812821756970005,83.06555420316265
5761461,9,35831.37138,1751119.5545032963,230252.31420821988,20.379432793822428,1981371.8687115163,YILMAR LOJISTIK GEMI ACENT. DEN. VE TIC. A.S,0.022719091096030083,83.08827329425868
5946751,12,34901.584050000005,1648423.8402352117,332350.82361624803,424.6346234436942,1980774.6638514597,M/Maritime Corp.,0.022712243339769445,83.11098553759845
1950845,6,36680.02146,1645031.4040097082,335604.0388044216,396.37443248748934,1980635.4428141299,CMB.TECH NV,0.022710646983487456,83.13369618458194
6055146,12,33917.07857,1689718.0841658881,285111.3550155388,1479.0251114004973,1974829.439181427,"HMC Shipmanagement Co.,Ltd.",0.022644073349573374,83.1563402579315
1138807,7,37764.93426,1698835.5957016652,275598.8834862823,441.70118743131286,1974434.4791879475,KSS Line Ltd,0.02263954460249018,83.17897980253399
0153911,1,30721.9531,1633979.8891889323,340064.5132050658,2350.1038999636176,1974044.402393998,Mitsui O.S.K. Lines Ltd.,0.022635071847851778,83.20161487438185
5915784,1,36050.86456,1611600.5068567884,356038.61036456574,0.0,1967639.117221354,HanseContor Shipmanagement GmbH & Co. KG,0.022561626645751485,83.2241765010276
6205554,1,34035.52362,1621493.9520398148,337767.1544314649,3564.160764211896,1959261.1064712796,AGIOS III CONTAINER CARRIER CORP.,0.02246556149390382,83.2466420625215
0534402,4,33043.11788,1634662.7240513703,320865.872205688,219.35027927457404,1955528.5962570582,Springfield Shipping Co. Panama S.A.,0.02242276324844932,83.26906482576995
1960002,6,33446.03005,1607271.0943599665,347892.0037418153,332.72060761073107,1955163.0981017817,"Kowa Marine Service Co., Ltd.",0.02241857232093274,83.29148339809088
0204736,2,35964.81796,1616225.774985271,334816.10609896516,0.0,1951041.8810842363,F. A. Vinnen & Co. (GmbH & Co. KG),0.022371317029623385,83.3138547151205
5810691,8,35186.73439,1626101.7620753862,324826.30434942455,1182.5241885992116,1950928.0664248108,PAVIMAR SA,0.022370011991605848,83.33622472711211
1847753,11,47094.93486,1689625.7754553547,248818.9597246117,2308.358432788186,1938444.7351799663,ALPHA SHIPPING COMPANY SIA,0.02222687382344463,83.35845160093555
5429251,1,21035.6733,1692056.0388364175,246386.64961948333,0.0,1938442.6884559009,CLDN FERRIES NV,0.022226850355002773,83.38067845129055
0523249,12,34494.92944,1603762.1672042354,328474.9926750125,0.0,1932237.159879248,"FIRST MARINE SERVICE CO., LTD.",0.02215569563071385,83.40283414692126
4292976,8,23522.99908,1697004.1083771428,222533.54636990282,0.0,1919537.6547470456,Misje EcoBulk AS,0.02201007873843374,83.4248442256597
4062920,3,32934.37158,1629831.3697200224,283088.25961151806,750.7944797381479,1912919.6293315405,Reederei Stefan Patjens GmbH & Co. KG,0.021934194183562936,83.44677841984326
6197791,10,33548.6667,1607744.568883769,302939.9803172064,1550.8098025751983,1910684.5492009753,Trust Bulkers Ltd.,0.021908565986304713,83.46868698582956
4239649,4,26120.98118,1670923.966306007,237660.71234939716,175.12349144047067,1908584.6786554041,"Mystic Cruises, S.A. (Zona Franca da Madeira)",0.02188448814863675,83.4905714739782
0339979,13,29289.02846,1539581.7473711902,357114.835816398,1244.7098539637736,1896696.5831875883,Transport Desgagnes Inc,0.02174817515855314,83.51231964913676
1249284,4,22928.6708,1672950.3488135445,219380.5814276117,3779.2378728842914,1892330.9302411561,SCINICARIELLO SHIP MANAGEMENT,0.021698117080839473,83.5340177662176
6379176,6,34343.2481,1572703.266728709,312328.4616468996,1130.4091953678214,1885031.7283756086,SEA THRUST LTD,0.021614421922585548,83.5556321881402
6235536,1,18553.79196,1576222.9873185244,306842.75934980647,0.0,1883065.7466683309,"MS ""PAVO J"" Shipping GmbH & Co. KG",0.02159187930037207,83.57722406744057
0517497,4,34583.0475,1573331.2288087024,306438.8930264365,1647.788963671396,1879770.1218351389,Chartworld Shipping Corporation,0.021554090532909496,83.59877815797348
5779291,13,31188.12969,1603035.606403007,273053.6998012907,1457.6645007491063,1876089.3062042976,SPRING MARINE MANAGEMENT S.A.,0.02151188503532203,83.62029004300881
0129046,4,38098.35598,1614018.1502879634,258467.12856399958,0.0,1872485.278851963,Chevron Transport Corp Ltd,0.021470560018537817,83.64176060302735
5043211,3,19484.11876,1655258.1424515685,217060.98324698262,1980.1849144242826,1872319.125698551,Rete Ferroviaria Italiana,0.021468654849352835,83.66322925787671
6223737,1,33996.55049,1555502.5205491742,306967.6008670614,225.14835866076743,1862470.1214162356,TANERA SHIPPING CO.,0.021355722779897026,83.68458498065661
6410094,9,32532.535,1553716.0351758776,308740.16106196085,492.29331764059623,1862456.1962378384,"SEACON SHIPMANAGE(HK) CO.,LIMITED",0.021355563109013667,83.70594054376562
5288968,1,30038.40412,1855864.3221629784,0.0,3536.7105809569935,1855864.3221629784,Wealth Crown Ltd,0.021279978414406243,83.72722052218003
5736738,4,34304.96428,1538189.521805618,314972.6700726699,0.0,1853162.1918782878,PG Shipmanagement Pte Ltd,0.021248994859496308,83.74846951703952
6490603,13,34316.79106,1566563.378635441,284668.578356403,4168.505984819818,1851231.9569918439,Garland Shipping Services LLC,0.02122686212262124,83.76969637916214
5204519,6,30006.91874,1534648.7529574095,310411.146080612,617.6028085706098,1845059.8990380215,"TM SHIPMANAGEMENT CO., LTD.",0.0211560911840018,83.79085247034614
5821298,15,32785.32301,1563996.8886085097,280835.7811467984,702.1911858887954,1844832.669755308,Stallion Marine Services Ltd,0.021153485694918615,83.81200595604106
1555542,6,20060.29466,1628959.600062884,213608.98466163315,1433.0878168207414,1842568.584724517,EDT Shipmanagement Ltd,0.021127524917501733,83.83313348095857
5790683,3,26319.11198,1628356.3180343339,213531.61948300328,400.16005562873244,1841887.937517337,Den Herder Seaworks B.V.,0.021119720382599235,83.85425320134117
6101512,12,45131.2141,1569820.0614101002,267414.9003068051,1519.7353845601265,1837234.9617169052,Grehel Shipmanagement Co,0.021066367762252215,83.87531956910343
5797871,6,31787.873740000003,1563553.9474821438,266142.5865120776,2865.650369610917,1829696.5339942214,Blue Seas Shipping S.A.,0.020979929558068027,83.89629949866149
5266235,1,38315.76,1828366.0851156986,0.0,0.0,1828366.0851156986,Seapeak Maritime (Glasgow) Ltd,0.020964674173782477,83.91726417283527
0207191,2,32579.27197,1559981.060840232,262891.7414829884,504.62023856168963,1822872.8023232205,Fratelli d'Amico Armatori S.p.A.,0.020901686304544323,83.93816585913981
5721863,7,51172.45337,1504064.6268053036,306544.9151356141,2835.9360881440425,1810609.5419409177,Performance Shipping Management Inc,0.020761071544559334,83.95892693068437
5698769,9,35113.29282,1519582.7832286065,290556.5254520687,174.99551780606996,1810139.3086806752,PHELIPPE BARKO MANAGEMENT INC.,0.020755679688318446,83.97968261037269
5747781,17,22222.356939999998,1598414.0626676786,209603.64917768416,318.4106455615089,1808017.7118453628,HAV Ship Management AS,0.020731352729542223,84.00041396310223
0093909,1,31350.7117,1487833.4334435975,319704.00805266143,0.0,1807537.441496259,"""AS NELE"" Schifffahrtsgesellschaft mbH & Co. KG",0.020725845784589428,84.02113980888682
5917539,1,20665.05923,1479357.0705823721,317835.78666803177,122.1821398980559,1797192.8572504038,"MS ""Elbstrand"" GmbH & Co. KG",0.02060723122487784,84.04174704011169
6127602,4,27994.18936,1533524.2495828725,263261.96102384885,1958.0834199791434,1796786.2106067212,SEACON TANKERS SHIPMANAGE PTE.LTD.,0.02060256847464523,84.06234960858633
1569569,7,33317.31668,1520720.122336759,269296.6893271882,4331.440608417038,1790016.811663947,Klingenberg Bereederungs- und Befrachtungs GmbH & Co. KG,0.020524948218864438,84.0828745568052
1806114,8,23560.02838,1574835.5769583348,206510.64901626256,1209.2755242872036,1781346.2259745973,Navigia Shipmanagement BV,0.020425528302167845,84.10330008510736
5502211,4,21105.79359,1550899.2377241682,228817.60631205855,1610.7611043643624,1779716.8440362269,DANSER VAN GENT MA CV,0.020406845248636788,84.12370693035601
5636398,3,32958.38734,1463779.1378188492,307966.79064251063,449.18588580987597,1771745.9284613598,ARGO NAVIS PTE. LTD.,0.020315447990038416,84.14402237834605
6478708,1,33365.73864,1474773.50563262,295245.4029940727,0.0,1770018.9086266928,MS „BF Jade“ Schiffahrts GmbH & Co. KG,0.020295645386817867,84.16431802373287
1889477,8,30191.20063,1487458.273044381,277996.5579015135,1633.04550286608,1765454.8309458946,V.Ships Asia Group Pte. Ltd,0.02024331210287615,84.18456133583575
1996491,5,32770.70532,1517959.2485512376,246702.95041603988,1364.067286010853,1764662.1989672775,GULNAK DENIZCILIK NAKLIYAT VE TICARET ANONIM SIRKETI,0.020234223512080953,84.20479555934783
5546491,11,33703.312450000005,1487461.8589621512,275790.5516675443,772.7165201234377,1763252.4106296955,Mastermind Shipmanagement Ltd,0.020218058394278777,84.2250136177421
5029589,7,33532.95302,1474267.5743477629,285911.5948781072,54.01677617471396,1760179.1692258702,CAPITAL SHIP MANAGEMENT CORPORATION,0.02018281955167877,84.24519643729379
6476406,1,28553.8309,1457332.5038120216,300725.4215593925,2706.048750023398,1758057.925371414,ORTSA OCEANWAY CORP.,0.020158496640302413,84.26535493393409
6089854,8,33135.03372,1465759.8344936622,283526.745305614,5.021127943311089,1749286.5797992763,Delft Schiffahrt GmbH&Co.KG,0.02005792137614579,84.28541285531024
6026131,4,36017.33032,1452597.3533423506,295719.298383686,1965.9842893557043,1748316.6517260366,Kyla Shipping & Trading Corp,0.02004679984737045,84.3054596551576
5687441,1,28245.01016,1455188.086756017,289378.11734361824,2443.6112171476216,1744566.2040996354,DSS 5 LLC,0.020003795925380527,84.32546345108298
1560327,6,30471.11915,1479677.0982392202,262073.34704216413,911.7615157409136,1741750.4452813843,RED SEA MARINE SERVICES L.L.C (DMCC Branch),0.019971509466636214,84.34543496054962
6228429,1,19546.28345,1433832.488619759,305706.5176166106,337.62168676956594,1739539.0062363697,"MS ""BJORG"" GmbH & Co. KG",0.019946152346193357,84.36538111289582
5044241,6,29815.18872,1453298.260516735,285739.63223334413,1078.6143433548496,1739037.8927500793,ARISTON NAVIGATION CORPORATION,0.019940406406663145,84.38532151930248
5695804,8,36389.49553,1441842.583623954,287633.23010099103,1401.500448943983,1729475.813724945,SEA VISION SHIPPING INC,0.01983076432085886,84.40515228362334
1955404,3,32326.423300000002,1420241.3819782687,309070.3471476923,19.415745902242296,1729311.729125961,BOCIMAR INTERNATIONAL NV,0.019828882870430175,84.42498116649377
6341888,1,30976.27996,1426962.4028349584,301737.47244336584,0.0,1728699.8752783244,SFL Thelon Inc,0.019821867143841227,84.44480303363761
4129841,1,28221.27472,1447505.460549099,278257.08877637144,2196.960848482505,1725762.5493254703,"Kommanditgesellschaft MS ""CPO CADIZ"" Offen Reederei UG (haftungsbeschraenkt) & Co.",0.019788186754533477,84.46459122039215
5932531,5,31627.10122,1446355.0410391674,277478.65079589636,978.7852063494156,1723833.6918350637,Intermaritime Shipmanagement Pte Ltd,0.01976606981135496,84.4843572902035
1669206,3,27193.804959999998,1523563.1969793122,199789.99460549542,0.0,1723353.1915848076,Condor Marine Services Ltd,0.019760560230276506,84.50411785043379
5516811,1,22650.44792,1517701.940048908,204380.21548327492,0.0,1722082.1555321831,ARTANIA GMBH,0.019745986093880445,84.52386383652767
0093957,1,26974.86444,1423786.0264381492,297082.79352161626,0.0,1720868.8199597653,"""AS NANNE"" Schifffahrtsgesellschaft mbH & Co. KG",0.019732073571029428,84.5435959100987
5998630,5,42058.1815,1511159.9228382017,208721.00579338302,490.6985715607398,1719880.9286315849,PT PERTAMINA INTERNATIONAL SHIPPING,0.01972074606939668,84.5633166561681
1892445,2,32519.89924,1424278.0099386065,295074.6193826789,921.569175654839,1719352.6293212855,Wisby Shipmanagement AB,0.01971468840786116,84.58303134457596
6205571,1,30354.66424,1426270.0717894274,290015.08280700486,2935.8004766619115,1716285.1545964323,AGIOS V CONTAINER CARRIER CORP.,0.01967951568798499,84.60271086026394
6172325,8,27988.37027,1457980.38171061,257898.18267685687,199.28697254421058,1715878.5643874668,NOVELTY SHIPMANAGEMENT S.A.,0.019674853584852253,84.62238571384879
5548970,6,33293.66466,1456499.2388071024,258973.39041677408,3392.5608629263,1715472.6292238766,FCN MANAGEMENT INC.,0.019670198992695006,84.64205591284149
1915562,3,23976.48424,1483787.1538339376,227687.62110376713,3185.938415228199,1711474.7749377047,"Distribuidora Maritima Petrogas, S.L.U.",0.019624358220879035,84.66168027106237
0139127,5,45048.354699999996,1436082.9625282718,274738.29617812915,372.24634467158626,1710821.258706401,Carlova Maritime Co.,0.019616864779074303,84.68129713584145
5706451,1,16944.99724,1439549.0812508254,265560.5013734769,1124.5449325898146,1705109.5826243022,m.s. Emotion Bewaarder B.V.,0.01955137273728782,84.70084850857873
5651721,2,29157.81342,1444547.9525676093,260492.3083359162,1512.5999536542658,1705040.2609035254,Roswell Tankers Corp.,0.019550577870602704,84.72039908644933
6025045,11,31196.84765,1432612.0286003356,268760.2825087061,174.73243356873022,1701372.3111090418,Briese Heavylift GmbH & Co KG,0.01950851989711854,84.73990760634645
5924028,11,30456.06923,1416608.7054034618,276900.6086769856,1266.7296391156065,1693509.3140804474,DEVBULK GEMI ISLETMECILIGI A.S.,0.01941836006967705,84.75932596641613
0945348,6,28946.10014,1424575.5408675529,265167.6564290258,3622.1337444789747,1689743.1972965787,Ditas Deniz Isletmeciligi,0.019375176479740124,84.77870114289587
6183687,4,27198.57776,1407976.1108758387,281226.13079678215,8329.687244473249,1689202.2416726209,OHT Technical Management Ltd,0.01936897369656061,84.79807011659243
6369988,6,27077.4165,1458826.8324605445,229872.88079782587,2694.374782068128,1688699.7132583703,GN BULK DENIZ TASIMACILIGI LTD. STI.,0.019363211532979912,84.8174333281254
5257824,1,19536.21377,1389607.3758034287,295012.7920164434,64.19935642843987,1684620.167819872,"Jan Breuer GmbH & Co. KG MS ""Stina""",0.01931643406232373,84.83674976218772
5618799,7,31294.86034,1397562.5096727868,286167.9953542155,439.49069399176426,1683730.5050270022,LAUREL SHIP MANAGEMENT PTE. LTD.,0.01930623288285049,84.85605599507058
5460031,5,32631.39921,1399990.0638636649,283524.6024587583,1757.9819146670516,1683514.6663224231,PRIMEBULK SHIPMANAGEMENT LTD,0.019303758002052588,84.87535975307263
6136835,1,17767.25448,1389438.8138810445,286901.93544931954,3083.953811597816,1676340.7493303642,Fjordnes Shipping GmbH & Co. KG,0.019221499403234418,84.89458125247586
0993927,3,30822.86081,1385919.4467007983,289932.85976920766,50.88916278448568,1675852.306470006,"OSAKA FLEET CO., LTD.",0.01921589874945765,84.91379715122531
5925485,4,24113.9409,1432368.0145844277,241300.3963681397,941.2515285158406,1673668.4109525674,Borealis Denizcilik A.S,0.019190857452572194,84.93298800867788
5373608,7,31828.66998,1392870.3519869582,278325.7428036933,560.8705935561733,1671196.0947906515,KOBE SHIPMANAGEMENT COMPANY LTD.,0.019162509025410317,84.95215051770329
6159700,6,24901.29279,1415992.4568117922,254945.71089429874,87.29296273954766,1670938.167706091,SOLAR MARITIME DESIGNATED ACTIVITY COMPANY,0.01915955154477642,84.97131006924806
6241591,2,27825.8347,1387548.3343437845,282074.43929569307,0.0,1669622.7736394776,YANG MING (SINGAPORE) PTE. LTD.,0.019144468784140476,84.9904545380322
5978314,3,21977.43806,1439556.648973047,224854.86814591178,427.05835500510545,1664411.5171189588,Clearwater Ship Management B.V.,0.019084714725104885,85.0095392527573
6240704,7,31501.78954,1388932.6617152065,275271.26425049856,429.73004377920273,1664203.925965705,Navios Dry Cargo Management,0.01908233441356621,85.02862158717087
0112175,15,29880.42754,1403903.6806571279,259909.622563854,1416.2337833819295,1663813.303220982,ORONTES DENIZCILIK A.S.,0.019077855398868523,85.04769944256974
5239536,5,28220.89709,1392022.296451743,266708.2731609646,1363.1188140607908,1658730.5696127075,ASP SHIP MANAGEMENT SINGAPORE PTE LTD,0.019019575027734388,85.06671901759748
6383292,1,18966.1629,1359090.5860678838,297199.44544962357,310.93149579204197,1656290.0315175073,ED JL 0318 GmbH & Co. KG,0.018991590978811635,85.08571060857629
6481711,9,47887.29569,1398629.3919957522,251481.30704351433,3108.2895879795587,1650110.6990392664,Naftomar Tankers Ltd.,0.018920736627994036,85.10463134520428
1153199,2,19307.75666,1151228.9529225142,498329.9236406825,2880.005076837324,1649558.8765631965,Caronte & Tourist SpA,0.018914409241751886,85.12354575444603
5012700,6,27964.40179,1376419.9580389184,271297.6556058548,4181.189583756431,1647717.6136447731,Bright Navigation Inc,0.018893296688053115,85.14243905113408
6037913,1,16242.90178,1379903.106685097,267113.7559439936,2079.1384722346866,1647016.8626290907,"MS ""Andromeda J"" Shipping GmbH & Co.KG",0.018885261635970096,85.16132431277005
6459822,1,18437.88914,1354749.2621393972,289407.642088866,0.0,1644156.904228263,MS „F&L Meltemi“ UG (haftungsbeschrankt) & Co. KG,0.018852468369614947,85.18017678113966
5582106,1,28475.50822,1346644.48225504,286026.0738295648,523.8046964598002,1632670.5560846047,EVERWIN MARITIME LIMITED,0.018720761952481752,85.19889754309214
5467039,1,18278.50338,1330837.6055053007,284593.11756547174,1120.5514409874338,1615430.7230707724,"Reederei Hans Jurgen Hartmann MS ""Beltnes"" GmbH & Co. KG",0.018523084099623013,85.21742062719177
6071469,1,37279.81843,1613032.9208672885,0.0,1533.1834668954564,1613032.9208672885,Comet Arrow Gas Transport Pte. Ltd.,0.01849559007512844,85.2359162172669
6328658,1,33268.97609,1361434.8868189019,245252.67502577568,0.0,1606687.5618446777,Simone Shipping Co.,0.018422832006868665,85.25433904927377
1870450,8,29080.61034,1335594.1882264544,270933.9036698981,253.34237420945126,1606528.0918963526,Lemissoler Shipmanagement Ltd,0.018421003469611074,85.27276005274338
0975979,7,28859.75394,1335541.0238734428,268553.22019091336,107.5251324496,1604094.2440643562,Belships Management Singapore,0.018393096133546512,85.29115314887693
5389339,4,23551.211880000003,1415945.6716714166,185677.89589410846,2709.074915115399,1601623.567565525,HAVILA SUBSEA MANAGEMENT AS,0.01836476650732533,85.30951791538426
1474936,7,29688.910770000002,1342996.242916046,258082.97271344584,2119.5289395000736,1601079.2156294917,Charterwell Maritime S.A.,0.018358524780863816,85.32787644016513
1635748,7,19049.83754,1448439.451529007,149799.71232719847,1286.0880708609793,1598239.1638562055,Eidsvaag As,0.018325959770744492,85.34620239993588
5878663,8,27353.891460000003,1346180.2702902162,250483.1938290819,353.6749021066368,1596663.4641192982,SCOT GEMI ISLETMECILIGI A.S.,0.01830789225579281,85.36451029219167
1265841,5,63233.56679,1312916.0703144763,282709.0790130503,6003.804280218653,1595625.1493275266,Trireme Vessel Management NV,0.018295986581389572,85.38280627877306
0533554,11,30213.71967,1350642.597917278,243443.07410674833,0.008227470951644578,1594085.6720240265,Niovis Shipping Co S.A.,0.018278334405313592,85.40108461317837
5485097,6,28543.70112,1319760.6052670432,271281.432248615,826.2681442955884,1591042.0375156582,C Transport Maritime S.A.M,0.01824343504555655,85.41932804822393
1985519,3,16863.75021,1295504.7234646443,294237.8481420146,0.0,1589742.5716066589,Rederi AB Alvtank,0.018228534922652345,85.43755658314659
6131542,6,28713.13254,1324839.2061224997,262239.35451656196,3968.2755894026286,1587078.5606390615,Masterbulk AS,0.018197988456938655,85.45575457160352
6136821,1,17668.4809,1319073.3094583338,267351.8690926909,2082.5169801252796,1586425.1785510248,Starnes Shipping GmbH & Co. KG,0.018190496553266742,85.4739450681568
6256038,5,28080.489410000002,1328941.36097444,256585.5586456685,894.8001032882388,1585526.9196201083,MASCOT OCEAN LIMITED,0.01818019680751907,85.49212526496432
5451299,9,29839.09687,1322132.5985462675,262168.7821780458,833.0633381098003,1584301.3807243132,Starbulk SA,0.01816614435716638,85.51029140932148
1648580,7,27216.456570000002,1323677.0782214976,251707.6267054611,2779.064219914633,1575384.7049269588,RAFFLES SHIPMANAGEMENT SERVICES PTE LTD,0.01806390268667895,85.52835531200816
6406769,12,27943.13482,1321236.894735767,253437.7782733117,802.6689769288785,1574674.6730090787,MTM SHIP MANAGEMENT (INDIA) PRIVATE LIMITED,0.01805576121658031,85.54641107322475
6194797,1,26220.2549,1328187.64540524,242535.61715507283,2239.6168894497514,1570723.2625603126,EVANTONE SHIPPING CO,0.018010452985772682,85.56442152621052
1872252,1,16127.5142,1349404.6916985342,220504.83887881003,4679.42123780528,1569909.5305773441,Two star Shipping Co Ltd,0.018001122455072835,85.5824226486656
6421451,1,16294.0579,1349141.854375345,218103.75185549253,2198.9804759093786,1567245.6062308375,Fourth NautiCore Shipping GmbH & Co. KG,0.017970576982586355,85.60039322564819
1429348,5,28449.960219999997,1321553.1249388286,244993.89629270232,1112.3285979831699,1566547.021231531,Magna Marine Inc,0.017962566766791838,85.61835579241499
0209082,3,24756.68338,1311510.0906601332,254084.78481427673,478.7585670391665,1565594.87547441,"FUYO KAIUN CO., LTD.",0.017951649136167154,85.63630744155115
6357044,6,28307.97447,1307641.746821869,245683.10179041972,483.19862270906515,1553324.8486122887,TAI RONG SHIPPING LIMITED,0.017810956789398074,85.65411839834056
4210541,1,27511.81111,1314172.7522661365,238930.32101767402,0.0,1553103.0732838104,Front Altair Inc,0.017808413837229364,85.67192681217779
0517979,1,26956.2958,1329565.3013214972,221709.01567590688,1438.0081090272322,1551274.316997404,Dorian (Hellas) S.A.,0.017787444688873423,85.68971425686667
5385234,1,17623.18323,1369125.8861140797,179538.0224827403,3924.4060145808357,1548663.90859682,Target B.V.,0.017757512848623123,85.70747176971528
5772007,5,27736.072079999998,1278964.0206284905,267332.039434009,505.03397031169584,1546296.0600624995,ALPHA BULKERS SHIPMANAGEMENT,0.01773036228319806,85.72520213199849
5706447,1,15306.24952,1300330.5413292523,241675.6590621271,0.0,1542006.2003913794,m.s. Empire Bewaarder B.V.,0.0176811732772389,85.74288330527573
5360964,4,24721.92751,1288364.5146824548,250651.63475027826,1191.004386932737,1539016.149432733,Grace Management S.A.,0.017646888324886454,85.76053019360062
6297399,7,28223.15697,1292148.9866141127,245658.92946759862,160.59419079546242,1537807.9160817114,"MISUGA SHIP MANAGEMENT CO., LTD.",0.017633034305860246,85.77816322790648
6393696,6,26715.80074,1281766.1311940562,254024.78940135508,1449.9663315001774,1535790.9205954112,Wallenius Wilhelmsen Shipowning Norway AS,0.017609906742116575,85.7957731346486
1887626,9,26594.84199,1280726.9524433457,252283.5655737478,501.6926734432814,1533010.5180170934,"NEW CENTURY OVERSEAS MANAGEMENT, INC.",0.017578025690175775,85.81335116033877
5593542,2,16215.268820000001,1344371.7562867887,186127.90833997133,1170.9216892459153,1530499.66462676,CSL Europe Limited,0.017549235381902718,85.83090039572068
1409889,4,27735.70934,1276643.3133643982,253787.1136988122,2004.1989904764869,1530430.4270632104,"B&S ENTERPRISE CO., LTD.",0.017548441480193307,85.84844883720086
6004971,4,24494.68625,1290168.1421189513,239235.16899755638,666.6177109087475,1529403.3111165077,TAS Transatlantische Schifffahrts GmbH & Co. KG,0.017536664215598095,85.86598550141646
6160061,6,25927.64527,1276938.465575089,250759.02582859393,296.3671657487827,1527697.4914036829,Wah Kwong Ship Management (Shenzhen) Ltd,0.017517104700263766,85.88350260611672
1425345,3,27917.9998,1279683.7477119877,238867.29124606325,1321.615909194732,1518551.038958051,Estoril Navigation Ltd,0.017412228331723748,85.90091483444844
5404929,11,27844.91968,1268885.5629872587,249305.53114510886,1628.4485736306308,1518191.0941323675,"Yangtze Navigation (Hongkong) Co., Limited",0.017408101080593666,85.91832293552903
6383289,1,15155.98706,1269656.9600789775,246882.7667089868,0.0,1516539.7267879643,"MS ""Elbinsel"" GmbH & Co. KG",0.01738916593483786,85.93571210146388
6191378,1,15114.827,1282166.8509209284,232908.48281714067,0.0,1515075.333738069,HS Schiffahrts UG (haftungsbeschrankt) & Co KG ms 'Simke Schepers',0.017372374700629717,85.9530844761645
6028124,2,18570.85848,1281629.5893680188,229945.56378486875,0.0,1511575.1531528875,Briese Dry Cargo GmbH & Co KG,0.017332240426583014,85.97041671659109
5201770,1,15092.59847,1282179.9822952414,228801.14280122,0.0,1510981.1250964615,Liverina Shipping Company Limited,0.017325429096645077,85.98774214568773
4106610,4,18659.09575,1279001.9790250533,230753.69656277448,0.0,1509755.6755878278,Ranmarine Denizcilik Tic.Ltd.Sti.,0.01731137767123631,86.00505352335897
6443566,1,16481.52032,1253472.9613370036,256135.67488789736,159.66581168052397,1509608.636224901,ED JL 0295 GmbH & Co. KG,0.01730969166734487,86.02236321502632
6477523,2,24123.03771,1258647.8331679732,247523.41423775692,1243.805923029365,1506171.2474057302,ONN DENIZCILIK VE DANISMANLIK LIMITED SIRKETI,0.01727027738527676,86.0396334924116
6036685,1,17884.11129,1247503.835480506,253584.1248965293,1411.6505977458069,1501087.9603770354,CARRAN SHIPPING CO.,0.0172119906684338,86.05684548308002
5795503,2,21368.89261,1316390.3081121615,182599.05736340157,0.0,1498989.365475563,MAMBA POINT SHIP MANAGEMENT PTE. LTD.,0.017187927457739678,86.07403341053777
4157668,10,24961.00701,1252924.2377602712,245991.13604468218,16.919112881507523,1498915.3738049534,Arkas Konteyner Tasimacilik A.S.,0.017187079043804124,86.09122048958157
6223082,1,14795.95938,1246172.1202596433,251150.19536844202,64.07017314624413,1497322.3156280853,"HS Schiffahrts UG (haftungsbeschrankt) & Co. KG MS ""Nike Schepers""",0.01716881249101155,86.10838930207258
5706380,1,14863.6914,1229881.7690244638,266255.7697193943,347.99287079701264,1496137.5387438582,m.s. Energizer Bewaarder B.V.,0.01715522743189858,86.12554452950448
5647962,3,28806.46643,1243485.5194030248,249879.71752427056,1002.8148580631773,1493365.2369272953,Gestmar Tehnika doo,0.017123439266077317,86.14266796877055
1931386,1,21480.90532,1318631.6477425727,172916.48793061308,6479.653166179775,1491548.1356731858,Mighty Servant 1 BV,0.017102603758329008,86.15977057252888
6492781,3,25965.45532,1239492.2767150418,251847.04790203943,1414.939282200029,1491339.3246170813,Delia Bulkers LLC,0.01710020945896481,86.17687078198784
6235006,1,27661.87968,1224927.0611607211,265777.90871007997,0.0,1490704.969870801,Thalassa Niki GmbH & Co. KG,0.017092935729335592,86.19396371771718
6183293,6,28074.81618,1293499.093574802,195350.20666130455,6199.254124317575,1488849.3002361064,SAMSUN SHIPPING LTD.,0.01707165798327464,86.21103537570046
5415441,1,18598.84454,1285523.3659521462,202926.55446558303,0.0,1488449.9204177293,"NAVITOSA Schiffsbetriebsgesellschaft mbH & Co. MS ""MONTPELLIER"" KG",0.017067078556959513,86.22810245425742
6183903,5,16959.80412,1308810.229298782,171629.89724814484,3464.8734422728003,1480440.1265469268,OSM Offshore Bergen AS,0.01697523550645253,86.24507768976387
5623471,8,27568.75881,1241471.7746857621,237875.78882387246,572.2918168004427,1479347.5635096347,Aims Shipping Corp,0.01696270780301414,86.26204039756689
5987547,3,26978.107490000002,1239658.8787434914,237948.88082911793,0.0,1477607.7595726093,MARLA DRY BULK SHIPMANAGEMENT,0.016942758612880426,86.27898315617978
5245751,2,27089.034460000003,1226633.4423472197,249782.85078993056,0.0,1476416.2931371504,DFDS Iberia S.L.U.,0.016929096849072983,86.29591225302885
6485917,5,15769.92928,1302412.416785065,170789.44342815998,2511.5802027967266,1473201.860213225,Edda Wind Management AS,0.016892239055958037,86.31280449208481
6209910,1,18152.22957,1266436.2868509963,205445.6322668681,0.0,1471881.9191178645,SP Cruises Vessel (PP) Limited (Bermuda),0.016877104157527086,86.32968159624234
0133101,4,19843.20678,1300973.9302466754,170600.38695980946,216.27641120533946,1471574.3172064847,Acechem Tanker BV,0.01687357708824933,86.34655517333059
5248503,2,15871.60139,1290730.0692810863,179443.1743945455,918.942400801594,1470173.243675632,Synergas srl,0.016857511897417493,86.363412685228
5233174,1,17002.13271,1262753.7956682069,203971.51211756558,0.0,1466725.3077857725,"MS ""Kaethe"" Jens und Waller GmbH & Co. KG",0.016817976679010496,86.380230661907
6183262,1,19798.76128,1194921.4053066752,259081.62149107087,1597.4586543749233,1454003.026797746,BERG SHIPPING CO.,0.01667209863093655,86.39690276053794
6368857,1,19260.04888,1246363.5730975259,204852.4453050919,4148.121585250559,1451216.018402618,YELLOW TRADER SHIPPING COMPANY LTD,0.01664014183442894,86.41354290237237
0235574,4,25108.60051,1212299.8230499707,236709.89048311635,1368.1191983763758,1449009.713533087,"KITAURA KAIUN CO., LTD.",0.01661484358420745,86.43015774595658
5615220,10,26079.25255,1215516.1406749175,233208.68277220213,494.51440873008056,1448724.8234471197,Mercantile shipping lines ltd,0.01661157693652881,86.4467693228931
6446217,1,17782.34617,1226997.7566407328,221579.80019824914,210.0751748827343,1448577.5568389818,ED JL 0296 GmbH & Co. KG,0.016609888326965645,86.46337921122007
6506967,10,26391.48646,1204911.310063591,241153.52740355817,725.3538326858328,1446064.8374671491,Genco-Synergy Bulk Carriers Pvt Ltd,0.016581076622707146,86.47996028784279
5020832,6,27769.18666,1209693.962687283,230819.52224710697,1704.7449870126802,1440513.48493439,DORIKO Limited,0.016517422905860977,86.49647771074865
0606585,6,26268.59678,1188586.2456831827,245669.02605600219,1099.2792353480622,1434255.2717391849,Carras (Hellas) S.A.,0.016445664081621333,86.51292337483027
0317161,4,18342.551919999998,1267139.8335531023,166165.4956782215,4015.2111081267917,1433305.329231324,Micoperi SpA,0.016434771714210202,86.52935814654448
4086386,2,17391.739260000002,1253677.4563472641,177781.51530962397,658.4881813134231,1431458.971656888,Ekships AB,0.016413600743433912,86.54577174728792
1708527,6,29797.39252,1269268.9189204075,153837.19125405917,0.0,1423106.1101744666,"MITSUBISHI ORE TRANSPORT CO., LTD.",0.016317823961736158,86.56208957124966
6192813,1,14000.84998,1189431.337165543,232559.27485971665,0.0,1421990.6120252598,Nordic Italia Schifffahrtsgesellschaft mbH & Co KG,0.016305033276418836,86.57839460452608
1623348,1,14206.13026,1206870.7639348395,214734.45897489105,0.0,1421605.2229097306,Balfer Company Limited,0.01630061427231295,86.59469521879839
0544545,9,24445.166469999996,1189606.9987123774,228564.2588381699,1376.6561578761145,1418171.2575505474,Alloceans Shipping Company Limited,0.016261239244814134,86.6109564580432
1509747,5,25608.90716,1215628.6735878764,198571.10774922132,1190.9938278301122,1414199.7813370978,Trans Ka Tanker Isletmeciligi Ticaret Ltd Sti.,0.01621570093304949,86.62717215897625
0325714,5,30579.38597,1176469.5586679587,234140.48838420887,2330.052164251928,1410610.0470521676,Ership,0.01617453980549048,86.64334669878174
5504733,1,16585.80332,1162120.0096042776,248191.5104083396,1187.7744922892227,1410311.520012617,Reederei Hans-Jurgen Hartmann MS „Fitnes“ GmbH & Co. KG,0.0161711167918133,86.65951781557355
1580214,6,26712.6341,1168755.7831454843,240313.50303291157,705.4386592610855,1409069.2861783959,U-Ming Marine Transport (Singapore) Private Limited,0.016156872911556437,86.6756746884851
6318299,1,26476.66671,1151684.3814701794,251362.45580735273,1562.8914467575278,1403046.837277532,POLLUX MARINE LIMITED,0.016087817441777875,86.69176250592687
5467365,1,15650.16486,1154923.0199677858,247075.00617660963,1906.2635593836637,1401998.0261443953,Reederei Hans-Jurgen Hartmann MS „Bulknes“ GmbH & Co. KG,0.016075791412715618,86.70783829733959
5091662,2,24968.69492,1161927.7004278232,236347.73727988504,223.1019342409722,1398275.4377077082,Fleet Management India Pvt Ltd,0.0160331069337737,86.72387140427337
4012481,4,18841.45655,1208354.5064375834,189441.3389371586,880.3417521156183,1397795.845374742,Uni-Tankers A/S,0.016027607763187058,86.73989901203656
5322934,7,25640.70937,1158751.1575207359,238200.71382019107,1609.7027728869652,1396951.871340927,Huayang Maritime Center,0.016017930466734172,86.75591694250329
4132369,1,16075.40935,1194946.8626892632,199255.99106331647,1702.5329422789257,1394202.8537525795,"TMS ""Seasprat"" GmbH & Co. KG",0.015986409285879383,86.77190335178916
0099721,6,50157.44588,1231335.8489105608,161471.95280526078,927.7210344614997,1392807.8017158215,Jadrolinija Rijeka,0.01597041313956919,86.78787376492873
5863825,1,25029.54906,1153115.6621913393,236555.66333774,0.0,1389671.3255290794,STI Spiga Shipping Company Limited,0.015934449225206426,86.80380821415395
5108185,3,17468.904739999998,1190348.4936165395,199108.53928825437,229.3677775020387,1389457.032904794,Asia Pacific Shipmanagement Pte Ltd,0.015931992072296754,86.81974020622624
5140300,1,16155.92319,1178021.7250013233,209416.67284348974,720.2900337525219,1387438.397844813,"MS ""JPO GEMINI"" Schiffahrtsgesellschaft mbH & Co. KG",0.015908845708637535,86.83564905193488
5256959,3,18306.4334,1203291.1862982921,183320.96317050894,32.34552306743521,1386612.149468801,Chemfleet,0.01589937166067158,86.85154842359555
0542257,3,25404.663950000002,1150378.2238778884,228514.52311670716,1487.1398301277861,1378892.7469945955,E. NOMIKOS CORP,0.015810858337762416,86.8673592819333
5604684,4,21913.23713,1189294.241437969,188928.75583790796,1250.1847006104376,1378222.997275877,Leon Shipping & Trading SA,0.015803178757209473,86.88316246069051
6209781,1,14214.13498,1176159.6031838383,200850.34955543632,0.0,1377009.9527392746,"MS ""Elbwave"" GmbH & Co. KG",0.015789269571475178,86.89895173026198
5286122,5,21045.96066,1201859.9786377645,172368.41452617626,3102.625076585202,1374228.3931639406,CNAN MED Spa,0.01575737525300878,86.91470910551499
1190169,5,24485.38834,1156818.4463894751,216095.06438691064,1968.7123401727913,1372913.5107763857,Samios Shipping CO. S.A.,0.015742298359460852,86.93045140387444
6403530,7,24633.02059,1144014.3599213893,228128.22419230186,155.71396467528456,1372142.584113691,Synergy Marine Shanghai Ltd,0.0157334586492809,86.94618486252372
5460151,6,30172.56474,1145897.8375315554,226205.8723179207,1098.9885395292927,1372103.709849476,Chartworld Maritime Management Corporation,0.01573301290360139,86.96191787542732
5879304,1,15836.0499,1180917.455970632,189625.72015497333,0.0,1370543.1761256051,CS LUCY LTD,0.015715119287369666,86.97763299471468
0022398,8,27783.52951,1160890.6667712538,208407.33641353913,1477.859917834741,1369298.003184793,Dalex Shipping Co. S.A,0.015700841706306087,86.99333383642099
1296732,3,25748.101,1135275.8232294596,228267.55210284633,223.36869975694464,1363543.375332306,Liberty Maritime Corporation,0.01563485716475235,87.00896869358574
5898578,1,20759.95396,1168648.1087645625,191935.87724705547,3564.4611119491665,1360583.986011618,Kmarin No. 17B S.A.,0.015600923789283032,87.02456961737502
5015651,3,21024.02788,1153454.5055095889,206842.6127162925,1265.7163325547683,1360297.1182258814,EUROPEAN PRODUCT CARRIERS LTD,0.015597634464618851,87.04016725183963
6271525,4,25012.802770000002,1133397.9508989537,225940.02067061598,2251.6631993292694,1359337.9715695698,"YANGPU XUHUI SHIPPING CO., LTD",0.015586636559276949,87.05575388839891
6032118,4,23450.56104,1139275.4867576482,219330.39286589657,1779.4484414063597,1358605.8796235449,GLOBAL PACIFIC SHIPPING JOINT STOCK COMPANY,0.01557824214131076,87.07133213054023
1425464,6,25216.71078,1121179.8378859397,236130.36795630958,280.20619398227944,1357310.2058422493,V.Ships Greece Ltd.,0.015563385500246643,87.08689551604047
0779527,2,23419.00856,1123827.6240074234,232960.67821120424,0.0,1356788.3022186277,SAL Heavy Lift GmbH & Co. KG,0.015557401173853576,87.10245291721432
6002706,1,17019.80206,1117636.0828967786,238306.179357106,468.37028256026565,1355942.2622538847,"MS ""RITA"" Schiffahrtsgesellschaft mbH & Co. KG",0.015547700188726348,87.11800061740306
6078687,1,15290.02961,1143905.1478690235,209481.03843754786,615.575405920623,1353386.1863065714,m.s. Essence Bewaarder B.V.,0.015518391343066222,87.13351900874612
6438398,1,14911.53655,1145003.51592627,207121.26557159008,380.3823282207939,1352124.78149786,ED JL 0294 GmbH & Co. KG,0.015503927641824355,87.14902293638795
0003376,18,62615.96738,1159758.9210491707,191593.40965318726,1580.8687586990886,1351352.330702358,Carisbrooke Shipping Ltd,0.015495070455413595,87.16451800684337
5840540,6,57279.71509,1140968.175022417,210198.82270926982,2076.7057090519424,1351166.9977316868,AMANN SHIP MANAGEMENT LIMITED,0.015492945363849379,87.18001095220721
6040869,1,15318.57016,1173762.0225420645,171872.33555447156,0.0,1345634.358096536,AS SARA OpCo B.V.,0.015429506215521187,87.19544045842274
6196161,1,18591.25414,1116401.2826044427,229174.0134035268,711.6779214151629,1345575.2960079694,"MS ""Lodur“ Schiffahrtsgesellschaft mbH & Co. KG",0.015428828989306533,87.21086928741204
5841622,5,24515.01462,1115128.0294819637,227180.60096217628,1080.1318230834222,1342308.63044414,OLIVE SHIPMANAGEMENT INC,0.01539137227878345,87.22626065969082
6165341,6,31453.25469,1136444.5520736207,200012.79620798834,1629.9652286729865,1336457.3482816091,Norden Asset Management A/S,0.015324279465678377,87.2415849391565
1405603,6,21203.46048,1137312.9456499205,197955.84970596217,387.10641575651164,1335268.7953558827,V.Ships Limited (Cyprus),0.01531065110917527,87.25689559026567
5896625,1,23713.13078,1120020.962882152,213552.7893022505,1158.106844247769,1333573.7521844027,Front Hera INC,0.015291215161369266,87.27218680542704
5739145,2,17476.21078,1135055.4188417802,198249.29312069213,0.0,1333304.7119624722,Diamond Ship Management Pte Ltd,0.015288130253681287,87.28747493568072
5848341,6,21007.18166,1127410.844481071,204390.8889668825,416.8791230702772,1331801.7334479536,DONNELLY TANKER MANAGEMENT LTD,0.01527089658526904,87.30274583226598
5174893,3,22810.090729999996,1119434.0251966442,210061.46068156871,2083.207742843302,1329495.4858782128,Blue Line Ship Management SA,0.015244452357683933,87.31799028462366
5360142,1,20742.98942,1122478.2688916114,204651.17536198473,83.67829994314049,1327129.444253596,FRANCIS MARITIMA S.A.,0.0152173225109068,87.33320760713457
5501190,7,21569.059119999998,1161229.022452261,165810.091487502,0.0,1327039.113939763,HICRI ERCILI DENIZCILIK ANONIM SIRKETI,0.015216286752470377,87.34842389388704
5269521,7,24675.87811,1115069.7101066755,210032.8056401888,549.7546110277165,1325102.5157468643,Globus Shipmanagement Corp,0.015194081051735621,87.36361797493878
1692605,4,24224.467060000003,1099406.2709172883,222658.8883018448,657.9060496021243,1322065.159219133,Ulusoy Denizyollari,0.015159253677463106,87.37877722861624
6037034,8,29448.82279,1109612.09193026,209874.70097788467,820.7137543769545,1319486.7929081446,PIONEER MARINE HELLAS S.A.,0.015129689242829049,87.39390691785907
5808479,8,27226.69951,1115602.936333973,202822.90954917372,1299.5838295119154,1318425.8458831466,Nova Ship Tech SA,0.015117524059458062,87.40902444191853
1798626,7,22976.51671,1122583.9052207137,191584.32259209224,1393.223839233569,1314168.227812806,BAYRAKTAR GEMI ISLETMECILIGI VE KIRALAMA A.S,0.015068704746778974,87.42409314666531
0110046,1,13342.49151,1082858.516031049,230057.10494851353,194.09490942954994,1312915.6209795624,"Jorg Kopping Dritte Bereedereungsgesellschaft mbH & Co. MS. ""Marburg"" KG",0.015054341926148804,87.43914748859146
6476074,1,22650.30534,1310875.9566558087,0.0,0.0,1310875.9566558087,PINK DIAMOND SEA INC.,0.015030954433720734,87.45417844302519
0198232,3,16664.983790000002,1093957.8303456279,216906.72630194356,0.0,1310864.5566475715,"DAIWA KISEN CO., LTD.",0.015030823717306654,87.4692092667425
5997628,4,39967.89207,1122138.4154676455,188170.14854000034,5226.575957741017,1310308.564007646,SAL Ship Management UG (haftungsbeschrankt) & Co. KG,0.01502444851453192,87.48423371525703
6457548,1,14624.78604,1152436.2696740339,155659.52139227538,2730.7589625731216,1308095.7910663092,Coral Shasta Shipping B.V.,0.014999076099175205,87.4992327913562
1738305,3,13600.1726,1155390.1815432466,151508.69482022134,2812.3812893839577,1306898.876363468,MED OFFSHORE SpA,0.014985351863660689,87.51421814321986
5768968,17,14629.2986,1154346.2266660957,151372.16795892204,0.0,1305718.3946250177,Glomar Shipmanagement,0.014971816054165983,87.52918995927404
4092606,1,24126.70474,1074032.225024503,230332.4298078635,1210.7218464910732,1304364.6548323664,Samco Delta Ltd,0.014956293608250988,87.54414625288229
6444326,1,14616.4028,1077145.6775271154,226690.62238428008,535.8557304566814,1303836.2999113956,m.s. Energy Custodian B.V.,0.014950235309064386,87.55909648819134
6050128,5,24336.30185,1076375.7068168079,226874.7751073051,1026.9737716541545,1303250.481924113,CENTURY BULK CARRIERS MGMT CO,0.014943518118602091,87.57404000630994
6373411,1,15106.4707,1075805.1652964184,227205.2741849826,131.01657741406362,1303010.439481401,"MS ""F&L Bora"" UG (haftungsbeschrankt) & Co. KG",0.014940765709420854,87.58898077201937
1584923,1,23997.93238,1079467.5775485043,222290.37998685904,0.0,1301757.9575353633,Orange Star shipping LTD.,0.014926404320790326,87.60390717634016
6463025,1,25115.0197,1071538.5917395703,227769.5167041027,0.0,1299308.108443673,ZIM ANTWERP LP,0.014898313508780446,87.61880548984894
6153609,7,14109.42807,1145932.2388947844,150269.54625925634,0.0,1296201.7851540407,GEO@SEA Luxembourg S.A.,0.01486269533790333,87.63366818518683
6414083,1,13240.38832,1086336.5631761118,209410.68075480423,708.763389411878,1295747.243930916,Nordic Elbe GmbH & Co. KG,0.014857483411955384,87.6485256685988
5223164,1,19242.14168,1136329.3983228696,159216.22083893625,0.0,1295545.6191618058,MS AMADEA SHIPPING LTD,0.014855171513028703,87.66338084011183
4116704,1,20940.37926,1108594.9486060182,186398.42468049758,0.0,1294993.3732865157,KUJYUKURI MARITIMA S.A.,0.014848839271945519,87.67822967938378
1626603,4,19442.86602,1107525.146406394,186232.94355142047,1397.2559404028316,1293758.0899578144,Roxana Shipping SA,0.014834675088574719,87.69306435447236
6408836,5,24561.671019999998,1074675.4236444656,216821.71045615032,1474.9109460773857,1291497.134100616,Sino Cosmos Ship Management Limited,0.01480875019133814,87.70787310466369
5899426,2,13015.43276,1105718.6959410533,181408.3886126266,4782.733854815046,1287127.08455368,VIKEN CRUDE AS,0.014758641700691421,87.72263174636439
0297888,4,24396.64085,1062851.2374186197,223731.31382338458,1490.9662883065312,1286582.5512420041,"TOYO SANGYO CO., LTD.",0.014752397894514426,87.7373841442589
5001095,1,17391.34966,1071365.3573348986,214561.94523077641,3263.769952214652,1285927.302565675,WESTERN BRIDGE (SHIPPING) LIMITED,0.01474488458789937,87.7521290288468
0247648,4,23429.079130000002,1063788.1440274753,215159.97718126694,780.9998023044739,1278948.1212087423,"MASUMOTO SHIPPING CO.,LTD.",0.014664858894828952,87.76679388774163
5706393,1,13991.94404,1052588.872573629,226170.73181862448,376.1084551526477,1278759.6043922536,m.s. Endurance Bewaarder B.V.,0.014662697296193898,87.78145658503782
5625036,8,23208.90139,1078378.4227767868,199653.68236794774,254.82381041521205,1278032.1051447345,Aruna Denizcilik Ltd. Sti.,0.014654355539687873,87.7961109405775
0072749,1,16500.62274,1276232.7924687709,0.0,0.0,1276232.7924687709,MPCC Vestland AS,0.014633724001892778,87.8107446645794
5722977,6,20131.79822,1098835.0727007522,177183.09416161466,1512.7400760840642,1276018.1668623667,GN GROUP CORPORATION PANAMA ISTANBUL MERKEZ SUBESI,0.014631263030895644,87.8253759276103
0067761,3,23597.44252,1052351.6480992567,222547.56441321527,4549.239892192968,1274899.212512472,MARMARAS NAVIGATION LTD,0.014618432715592898,87.83999436032589
6166202,6,21697.55844,1057207.4938836722,217214.04929340017,2260.0773859724977,1274421.5431770724,APEX SHIPPING AND ENERGY LIMITED,0.014612955594757535,87.85460731592065
5796603,5,23964.94648,1052668.6930133207,220728.06045009033,1473.2815318487167,1273396.753463411,Asiatic Lloyd Shipmanagement LLP,0.014601205003550197,87.86920852092419
1355058,5,20884.31484,1076622.7010268727,196441.40352479732,2314.6379396368006,1273064.1045516701,Q Shipping B.V.,0.01459739073675446,87.88380591166094
0084171,3,21912.36708,1069147.9790432008,202871.24349567317,1160.7495805533836,1272019.222538874,PLEIADES SHIPPING AGENTS,0.014585409760336966,87.89839132142129
6209883,1,15419.03756,1097009.1983017705,174868.4903069802,0.0,1271877.6886087507,SP Cruises Vessel (AJ) Limited,0.014583786883630968,87.91297510830492
5885581,1,23950.95416,1074386.200389027,196850.53933521645,1446.6111240981834,1271236.7397242433,Front Aphrodite INC,0.014576437543345597,87.92755154584826
5482305,6,23159.90693,1051330.1015976153,217088.58288795964,731.3084985093531,1268418.684485575,Eagle Ship Management LLC,0.014544124753055209,87.94209567060132
6205245,1,12392.33762,1045091.5357756848,222959.93926486743,680.2990493472614,1268051.4750405522,GREEN FEEDER A/S,0.01453991420330201,87.95663558480462
6302072,3,24642.50385,1058445.8376166662,208675.63769122056,260.7289898996262,1267121.4753078867,"Shanghai Oriental Ark Ship Management Co.,Ltd.",0.01452925050660814,87.97116483531123
5670964,1,23088.92725,1051590.1915012193,213118.84410349175,0.0,1264709.0356047112,DSS 1 LLC,0.014501588643509332,87.98566642395474
5395417,1,19368.40016,1033564.807418153,228025.82848674877,2314.7736618380945,1261590.635904902,"Kommanditgesellschaft MS ""CPO PALERMO"" Offen Reederei GmbH & Co.",0.01446583200036093,88.0001322559551
4210554,1,19341.32866,1082205.8662537315,178643.77291848167,730.8863812486145,1260849.6391722132,Front Antares Inc.,0.014457335477049147,88.01458959143214
5624320,4,23552.48547,1060131.2181191375,198066.20489315648,969.4156942084792,1258197.4230122939,Finner Ship Management Ltd,0.014426924254655669,88.02901651568679
4230631,2,16581.4424,1080230.4673242907,177186.57642886532,296.9022919047232,1257417.043753156,CHUNG YANG SHIPPING CO. LTD,0.01441797615775484,88.04343449184455
1692287,1,15997.99313,1090923.239999067,166420.16639874928,472.2134926200462,1257343.4063978163,GESTIONI ARMATORIALI SRL,0.014417131806519995,88.05785162365108
5917335,1,21827.36098,1042181.5885666303,214849.51175652153,1073.9473175334933,1257031.1003231518,STI JERMYN SHIPPING COMPANY LIMITED,0.014413550797688595,88.07226517444876
5687455,1,19265.6762,1051461.6523630272,204710.84256169264,0.0,1256172.49492472,DSS 6 LLC,0.014403705732978353,88.08666888018173
5726277,4,14071.58284,1109737.2133600442,145525.45198179322,1485.1067105549005,1255262.6653418373,GOLDEN ENERGY OFFSHORE MGMT AS,0.014393273314156936,88.10106215349589
1971011,2,16734.56154,1250667.8892672095,0.0,0.0,1250667.8892672095,V.Ships France SAS,0.014340588031876626,88.11540274152776
6209764,1,13130.6065,1075761.0681076718,173384.73105483956,0.0,1249145.7991625112,"MS ""Elbwater"" GmbH & Co. KG",0.014323135223400299,88.12972587675117
5834064,3,22027.0112,1037664.5325793037,210088.19834336487,680.1578575778648,1247752.7309226687,Qinhuangdao Hezhong Ship Management Co. Ltd,0.014307161823987623,88.14403303857516
5930432,1,14952.78668,1071357.6010143012,174966.11267090036,342.0040397673406,1246323.7136852015,Woodlands Park Shipping Co. Pte. Ltd.,0.014290776221007941,88.15832381479616
5889760,6,22932.25044,1033619.2307927556,210189.05681961996,1140.9637223443374,1243808.2876123756,RUBICON MARITIME (UK) LIMITED,0.014261933480785218,88.17258574827694
4109177,2,24174.6875,1042053.7902292665,199999.7009533463,2619.305604690615,1242053.4911826127,"Jiangsu Fanzhou Shipping Co., Ltd.",0.014241812381574955,88.18682756065851
5207133,1,27664.79339,1154692.1024949595,87326.51042781037,705.9392280258832,1242018.61292277,"MS ""JPO PISCES"" Schiffahrtsgesellschaft mbH & Co. KG",0.014241412455455505,88.20106897311398
0539227,1,16875.3827,1054875.821577964,184715.75581055554,214.41719939533823,1239591.5773885194,Fairfield-Maxwell Services Ltd,0.014213583231539149,88.21528255634551
4202744,1,21897.51336,1025133.3921374507,213619.86089508556,0.0,1238753.2530325362,STI GRATITUDE SHIPPING COMPANY LIMITED,0.014203970716234797,88.22948652706175
6447281,1,21706.87696,1032447.8768630909,205482.09973689195,610.0011721353447,1237929.976599983,FRONT VEFSNA INC.,0.014194530745594377,88.24368105780735
6423974,1,22026.41967,1045902.1129056993,191105.06763673696,1154.3636720240752,1237007.1805424362,LATTE MARITIMA S.A.,0.014183949648716235,88.25786500745606
5114158,6,15686.02826,1093411.760738835,143384.38498220564,9.60352186881627,1236796.1457210407,OSM Offshore AS,0.014181529850894619,88.27204653730696
5791770,1,22134.82152,1017196.9057201315,218032.28947895774,0.0,1235229.1951990891,Buloh Park Shipping Co Pvt Ltd,0.014163562657449835,88.2862100999644
6259899,3,22565.18102,1028165.6810740993,205791.34066219698,763.9410858641693,1233957.0217362964,Navios International Management Inc.,0.014148975479117717,88.30035907544352
0297565,4,22163.09131,1019402.812643042,213899.7146473716,273.291662289075,1233302.5272904136,"TOSHIN KISEN CO., LTD.",0.014141470820768285,88.3145005462643
1981635,6,21568.31149,1031233.3194631098,200925.5659315572,114.16361881159028,1232158.885394667,"SHANGHAI CP INT'L SHIP MANAGEMENT & BROKER CO.,LTD.",0.014128357429576554,88.32862890369387
5651678,1,13519.48698,1061703.215316873,170384.85911661317,409.8833784050454,1232088.0744334862,MS 'Wes Heinrich' Schiffahrts GmbH & Co. KG,0.014127545486748926,88.34275644918061
6227951,3,16313.88633,1084866.3640756644,144770.01981003684,1028.6830358018592,1229636.3838857012,Scenic Cruise Services d.o.o.,0.014099433559970322,88.35685588274059
4093096,1,13573.09337,1068017.1007037386,160327.49916329762,389.48039662704645,1228344.5998670363,"TESCH Bereederungs-UG (haftungsbeschrankt) & Co. KG MS ""ALEXANDER B""",0.014084621520261931,88.37094050426086
4110166,1,15161.83138,1035624.7162604181,192034.77868339996,0.0,1227659.494943818,"MS ""MIRA"" GmbH & Co. KG",0.01407676587165466,88.38501727013251
5855140,2,22296.67614,1007258.2198645114,220346.02269038686,1462.8943305784887,1227604.2425548984,INVENTOR CHEMICAL TANKERS AS,0.014076132328766035,88.39909340246128
0098666,1,21422.85818,1017813.2893890161,209520.2187168435,0.0,1227333.5081058596,Sea 331 Leasing Co Ltd,0.01407302799448751,88.41316643045576
5453074,2,14695.27808,1082883.5596865686,142001.50567834376,166.51802261027825,1224885.0653649124,O.H. Meling Tankers KS,0.014044953308178794,88.42721138376393
5089202,5,17617.21656,1052744.2793345177,171872.08588659565,923.5433347408416,1224616.3652211134,Anglo-Eastern (Antwerp) NV,0.014041872299943598,88.44125325606387
6165028,3,20242.76664,1034830.8997491407,189636.7493125169,2029.6651817599482,1224467.6490616577,SEAWIN SHIPPING COMPANY LIMITED,0.01404016706932663,88.4552934231332
4202731,1,22534.13458,1012373.3816195554,211779.92832528174,614.293011681547,1224153.3099448371,STI Gladiator Shipping Company limited,0.01403656274893485,88.46932998588214
1947090,1,12522.36208,1033192.9721272413,185988.18762420554,0.0,1219181.159751447,"MS ""Neuenfelde"" Schiffahrts GmbH & Co. KG",0.013979550365257356,88.4833095362474
0072854,1,13746.2625,1027790.7424054062,191348.8894685374,0.0,1219139.6318739436,MPCC Nordland AS,0.013979074192335494,88.49728861043974
6121705,6,23244.13234,1021609.1783187588,196696.4980091445,274.6513972858084,1218305.6763279033,Velos Tankers Ltd,0.013969511771308061,88.51125812221105
6261563,1,14651.89447,998489.2058449322,216941.93326668462,611.118990498507,1215431.1391116169,"MS ""ELBSURFER"" GmbH & Co, KG",0.013936551339242268,88.52519467355029
4163879,1,18468.21396,1023100.6312668194,191164.7555481317,180.73109620362456,1214265.3868149512,DSS C LLC,0.013923184422591443,88.53911785797288
6385740,1,20563.00278,1033538.4605648462,179418.13965663535,0.0,1212956.6002214816,EAST JOURNEY SHIPPING INC.,0.013908177425514395,88.5530260353984
5831728,1,20589.80308,1013289.92130289,198849.93962422185,324.2866347057381,1212139.860927112,STI Alexis Shipping Company Limited,0.013898812411948035,88.56692484781036
5292421,1,12604.70319,1070822.7700017234,140420.76539800767,725.8803249988985,1211243.535399731,"MS ""Frederik"" Jens u. Waller GmbH & Co. KG",0.013888534835270059,88.58081338264563
4100981,1,13875.24772,997078.3617117568,212396.552590415,3165.767021313972,1209474.9143021717,Partenreederei Hans-Jurgen Hartmann MS „Sandnes“,0.013868255217665545,88.59468163786329
5877268,1,21107.0373,1003477.1537476697,205721.12788888827,478.2862144189312,1209198.281636558,SIMEI PARK SHIPPING CO.PTE.LTD,0.013865083252407807,88.6085467211157
5257651,1,20804.22654,1001744.9388313737,207422.1352765479,0.0,1209167.0741079217,"CONTI 22. Container Schiffahrts-GmbH & Co. KG MS ""CONTI COURAGE""",0.013864725416154468,88.62241144653186
1713624,5,21486.38899,1023567.3774161277,181238.18492046182,3067.499814329839,1204805.5623365894,NAVINA MARITIME S.A.,0.01381471482257834,88.63622616135443
6433967,7,21455.88739,999975.9370372556,203821.48027216678,716.6303656337764,1203797.4173094225,cetus ship management (shanghai)  ltd,0.01380315508506924,88.6500293164395
5910298,1,17535.19039,985611.2049547663,215127.50785296145,0.0,1200738.7128077277,"MS ""Mirror"" Schiffahrtsgesellschaft mbH & Co. KG",0.01376808292758725,88.66379739936708
6314075,1,14113.78846,1001445.6094215176,198163.32729641112,9.164350264787553,1199608.9367179286,"MS ""Faith"" Schiffahrtsgesellschaft mbH & Co. KG",0.013755128526493953,88.67755252789358
1132891,6,21385.0926,997434.0599479312,202086.3268305814,1005.2233106587609,1199520.3867785125,COMMON PROGRESS COMPANIA NAVIERA S.A.,0.013754113182442736,88.69130664107603
1286515,5,21651.017679999997,1000521.4467957163,198960.3948337909,715.343352479618,1199481.8416295073,"IMECS CO.,LTD.",0.013753671210511374,88.70506031228653
5466398,1,21756.41878,996155.8624896498,203135.19862392006,1635.3424777737407,1199291.06111357,Host Wealth Limited,0.013751483655520121,88.71881179594206
6193428,9,24877.146240000002,997536.3694696447,200811.61202314086,103.37682754125308,1198347.9814927855,Swire Bulk Holdings Pte Ltd,0.013740669980331858,88.7325524659224
5238321,1,22056.78932,991105.0399661647,206846.58348721228,244.94848989083957,1197951.623453377,Costachille Maritime Corp.,0.013736125202773357,88.74628859112516
4163882,1,17878.73258,1013064.2939295556,184126.5534765167,0.0,1197190.8474060723,DSS D LLC,0.013727401883039524,88.76001599300821
5433068,4,21990.269399999997,990856.6949839474,204944.5818549761,704.6132892604871,1195801.2768389236,V.Ships Ship Management (India) Pvt Ltd,0.013711468589144548,88.77372746159736
6142927,4,21377.93666,990106.5245544905,204772.38435714215,159.58109227745737,1194878.9089116326,Hydroussa Navigation Ltd.,0.013700892401355122,88.78742835399872
6063543,3,15937.12218,1055718.0501029952,138439.07709294657,3617.4193013051217,1194157.1271959417,N8 Ship Management Pte Ltd,0.013692616204034884,88.80112097020276
6133362,2,17807.278980000003,1029725.7583447478,163301.23315371448,1627.7313614187199,1193026.9914984624,WA TANKERS AS,0.013679657679556282,88.81480062788232
6125623,3,30169.82951,1088826.461023841,103259.86578294066,0.0,1192086.3268067818,Pascogas Deniz Isletmeleri Anonim Sirketi,0.013668871694775441,88.8284694995771
6185578,2,16683.28662,1051169.5839906463,137842.2303020983,2174.2376701510284,1189011.8142927445,Coral Yachts - Sole Proprietorship LLC,0.013633618277188704,88.84210311785428
6491080,1,21841.11733,978578.38595685,209340.44653838908,427.489834323525,1187918.832495239,VLKR Ship Management L.L.C,0.013621085772101723,88.85572420362638
6077304,1,12339.34898,1048279.8100114834,137464.30931411666,2813.209267845775,1185744.1193256,C-BED I APS,0.013596149763173276,88.86932035338955
6240987,1,12838.31647,982440.5969497262,203274.13038581904,0.0,1185714.7273355452,MS “Dagmar” Schifffahrtsgesellschaft mbH & Co. KG,0.013595812744509545,88.88291616613407
1871210,1,13292.14526,1016559.535809437,168422.03022431696,2848.3373567013837,1184981.566033754,HULL 2227 SHIPPING LTD.,0.013587406064942468,88.89650357219901
6202051,1,12216.82768,998891.2975825126,185771.89823420325,0.0,1184663.195816716,"Reederei Rambow GmbH & Co. KG MS ""SKALAR""",0.013583755522569593,88.91008732772158
5848196,1,14753.44751,1001273.8243358976,181784.87152289937,114.2327287395279,1183058.695858797,MS EH Meridian Schiffahrts GmbH & Co. KG,0.013565357774381497,88.92365268549597
6434404,1,22173.08528,985012.7466270215,197788.63130756057,1284.6956276570272,1182801.377934582,GY HOLIDAY LLC,0.013562407278589565,88.93721509277455
5827337,2,21206.721559999998,972847.6008732207,209680.85033683132,572.710052916408,1182528.451210052,IS CONTAINER PTE. LTD.,0.013559277806926494,88.95077437058147
5088093,12,23068.849150000002,994588.7331689155,185733.73538743038,953.2694547314277,1180322.468556346,MANTA DENIZCILIK NAKLIYAT VE TIC.LTD. STI.,0.013533983251342436,88.96430835383282
1448237,7,61602.843460000004,976711.1983190231,198142.82671350538,1285.659962474538,1174854.0250325284,S&C-Shipmanagement & Crewing Ltd.,0.013471280197699156,88.97777963403053
5536504,6,20301.96608,987444.6215897023,187087.007642683,1289.7667623108914,1174531.6292323852,Petrochem General Management S.A.,0.013467583496606294,88.99124721752713
5787980,6,21178.33326,962378.0564645096,211632.66586854032,716.7929471796982,1174010.7223330499,Dorian LPG Management Corp.,0.013461610598996598,89.00470882812613
5810421,6,18907.24232,1009444.6850133939,162604.13281533687,131.8243238589233,1172048.8178287307,Adakent Gemi Isletmeciligi ve Tic. Ltd. Sti.,0.013439114727394097,89.01814794285352
5013742,10,25074.94034,1030826.3445567678,136135.8649173238,90.32037368875483,1166962.2094740917,Platin Shipping  And Trading Co. Ltd,0.013380789927085903,89.0315287327806
0601831,5,21570.2311,964874.9375494034,200862.74618510212,220.15810672321447,1165737.6837345054,"Sugahara Kisen Co.,Ltd",0.013366749093930649,89.04489548187453
6476061,1,22080.05241,1165275.7251339532,0.0,0.0,1165275.7251339532,PALERMO ENTERPRISES CORP.,0.01336145211778282,89.05825693399231
5271231,2,13423.22301,1009799.3068795579,154969.6769412842,0.0,1164768.983820842,D&S Shipmanagement SA,0.013355641647655282,89.07161257563996
5710047,2,12795.055980000001,1010067.2958268549,151542.28365583188,998.4351899804591,1161609.5794826867,DSM GEMI ISLETMECILIGI A.S.,0.013319414831225097,89.08493199047119
5510428,2,13622.602340000001,1016220.4886010512,144590.1528335994,0.0,1160810.6414346506,Torlak Gemi Isletmecilik San,0.013310253932869748,89.09824224440406
5969727,2,12156.54286,1025389.0414837969,134461.52344648395,2482.458944607002,1159850.564930281,Bibby Marine Management Limited,0.013299245365570304,89.11154148976964
6111690,1,11843.89921,962344.8843888936,194410.7512212093,128.88763571402214,1156755.635610103,MS Elbsun GmbH & Co. KG,0.013263757841864508,89.1248052476115
5674061,6,18930.28746,986560.101153172,169423.20146568434,0.0,1155983.3026188563,Dede Denizcilik Tasimacilik Ticaret Ltd.Sti.,0.013254902006237846,89.13806014961774
4007781,8,26220.91087,981455.7047973186,174321.29808014928,1101.5888272169934,1155777.0028774678,Boomsma Shipping BV,0.01325253650247164,89.15131268612022
6090225,4,20208.92684,987582.3935528949,167721.6901512348,208.75309714050763,1155304.0837041298,DEVAL MARINE GEMI ISLETMECILIGI A.S.,0.013247113848627708,89.16455979996884
5815091,3,13713.37646,1020747.9718697595,133853.3991705254,1838.7279904598079,1154601.3710402849,PAN MARINE INTERNATIONAL INC.FREE ZONE,0.013239056303612391,89.17779885627246
5391723,1,16564.74157,1019576.5372335827,133699.93388805146,0.0,1153276.4711216341,HT Shipmanagement SIA,0.013223864545608617,89.19102272081807
4210571,1,17093.10792,995199.0952824448,157580.42209218236,1455.8149741634381,1152779.5173746273,FRONT SIRIUS INC,0.013218166303079261,89.20424088712114
6435597,6,23603.18888,1027003.1224551845,124371.26870511673,156.14459979050383,1151374.3911603012,BW LPG Fleet Management AS,0.013202054642785298,89.21744294176393
5909919,5,43141.66491,962211.4527369754,189118.20696187584,151.06042519850297,1151329.6596988512,LIBERTY BLUE SHIPMANAGEMENT GmbH & Co. KG,0.013201541736468423,89.2306444835004
0405336,8,20683.61105,959948.7326771577,189168.4840175261,110.04734581534258,1149117.2166946838,"TAIWAN NAVIGATION CO., LTD.",0.013176173104284733,89.24382065660468
5631692,1,12427.71354,952177.0948331171,194951.8767519089,0.0,1147128.971585026,MS 'Wes Gesa' Schiffahrts GmbH & Co. KG,0.013153375202244808,89.25697403180693
6120239,1,20532.47523,947681.406532063,197320.99152998262,43.55879113984962,1145002.3980620457,Libra Schiffahrtsgesellschaft mbH & Co. KG,0.013128991179056665,89.27010302298599
6141257,1,11980.63484,966999.7063926172,172747.52370678855,427.71797378927715,1139747.2300994056,"MS ""SPICA J"" Shipping UG (haftungsbeschrankt) & Co. KG",0.013068733616327766,89.28317175660231
6465106,5,23590.7098,1007342.253184142,132097.36364046513,2363.620763275224,1139439.6168246071,Saroza Inc,0.01306520641675314,89.29623696301907
0502282,4,20325.80791,973283.076222433,165796.85972718243,0.0,1139079.9359496154,Dabinovic Monaco S.A.M.,0.013061082192172445,89.30929804521124
5652941,6,21162.73779,953501.5812991094,184938.06274774627,1872.4759826254758,1138439.6440468556,GS MARITIME CO LTD,0.01305374038506568,89.3223517855963
4103796,1,23492.85134,1006596.858031583,131816.78244527933,2151.5155052511423,1138413.6404768624,NEPTANA Schiffsbetriebsgesellschaft mbH & Co. TS „ALEXANDRA“ KG,0.013053442219191407,89.33540522781549
3018836,14,42190.05208,981483.3387071101,156141.1634483541,1337.368253940293,1137624.5021554641,MARIN SHIP MANAGEMENT B.V.,0.013044393687871097,89.34844962150336
0068826,1,26541.75135,1136443.0823655557,0.0,0.0,1136443.0823655557,Sinostar Shipmanagement Pte Ltd,0.013030847122355842,89.36148046862571
4000457,3,24881.65932,1000577.3237370814,134145.42036464892,2990.233688136823,1134722.7441017302,SSC SHIP MANAGEMENT PTE LTD,0.013011121132323868,89.37449158975804
1638623,4,20068.27184,930228.3853879361,197284.04282913308,548.266904018314,1127512.4282170692,Korea Shipmanagers Co Ltd,0.012928445171288197,89.38742003492932
5760110,5,19537.81508,946155.8792945341,179931.76038169532,2011.9976674461464,1126087.6396762293,SEASTAR SHIPMANAGEMENT LTD,0.012912108055997988,89.40033214298532
6306601,1,12726.61356,932200.9740316666,191875.30998184468,0.0,1124076.2840135114,Tailwind Panda 002 GmbH & Co. KG,0.012889045160410638,89.41322118814573
1669581,4,14486.02326,973035.566340232,150716.8787923777,362.9795138855191,1123752.4451326097,Ugland Marine Services AS,0.01288533191245763,89.42610652005818
5789867,1,17760.2007,927950.7431187761,195334.51847536952,766.3314538545765,1123285.2615941456,Front Ull INC,0.012879975025375228,89.43898649508355
5811858,5,16529.16943,962856.6367371392,160111.48076041607,286.74754027719104,1122968.1174975552,Atlantas Ship Management Ltd,0.012876338542120981,89.45186283362568
1909263,3,20810.69354,942117.2336713903,180693.1455583961,0.0,1122810.3792297863,PT. Pelayaran Andalas Bahtera Baruna,0.01287452986090805,89.46473736348659
5433099,2,19592.12117,933932.3411048129,188728.9178217044,648.2900183907523,1122661.2589265173,"Dalian HongFeng International Ship Management Co.,Ltd.",0.012872819996239163,89.47761018348282
5706433,1,13170.99126,935065.8479279474,187082.65950896894,254.63755778499842,1122148.5074369162,m.s. Ensemble Bewaarder B.V.,0.012866940611361528,89.49047712409418
6512651,1,14542.02513,932777.9678253239,186176.2629696111,477.57886376945373,1118954.230794935,Annemieke Heavy Lift C.V.,0.012830313937105634,89.50330743803129
5667599,6,18224.98939,984994.859515282,130771.01139552084,719.6445027708328,1115765.8709108029,VENTO DENIZ ISL. VE TIC. LTD. STI.,0.012793755106429576,89.51610119313771
5445539,1,11660.92808,948319.8587595638,167069.2402313538,0.0,1115389.0989909177,MS „Hanna“ UG (haftungsbeschrankt) & Co. KG,0.012789434910051767,89.52889062804776
5624245,7,18570.3719,939076.8222614413,176076.39700154387,291.5816455146911,1115153.219262985,Diligent Holdings SA,0.012786730231989445,89.54167735827976
6019161,1,18714.44174,924803.0209319814,189577.0204957665,0.0,1114380.0414277478,STI Sanctity Shipping Company Limited,0.012777864709091105,89.55445522298885
0214508,7,18475.20338,984307.4048421748,129075.97228739862,1148.3889011589117,1113383.3771295734,H. Folmer & Co.,0.012766436613568024,89.56722165960242
1655547,6,11576.76982,983495.4896831416,128966.06979541568,0.0,1112461.5594785572,Torghatten Sør AS,0.012755866735435564,89.57997752633786
5804330,1,19278.02156,924398.1503417534,187890.3687488901,581.2091303152772,1112288.5190906434,Front Idun INC,0.012753882594851764,89.5927314089327
5322090,6,17469.124490000002,953508.013183364,158481.70396273077,0.0,1111989.7171460947,Unimarin Denizcilik Sanayi ve Tic.Ltd.Sti,0.012750456429019357,89.60548186536172
1581022,4,19781.23505,922631.5366108555,188797.00443335925,978.2426532944767,1111428.5410442147,FIRST STEAMSHIP S.A.,0.012744021790887638,89.61822588715262
4104437,6,19962.05942,937888.0476187237,171433.59219978287,298.5521233060058,1109321.6398185065,Pasifik Gemi Isletmeciligi,0.012719863337023888,89.63094575048964
6077922,2,22084.34501,985829.8830726256,121963.18822378421,215.09820204319888,1107793.0712964097,Oslo Wave AS,0.012702336244786212,89.64364808673443
4216381,1,20201.3359,923552.8209875675,183466.24260014037,789.0626213910609,1107019.063587708,FRONT CASTOR INC.,0.012693461206273396,89.6563415479407
5307331,3,22441.60867,926447.0567625442,180499.20293752622,974.3651548039257,1106946.2597000704,FML Ship Management Ltd,0.012692626411865792,89.66903417435256
6344370,1,11732.31333,930229.1482768623,176633.11317196552,0.0,1106862.2614488278,MS Elblaeufer GmbH,0.012691663259036168,89.6817258376116
6160591,1,12679.21404,953119.0145906961,152789.3039613305,805.8451891724266,1105908.3185520265,MERIDIAN 21 LIMITED,0.012680725021790004,89.69440656263339
5776061,1,13438.58707,930020.9560587988,174965.43938756373,1442.325757199759,1104986.3954463624,STI Finchley Shipping Company Limited,0.012670153934478295,89.70707671656787
6114796,1,15570.06079,932856.6209939859,171177.08106335503,0.0,1104033.7020573409,"MS ""Vera Rambow"" Schifffahrtsgesellschaft mbH & Co. KG",0.012659230024517949,89.7197359465924
6270650,1,13552.74941,948579.4312919473,155232.38111335764,0.0,1103811.812405305,"""AS CONSTANTINA"" Schifffahrtsgesellschaft mbH & Co. KG",0.012656685761476025,89.73239263235386
5414823,1,12639.4495,929059.5129711373,173872.22122901754,0.0,1102931.734200155,"Conti 148 Schifffahrts-Gmbh & Co. KG MT ""Conti Greenland""",0.01264659448218102,89.74503922683604
6296634,1,19522.99455,923644.7626958557,178050.80882004468,783.5692304786492,1101695.5715159003,"II. SAL Shipping UG (haftungsbeschrankt) & Co. KG MS ""ANNE-SOFIE""",0.0126324202158171,89.75767164705186
6437620,1,8495.91479,721763.842313515,379558.62840403954,0.0,1101322.4707175544,Halliburton AS,0.012628142113781094,89.77029978916565
5641668,1,14942.50344,914345.133941807,185546.12248620225,0.0,1099891.2564280091,"MS ""ATRIA"" GmbH & Co. KG",0.012611731318646879,89.78291152048429
5420376,5,19986.97896,926268.1380707842,172524.57593210897,0.0,1098792.714002893,ORAS DENIZCILIK VE TIC.LTD.STI,0.012599135053491821,89.79551065553778
5695146,6,20490.70232,917875.4058461704,180357.71500135746,385.08141480334956,1098233.1208475279,"MMS BULKSHIP MANAGEMENT (PHILIPPINES), INC.",0.012592718565969099,89.80810337410375
6351371,10,22947.0431,917600.4650947717,177446.224402547,1155.9286941678802,1095046.6894973186,"Fujian Dasong International ship management Co., Ltd",0.012556181848526084,89.82065955595228
6131233,1,18224.74855,914463.1761361542,179961.21642869135,884.918268525446,1094424.3925648455,HOLLER SHIPPING CO.,0.012549046377935786,89.83320860233022
6487564,6,20389.72726,928294.1595228721,164824.75574019493,602.3846740224478,1093118.915263067,HUAYU SHIP MANAGEMENT LIMITED,0.012534077326335094,89.84574267965655
5670951,1,17774.43906,913695.67844329,177192.86278694757,628.4320189422897,1090888.5412302376,DSS 2 LLC,0.01250850309081159,89.85825118274737
6501175,1,13370.87542,922027.1748141258,168498.0026836664,0.0,1090525.177497792,MS „Konstanze“ Schiffahrtsgesellschaft UG (haftungsbeschrankt) & Co. KG,0.012504336637321064,89.87075551938469
6463042,1,20963.98817,891564.1407129876,197033.3074984013,0.0,1088597.448211389,ZIM SAN DIEGO LP,0.012482232630517556,89.8832377520152
0114724,2,18012.44753,923827.7218104813,163537.66974131824,796.23553731615,1087365.3915517996,Everglory Ships Management-HKG,0.012468105445244211,89.89570585746046
5741013,1,19317.3586,895995.5857807546,191291.050215337,0.0,1087286.6359960916,STI Winnie Shipping Company Limited,0.012467202406964169,89.90817305986742
4148965,1,17848.347,911634.6583997827,174063.92942865,2754.4604393797763,1085698.5878284327,TATA NYK Shipping PTE LTD,0.012448993300659761,89.92062205316809
6489910,6,33984.223079999996,929253.2425822072,156337.6989960579,1380.296895616485,1085590.941578265,Takoor Ship Management LLC,0.01244775899174364,89.93306981215983
5947728,5,20331.61306,908298.1670790232,175830.57776093236,2076.8723610640045,1084128.7448399556,LMZ Shipping SA FZE,0.01243099294119929,89.94550080510103
6212821,1,11674.77724,957585.5746371686,125570.09279320875,3301.6468448731407,1083155.6674303773,FOEHN SHIPPING LIMITED,0.012419835301050662,89.95792064040208
5460456,7,19258.93438,900158.9960259442,181407.66360457562,65.49039003404202,1081566.6596305198,Filharmony Shipmanagement Inc.,0.012401615191273519,89.97032225559336
0637901,3,13197.5538,952749.5656639199,128515.41694893902,0.0,1081264.982612859,"AMAZSA SPAIN, S.L.U.",0.01239815605886428,89.98272041165222
4210608,1,18140.93322,892189.5235827584,185206.66425301295,0.0,1077396.1878357714,Front Classic Inc.,0.012353795127753626,89.99507420677998
5706402,1,13640.9489,897298.7920633244,176086.5552251366,17.439650074871977,1073385.347288461,m.s. Enforcer Bewaarder B.V.,0.012307805451002409,90.00738201223098
5413931,1,15294.32977,887680.945177386,185204.3656513517,545.4015857503501,1072885.3108287377,"MS ""Wilhelm II"" Jens u. Waller GmbH & Co. KG",0.012302071861029126,90.019684084092
5933732,1,19280.39832,887410.0329552615,184702.46801245597,0.0,1072112.5009677175,Front Crystal II Inc,0.01229321055744968,90.03197729464945
5914517,1,19196.20076,894923.8814560685,175897.74867781092,0.0,1070821.6301338794,Navigator Yauza L.L.C.,0.012278408988632491,90.04425570363809
6325358,2,23462.393079999998,1017836.9601842857,48489.30988652982,1968.7353479973951,1066326.2700708155,K MARINE SHIP MANAGEMENT PTE. LTD.,0.012226863644522695,90.05648256728261
6059872,6,20050.607480000002,877093.4375817557,186615.5740081867,994.3106212709249,1063709.0115899425,SHANDONG FLEET MANAGEMENT LTD,0.012196853258896561,90.06867942054151
0057897,1,24541.93963,1061599.8812472252,0.0,0.0,1061599.8812472252,Frigg Shipco 2 LLC,0.012172669245210752,90.08085208978673
5853276,5,18432.52672,884991.9596557162,173421.81873549655,1037.7741171188454,1058413.7783912127,"Seacon Ships Management Co.,Limited(Qingdao)",0.01213613629439514,90.09298822608113
5248738,4,19785.064980000003,872023.7560702153,186100.82982287247,115.42635952673572,1058124.5858930878,"MAGSAYSAY MOL SHIP MANAGEMENT, INC.",0.012132820313779418,90.10512104639491
5898649,1,17387.25158,898746.2251309816,159276.26751665495,498.40976470514113,1058022.4926476367,Kmarin No 17I SA,0.012131649677524649,90.11725269607244
0599622,2,14566.77387,889913.6152292982,166339.1890979282,1870.6332667958968,1056252.8043272265,John J Rigos Marine Enterprises SA,0.012111357822775986,90.12936405389522
1868635,3,19548.8319,889264.1002628248,166399.16358480052,1094.4359285169237,1055663.2638476253,Bulkship Management AS,0.012104597948936875,90.14146865184415
5857941,2,20151.44436,883690.8364507046,171721.93727590557,2766.201167847322,1055412.7737266102,Iberian Bulk Carriers Limited,0.012101725743084019,90.15357037758723
6287707,1,16996.2718,881407.3994539657,173197.96259813945,2405.147667509375,1054605.3620521051,Integrated Cruise Mgmt Pte Ltd,0.012092467683214111,90.16566284527045
6172930,7,15004.97768,931209.9184503502,122112.69528180068,1292.183374281015,1053322.6137321508,RIVERS GROUP DENIZCILIK LTD. STI.,0.012077759249933854,90.17774060452038
5775991,1,12889.82919,878267.7988909291,168834.82359137075,267.9175267415397,1047102.6224822998,STI COMANDANTE SHIPPING COMPANY LIMITED,0.012006438691661384,90.18974704321204
0057883,1,24198.43592,1046872.9714699415,0.0,0.0,1046872.9714699415,Frigg Shipco 1 LLC,0.012003805434193437,90.20175084864623
5622513,9,19417.528879999998,866667.1068378678,178504.10140578003,0.0,1045171.2082436478,Portline Bulk International SA,0.011984292431928403,90.21373514107816
0993017,5,19843.39847,865750.6546573832,177836.2466726575,0.0,1043586.9013300408,"LEO OCEAN, S.A.",0.0119661262241293,90.22570126730228
5332428,1,16720.70479,880075.6213669778,163226.19902977775,1791.8837925278867,1043301.8203967556,"TMS "" Seacod"" GmbH & Co KG",0.011962857388129697,90.23766412469041
0233153,3,18056.938430000002,863177.2196226879,179730.16318741546,560.798553755879,1042907.3828101034,"KANSAI STEAMSHIP CO., LTD.",0.011958334631142802,90.24962245932156
6262601,5,18330.44236,869281.0675857576,171491.8703795502,930.946874544412,1040772.9379653079,Spring Valley Shipping Management Pte Ltd,0.011933860352672354,90.26155631967423
6126272,1,18988.1893,867382.548830336,172764.447902382,0.0,1040146.996732718,Electra Shipping PTE.LTD,0.011926683095283906,90.27348300276951
6037958,1,18994.83974,860508.6205660105,179632.34134397478,0.0,1040140.9619099853,STI Supreme Shipping Company Limited,0.011926613897931518,90.28540961666744
6411132,3,12394.04334,919554.1335834059,120584.25503237374,364.71474685645404,1040138.3886157796,Seven Shipping Srl,0.011926584391655387,90.2973362010591
1540341,7,17863.646549999998,869275.6075778188,168832.2660703911,769.8827520930406,1038107.87364821,Shenzhen Ocean Shipping Co Ltd,0.01190330180889112,90.30923950286798
4091934,1,10837.26425,874233.5275607489,162903.2406524249,0.0,1037136.7682131737,Reederei Rambow GmbH & Co. KG MS “Bianca Rambow”,0.011892166780080609,90.32113166964807
6175452,1,10597.3947,900293.4369340368,135010.9337154212,0.0,1035304.370649458,"Juergen Ohle KG MS ""Hanni""",0.011871155879587068,90.33300282552766
4113161,1,12891.5023,888822.806398851,143888.7262449044,1547.6212364406824,1032711.5326437554,"TMS ""SEATROUT"" GmbH & CO. KG",0.011841425507525656,90.34484425103518
6165001,1,11429.19743,872181.0479653212,157880.29060272052,644.4729054532858,1030061.3385680418,"MS ""PHOENIX J"" New Shipping UG (haftungsbeschrankt) & Co. KG",0.011811037471044927,90.35665528850623
5045164,2,15718.35682,872885.3167783263,152071.60249419822,0.0,1024956.9192725245,Dekoil Inc.,0.01175250844436474,90.36840779695059
6180912,4,16033.80316,882177.0490373089,142472.3249594833,1606.0010270561163,1024649.3739967921,Victoria Marine Ship Management Germany GmbH & Co KG,0.011748982024490784,90.38015677897508
5950585,8,18703.4692,866702.8139475102,156951.46841145548,1508.2105087448754,1023654.2823589657,GMZ SHIPMANAGEMENT CO.(HELLAS).SA,0.011737571961631974,90.39189435093671
5776115,1,11343.69636,865458.4214738089,157629.06259257256,173.86456066852313,1023087.4840663815,STI Hammersmith Shipping Company Limited,0.011731072857528578,90.40362542379424
5757288,3,22099.2387,907791.5451163296,113914.35018324859,2547.9339579494304,1021705.8952995782,KMARIN OCEAN SERVICES CORP. (KOSCO),0.011715231085700726,90.41534065487994
6325636,1,19267.46006,838775.6115931583,180941.66101794946,0.0,1019717.2726111078,HPW 'Nova' GmbH & Co. KG,0.011692428854212311,90.42703308373416
0098652,1,18064.3562,842241.0133020662,177474.59425728483,0.0,1019715.607559351,Sea 330 Leasing Co Ltd,0.011692409762156379,90.43872549349632
6058481,1,18339.8685,835481.7587971295,183565.5187165142,0.0,1019047.2775136437,SFL LAZARO INC.,0.011684746460062304,90.45041023995638
5528773,1,12092.60646,857195.8781984058,158470.99298586202,1156.6066228306756,1015666.8711842678,SHIPLUX IV S.A.,0.011645985558814307,90.4620562255152
5416192,1,21844.6767,859948.800268616,154159.71694998976,2388.952361213779,1014108.5172186057,United European Car Carriers AS,0.011628116936439668,90.47368434245163
5709733,1,23643.705,1011866.9533524913,0.0,2560.4703763164343,1011866.9533524913,MILAHA QATAR GmbH & Co. KG,0.01160241439444035,90.48528675684608
1424568,4,17204.32281,848981.472534615,161475.73874178284,188.38442733486482,1010457.2112763978,Candler Schiffahrt GmbH,0.011586249807088304,90.49687300665317
5776251,1,17669.6604,831877.6769643808,177676.174331228,0.0,1009553.8512956088,STI Park Shipping Company Limited,0.011575891570948916,90.50844889822412
5776282,1,11677.11392,855049.0577874209,153925.28418421603,0.0,1008974.341971637,STI Poplar Shipping Company Limited,0.011569246717789234,90.5200181449419
6170417,1,17324.8485,836812.5386719923,171169.78285489173,1245.2585760667282,1007982.321526884,Sea 207 Leasing Co Ltd,0.011557871870286163,90.53157601681218
0991435,2,15321.722099999999,850895.3841457767,151084.29423173133,1169.705444031505,1001979.6783775081,Yaoki Shipping S.A.,0.011489043500063911,90.54306506031224
6058494,1,18273.05234,820709.4112534536,180165.19740998108,0.0,1000874.6086634346,SFL VINCENT INC.,0.011476372390769408,90.55454143270302
5190916,1,11160.68685,823125.1185778767,177504.21120338346,0.0,1000629.3297812601,"Jorg Kopping Dritte Bereedereungsgesellschaft mbH & Co. MS. ""Vohburg"" KG",0.011473559938772861,90.5660149926418
0110032,1,14207.75421,839169.2979598742,161013.27023113627,0.0,1000182.5681910104,Expert Shipping B.V.,0.011468437216770308,90.57748342985857
5385251,3,17180.26464,837332.481456917,161974.5351374367,21.91337198705711,999307.0165943537,SOUTHERN PETROLEUM TRANSPORTATION JOINT STOCK COMPANY (PVTRANS PETRO),0.011458397841124658,90.5889418276997
5807541,5,17631.44229,839602.1915502369,158892.87290032112,417.87656531596537,998495.064450558,Astra Shipmanagement Inc,0.011449087718672729,90.60039091541837
5151922,5,17783.49212,839364.3477595758,154906.03408779795,153.33513110723356,994270.3818473738,Green Shipping AS,0.011400646055384166,90.61179156147375
5504591,1,16601.33485,878636.3226662123,115218.61515643715,5234.454682019458,993854.9378226495,Triumph B.V.,0.011395882431355754,90.62318744390511
6500234,1,17324.54534,825842.441430308,166881.5147093579,0.0,992723.9561396659,SFL Taurus Inc,0.011382914206516489,90.63457035811163
6419071,1,10421.34241,831153.9527846721,159782.09192576067,0.0,990936.0447104329,MS „Ida Rambow“ Schifffahrtsgesellschaft mbH & Co. KG,0.011362413399336465,90.64593277151097
0379121,3,13350.35702,871462.9554010825,119062.24540573159,1528.8781623525874,990525.2008068141,Naviera Murueta SA,0.011357702521878297,90.65729047403285
6472726,1,13792.90715,833711.358656494,156357.9990235263,849.0144747080689,990069.3576800203,"MS ""Elbharmonie"" GmbH & Co. KG",0.01135247566785525,90.6686429497007
6186324,5,16535.802,824323.0631794697,165090.2543772109,353.03272992940276,989413.3175566805,Elamira Maritime Ltd,0.011344953286236649,90.67998790298694
6078660,1,12732.44265,832133.7332414573,157158.59762182852,0.0,989292.3308632858,m.s. Esperance Bewaarder B.V.,0.011343566011211679,90.69133146899814
0640785,4,17952.947350000002,818635.069538173,167246.79363114844,189.3031353774901,985881.8631693214,"WORLD MARINE CO., LTD.",0.011304460416021397,90.70263592941417
6223096,1,13245.86508,821480.2102674396,164110.38836772912,360.7451185806704,985590.5986351687,"HS Schiffahrts UG (haftungsbeschrankt) & Co. KG, MS Lieske Schepers",0.011301120676728156,90.7139370500909
5893740,1,17720.51204,809367.5279943072,169061.37636589145,0.0,978428.9043601986,Sea 23 Leasing Co Ltd,0.01121900222778663,90.7251560523187
5082939,5,14186.4443,847461.1130624961,129289.55531907442,107.67477756828363,976750.6683815705,CAPA DENIZCILIK NAKLIYAT SANAYI VE TICARET LTD.STI,0.011199758997032636,90.73635581131573
6138108,6,16016.976490000001,851544.6034715526,124211.88759645105,1131.4195482872506,975756.4910680037,GLORY DENIZCILIK ve GEMI ISLETMECILIGI LTD. STI.,0.011188359418130157,90.74754417073386
4111748,5,16833.13203,838195.4532546789,135447.3436798563,482.5309039860849,973642.7969345351,Dinamik Denizcilik ve Tic. A.S,0.011164123074450439,90.75870829380831
5909781,1,17676.50654,799105.6677774036,174144.11802185647,1366.793954782684,973249.78579926,SFL Shivling Inc.,0.011159616673645487,90.76986791048196
6427331,4,16920.71545,808415.2038929868,163260.45572738483,661.2732685832353,971675.6596203716,Apollo Ship Management India Pvt Ltd,0.011141567201651081,90.78100947768361
4202713,1,17785.10248,798804.1890256952,171494.21800784275,457.0182634930213,970298.407033538,STI Goal Shipping Company Limited,0.011125775149953656,90.79213525283356
0125145,1,14129.61738,823794.0022577462,142191.65111544094,1465.0727876282754,965985.6533731872,TransOsprey Marine Limited,0.011076323633642403,90.8032115764672
5489554,4,19050.49204,800142.1449838098,165357.01276847176,726.794238434323,965499.1577522815,Empire Navigation Inc,0.011070745307582711,90.81428232177478
5775925,1,12236.01599,815280.2714318105,149793.78137867502,794.6985642379947,965074.0528104855,STI Brixton Shipping Company Limited,0.01106587090815747,90.82534819268294
1230908,2,12601.25366,845079.9073472851,118326.5087273114,480.74456153103284,963406.4160745965,ENEA MANAGEMENT INC,0.011046749211965029,90.83639494189491
5914481,1,14228.1598,833854.8667288515,128904.23086138733,360.4357411991095,962759.0975902388,Navigator Luga L.L.C.,0.011039326835657733,90.84743426873057
5511810,8,16858.56185,849617.5180089665,111412.3333882996,2438.1769749037144,961029.851397266,Pasifik Lojistik Grubu ve Denizcilik A.S.,0.01101949870424737,90.85845376743481
1929972,2,12395.071680000001,806345.0393768714,154356.61138487383,1237.4240570978086,960701.6507617453,Benelux Overseas Inc,0.011015735442916208,90.86946950287772
6033561,2,16602.9418,798182.5687784794,160392.80190724786,0.0,958575.3706857272,TN Shipping GmbH & Co. KG,0.01099135478449183,90.88046085766221
5706495,1,13240.98368,794243.9941332621,163800.02938841283,0.0,958044.0235216749,m.s. Encounter Bewaarder B.V.,0.010985262175217241,90.89144611983743
6171582,5,17153.87661,799618.4625139704,156312.96711497236,595.5756616744168,955931.4296289429,Maryam Shipping S.A,0.010961038447276101,90.9024071582847
5896347,2,15439.09951,800914.4646783948,154789.67862280604,41.98334806063207,955704.1433012008,Eurobulk Far East Ltd Inc,0.010958432304095007,90.9133655905888
5281268,2,14738.41094,802792.0728012656,152615.9652940087,1399.9715529495493,955408.0380952744,d'Amico Ship Management S.R.L.,0.010955037059994854,90.9243206276488
5605458,9,16021.74962,821764.1714582803,132904.71420924444,156.8218595448424,954668.8856675248,ARMADOR GEMI ISLETMECILIGI TIC.LTD.STI (5605458),0.010946561684117626,90.93526718933292
6335853,2,16874.55532,793786.392456562,160726.90603897526,0.0,954513.2984955373,Eletson Shipmanagement Inc.,0.010944777668108528,90.94621196700103
5519347,1,15004.29814,799365.1579041904,154824.5973638611,1032.7685870874357,954189.7552680515,BENETECH SHIPPING S.A.,0.01094106781021924,90.95715303481126
5776092,1,10161.69907,810878.0183342922,143064.73597755152,0.0,953942.7543118438,STI Hackney Shipping Company Limited,0.010938235612329735,90.96809127042359
5396830,5,15869.19031,798804.6477785017,153087.42401865276,1267.407333090756,951892.0717971545,Campbell Shipping Co. Ltd,0.010914721781536045,90.97900599220512
5780452,1,14604.9855,832485.9407085918,118811.70081497828,3700.022889260135,951297.64152357,TANCO SHIP MANAGEMENT S.A.,0.010907905839637876,90.98991389804476
5897725,7,16937.27044,801805.2453916485,148576.73599790226,503.99922379216497,950381.9813895507,Logan Ship Management Co,0.010897406565712423,91.00081130461048
6185269,1,16970.38429,790367.2840030761,157747.97369440767,0.0,948115.2576974838,NF SHIPPING Maritime 4 Ltd.,0.010871415532498103,91.01168272014297
0093988,1,15419.98751,794973.5461726969,149841.07096323918,0.0,944814.617135936,"""AS NATALIE"" Schifffahrtsgesellschaft mbH & Co. KG",0.010833569252969659,91.02251628939594
1671462,4,17854.051199999998,790962.7689330013,153366.41947340238,12.963725067137588,944329.1884064036,Genoa Maritime S.A.,0.010828003160253277,91.0333442925562
5355969,2,14172.75733,781989.7178064259,160230.42529550084,248.55417257251062,942220.1431019267,Protank Management SA,0.01080382012164517,91.04414811267785
5126076,4,20491.24112,827189.7601933848,114592.56073762832,14.566800056950738,941782.3209310132,TRITON NAVIGATION B.V.,0.010798799902098342,91.05494691257995
6027611,1,16412.223,781131.6818490443,160247.89213101187,2463.9893103546306,941379.5739800562,Citrus Vita Brasil Shipping Company,0.010794181867083343,91.06574109444703
6379729,2,17921.99369,770838.580566023,170376.41372347533,613.3610024024566,941214.9942894983,PT. Meratus Swadaya Maritim,0.010792294739764445,91.07653338918679
5776441,1,10419.61103,793465.2960755832,146349.50594025702,0.0,939814.8020158402,STI Wembley Shipping Company Limited,0.010776239653730604,91.08730962884053
5776265,1,10733.84891,791660.7095059042,145782.0873590453,0.0,937442.7968649495,STI PIMLICO SHIPPING COMPANY LIMITED,0.01074904142711079,91.09805867026763
4056183,1,17644.7244,772295.9583750729,165115.03104961096,0.0,937410.9894246839,"MS ""FRIEDRICH RUSS"" Schiffahrtsgesellschaft mbH & Co. KG",0.010748676712064446,91.1088073469797
0584090,4,17459.80758,769316.3181192996,164226.55438074528,347.7532547361614,933542.8725000449,Kassian Maritime Ltd,0.010704323553443031,91.11951167053314
6076354,3,16143.136019999998,779589.2988440479,153537.0410960294,280.0265040874417,933126.3399400774,Pertamina International Shipping Pte Ltd,0.010699547447895252,91.13021121798104
5992851,1,16514.34566,768673.5544649608,163301.2728168929,1322.352902221936,931974.8272818536,SAL Shipping UG (haftungsbeschrankt) & Co. KG MS “TRINA”,0.01068634380783478,91.14089756178888
5532550,5,16056.100030000001,782661.0243807469,149228.0363640814,599.797562534014,931889.0607448283,Graham Shipping Co,0.010685360379232385,91.1515829221681
0546467,3,16770.09678,781114.492211479,150175.5941764189,1135.5589245164454,931290.0863878978,Lomar Shipping Ltd.,0.010678492333312192,91.16226141450142
5933746,1,15380.7017,781384.8089044974,148263.8716162193,0.0,929648.6805207167,Front Coral Inc,0.010659671409279241,91.1729210859107
5763101,1,15689.81877,783612.646760182,145786.89967991813,4654.831300511076,929399.5464401001,Federal Hudson Ltd.,0.010656814752251836,91.18357790066295
0179122,1,18792.3906,799855.567202888,128131.12723652352,0.0,927986.6944394115,"Schiffahrts UG (haftungsbeschrankt) & Co. KG MS ""Rider""",0.010640614505435107,91.19421851516839
6224633,1,18807.13927,760299.8672781517,167366.76741611716,839.1188646071508,927666.6346942688,Alford Shipping Co.,0.01063694459035208,91.20485545975873
6005997,1,10648.55626,768955.0562310338,154810.97252686694,374.98773857697745,923766.0287579007,AS CLARA OpCo B.V.,0.010592218901551577,91.21544767866028
0249922,6,34490.18407,778313.9626440109,144958.85974224765,203.40659022076275,923272.8223862585,CAPITAL CONTAINERS SHIP MANAGEMENT CORP.v,0.010586563627716601,91.226034242288
5193399,5,15883.58568,769990.7790439359,150463.54459579842,170.8323480376634,920454.3236397344,SR Shipping Ltd,0.010554245752012647,91.23658848804001
6197451,1,17424.08707,753090.6272426439,166813.66852483677,0.0,919904.2957674806,Tanos Shipping Corp,0.010547938943314886,91.24713642698333
0179079,1,13890.06351,783939.028143399,135921.83585926684,0.0,919860.8640026659,"HS Schiffahrts UG (haftungsbeschrankt) & Co. KG MS ""Fine Schepers""",0.010547440939766502,91.25768386792309
1658586,5,17001.00609,771148.5122629609,148439.08193289355,88.25528800963708,919587.5941958544,Swissmarine Inc,0.010544307534204031,91.2682281754573
5060974,5,16166.00416,772369.0054145318,146042.9825114226,0.0,918411.9879259544,Beyaz Denizcilik Ltd Sti,0.01053082762850804,91.27875900308581
6265932,3,13047.34283,778447.1156460764,139744.53482730675,1034.768017093958,918191.6504733831,PEGASUS OCEAN SERVICES INC.,0.010528301163518864,91.28928730424933
6232871,3,16314.13067,772110.7666634561,144856.80230479527,780.4486683886739,916967.5689682513,Seacon Ships Mangement (Ningbo) LTD,0.010514265424108606,91.29980156967343
6264466,1,11707.55163,767961.455421184,148359.31312877935,0.0,916320.7685499634,"Hermann Lohmann Schiffahrts GmbH & Co. KG MS ""MARINA L""",0.01050684898812499,91.31030841866156
1997352,3,15037.26988,784249.279268217,131948.99772619866,624.9330941182849,916198.2769944157,Ribex Maritime Ltd,0.010505444457833161,91.3208138631194
5594421,1,15460.53303,758564.2270075676,157308.77188899645,0.0,915872.9988965641,"MS ""Lolland"" Schifffahrt GmbH & Co. KG",0.010501714707323764,91.33131557782671
4211261,1,14699.77764,776047.7781509624,137620.9817027972,0.0,913668.7598537597,Front Cascade Inc.,0.010476440144581807,91.3417920179713
1247739,11,16393.84894,804426.8766563702,105485.06633476914,808.1981214440741,909911.9429911394,NAVIGARE SHIPPING SP/F,0.010433363190739477,91.35222538116204
6062134,2,18592.32161,873164.4644628684,36125.969699695874,0.0,909290.4341625642,Anji Shipping (Hong Kong) Company Limited,0.010426236756819446,91.36265161791886
0296571,3,17468.20187,785942.4279848767,122185.86510958796,0.0,908128.2930944646,Toko Unyu Co Ltd,0.010412911247756996,91.37306452916661
6074931,1,12583.06788,770269.4000122929,136217.39599782185,0.0,906486.7960101147,VALLOEBY LEIA LIMITED,0.010394089277796626,91.38345861844441
5911804,1,9642.62735,755228.7678806228,151021.6227318663,0.0,906250.3906124891,Reederei Rambow GmbH & Co. KG MS ”Beate”,0.010391378572224864,91.39384999701663
5741027,1,15851.0017,750339.2572860955,155014.51930125032,0.0,905353.7765873459,STI LAUREN SHIPPING COMPANY LIMITED,0.010381097687532353,91.40423109470416
1801643,4,11968.57202,797578.9800651828,104589.21600460057,534.9047747559126,902168.1960697833,Falkeid Shipping AS,0.010344570726029005,91.41457566543019
5779287,3,20399.99722,753470.1050154938,147085.54270343494,0.0,900555.6477189288,"Schuyler Line Navigation Company, LLC",0.010326080692200252,91.42490174612239
6296373,3,16543.05635,768422.3754098506,130742.5045250692,354.25665211228034,899164.8799349198,Mantagas Denizcilik ve Ticaret,0.010310133670605123,91.43521187979299
6435552,1,16074.72414,738810.8323927223,159399.90554634595,1553.084800309328,898210.7379390682,JOHANNA OCEANWAY LIMITED,0.010299193150420794,91.4455110729434
0156289,10,35171.08594,766510.4466302634,131239.85706331793,2766.632356954883,897750.3036935813,Kammer Gemi Isletmeciligi Tic,0.010293913653052258,91.45580498659646
6401839,1,18249.70616,792107.2025683511,103871.11803759122,1540.536035737521,895978.3206059423,EF Eva GmbH & Co. KG,0.01027359548571355,91.46607858208218
6248228,1,16697.49498,740691.4215592926,154059.9450800894,0.0,894751.366639382,VIGOROUS & KSK ( PANAMA) S.A.,0.010259526809672919,91.47633810889185
6170394,1,15836.68858,739839.6628694789,153333.9993620875,3349.667019099454,893173.6622315664,SEA 205 LEASING CO. LIMITED 海二零五租賃有限公司,0.01024143630847534,91.48657954520033
6062284,1,14589.00117,733089.6896134502,159217.42071905977,126.24882834001555,892307.11033251,Verandi Shipping Co,0.010231500126456718,91.49681104532678
6486169,1,11707.4373,750573.5143094442,141619.57668780044,555.0202836626116,892193.0909972447,Purus Marine Containership 4 UG (haftungsbeschrankt) & Co. KG,0.010230192741555627,91.50704123806834
6409088,1,12784.11378,757479.9970321815,134391.0072681083,525.0910118096913,891871.0043002898,Al Reem Maritime Ltd,0.0102264995847462,91.51726773765309
6319399,6,14923.91013,785269.2116396135,102976.30603299831,115.4431099074174,888245.5176726119,KAMER MARINE ULUSLARARASI NAKLIYAT A.S.,0.010184928508532618,91.52745266616162
6315056,1,14858.9811,735666.7904228858,151945.29646161397,0.0,887612.0868844998,Fighter HLMPP Maritime Ltd,0.01017766537332544,91.53763033153494
4105435,1,9707.41055,730465.4443072741,157014.37802033202,0.0,887479.8223276061,"MS ""Ruth"" Jens u. Waller GmbH & Co. KG",0.010176148782439956,91.54780648031738
5021963,5,16564.018190000003,735468.9345851848,151052.8988501066,436.7388869046722,886521.8334352914,Acheon Akti Navigation Co Ltd,0.010165164152418112,91.55797164446979
5069641,1,16898.93216,728167.6322063914,157748.9693869693,4036.58638195323,885916.6015933608,Syncro Shipping Co Ltd,0.010158224356023414,91.5681298688258
6294978,1,15870.61851,731274.8150873161,154544.28713963742,0.0,885819.1022269535,"MS ""Hammonia Lutetia 2.0"" GmbH & Co.KG",0.010157106394765263,91.57828697522058
5374243,1,9212.9219,782676.6253743342,102635.31382272829,327.61335458165144,885311.9391970625,Ekinvestment AB,0.010151291089088129,91.58843826630967
5781402,3,16719.616840000002,729548.0423385719,152533.1797043661,137.3932941433423,882081.222042938,Olympia Ocean Carriers Ltd,0.010114246575390761,91.59855251288505
6313307,1,14965.96099,747167.7224304782,132675.07186377927,3624.0536338335355,879842.7942942574,"ACCIONA LOGISTICA, S.A.",0.010088579993192223,91.60864109287824
6448709,1,15827.71122,720210.0601508212,156843.12011699917,0.0,877053.1802678204,HT HUANG SHAN SHIPPING LIMITED,0.010056593319620138,91.61869768619786
1905495,5,9915.77328,774240.174007268,101530.29886517045,1043.6165868669445,875770.4728724385,Tschudi Ship Management AS,0.010041885355595099,91.62873957155345
6335147,4,15727.089539999999,728477.2317323157,145530.61393652065,296.0094427291786,874007.8456688364,Unity Ship Management Ltd,0.010021674466039562,91.6387612460195
5496441,1,9440.33673,756241.9047636884,117393.16173061631,284.35470931220317,873635.0664943048,Ares Ship Management,0.010017400051852794,91.64877864607135
0507368,6,15353.52467,732491.8361597761,140282.97947136746,205.17729627260408,872774.8156311435,Helikon Shipping Enterprises Ltd,0.01000753611967821,91.65878618219102
5975782,4,16531.57425,725480.2072938057,145243.79647358743,0.0,870724.0037673931,T-Erudite Ship Managers Pvt Ltd,0.00998402080572371,91.66877020299674
6174370,3,11261.79802,727801.2407821158,142764.43988805945,250.78936776443274,870565.6806701752,Okee Shipmanagement GmbH & Co. KG,0.009982205418655235,91.67875240841539
5504614,1,16018.48012,748339.4297697124,121891.28315886279,5982.603990065749,870230.7129285752,Trustee B.V.,0.009978364563359056,91.68873077297874
6026397,2,39390.02472,760038.6449347496,109129.89945255668,11910.009107300331,869168.5443873063,A-Ships Management SA,0.009966185373662515,91.6986969583524
1796633,1,13739.0762,734148.0714168209,133605.12988462456,1155.3366481314001,867753.2013014455,James Fisher (Shipping Services) Limited,0.009949956563206698,91.7086469149156
0151981,4,16049.44513,722240.6742282268,144339.30914379965,356.1161290323339,866579.9833720264,Marfin management s.a.m.,0.009936504043043836,91.71858341895864
1792180,3,12526.1626,765792.8281105913,100420.01464524104,519.035655267269,866212.8427558324,Lindblad Expeditions LLC,0.009932294282505656,91.72851571324115
5771627,1,16784.421,738828.2335663039,126532.81194253244,0.0,865361.0455088363,HarpainGas GmbH & Co KG,0.009922527282400602,91.73843824052355
6301573,1,19346.63706,709332.8662992343,152911.52253253033,475.2657571153817,862244.3888317647,MS Isabella B Schiffahrtsgesellschaft mbH & Co. KG,0.00988679062535021,91.7483250311489
6142706,1,9383.34068,716055.588789019,145842.73765361088,625.5533615970757,861898.3264426299,Zircon Shipping SA,0.009882822555010756,91.75820785370391
5936975,3,14732.82026,737126.4093243491,124139.2397061967,263.65612353812907,861265.6490305458,Ay Denizcilik A.S.,0.009875568058272147,91.76808342176219
6143081,1,11620.40513,742606.3271348681,117275.47607663009,1044.6035955439957,859881.8032114982,MACAW SHIPPING LLC,0.009859700406307225,91.7779431221685
5441519,4,16229.485059999999,711194.1241322671,148154.03718298723,796.9203507552893,859348.1613152543,Thome Shipping Pte Ltd,0.009853581484844335,91.78779670365334
5775871,1,10467.40633,719681.3500900402,139002.57321612514,706.7133513280394,858683.9233061654,STI ACTON SHIPPING COMPANY LIMITED,0.009845965103449079,91.7976426687568
5803570,1,16047.91652,707582.1305126922,150096.14013257634,0.0,857678.2706452685,PB MANAGEMENT EOOD,0.009834433944268578,91.80747710270106
5023735,4,15770.161830000001,711926.459272061,144265.51746146494,177.82924601553796,856191.976733526,Omicron Ship Management Inc,0.009817391587248382,91.8172944942883
5335851,1,11491.95176,736746.0182935974,118656.98177123329,514.1641150051794,855403.0000648306,Seychelles Progress Ltd,0.009808344909493545,91.82710283919779
1452561,3,12610.163499999999,730930.545742817,124306.19505497067,0.0,855236.7407977877,BEYKIM DENIZCILIK GEMI ISLETMECILIGI SAN. VE TIC. A.S.,0.009806438523573185,91.83690927772136
5999933,1,10150.09982,755885.6152461189,99122.32846451498,0.0,855007.9437106338,VISER CRUISE OPCO LLC,0.009803815057505237,91.84671309277887
5129288,4,9557.95162,754744.4132694276,98970.35670882638,111.27193546413253,853714.769978254,Misje Bulk AS,0.009788987082861569,91.85650207986173
6170403,1,14981.89412,700887.0878079794,148744.50914223798,300.6168175254014,849631.5969502174,Sea 206 Leasing Co Ltd,0.009742168017016477,91.86624424787874
6090021,1,12113.54588,737557.5698485543,110792.78117552135,1831.9966700565165,848350.3510240756,SOCIETA' ARMATORIALE ITALIANA S.r.l.,0.009727476810700238,91.87597172468944
5776336,1,11835.60014,709469.1507139747,137911.87971998993,386.99914186947876,847381.0304339647,STI ROTHERHITHE SHIPPING COMPANY LIMITED,0.00971636224753532,91.88568808693697
5250495,1,15417.45512,702164.4127863867,144763.3149631853,478.1751829637899,846927.7277495719,CARLTON PARK SHIPPING CO PTE LTD,0.009711164523098316,91.89539925146006
0098621,1,15312.1826,703504.5792533943,142704.4559252394,0.0,846209.0351786336,Sea 329 Leasing Co Ltd,0.00970292374697394,91.90510217520703
0965178,2,8981.19222,747341.5803991497,98001.89128476016,1235.812403440618,845343.4716839099,HAYS SHIPS LTD.,0.009692998898339234,91.91479517410538
6235522,1,9524.67984,724749.5967247471,120492.47722354239,725.2191446609527,845242.0739482895,"MS ""Norma J"" Shipping GmbH & Co. KG",0.009691836237039318,91.92448701034242
1571613,3,15385.634540000001,722489.534033038,122079.75231965314,40.92787156965394,844569.2863526911,HARBOR SHIPPING & TRADING S.A.,0.009684121823145566,91.93417113216556
1919123,3,10853.49622,745657.013758139,97780.85947219994,1231.6094505615233,843437.8732303389,TIDEWATER ANGOLA MARINE LTD,0.009671148651274159,91.94384228081684
6209906,1,10653.18863,725047.6305826962,117553.94440477871,0.0,842601.5749874748,SP Cruises Vessel (AQ) Limited,0.009661559368079465,91.95350384018492
6124713,1,15532.10182,721062.6131626238,120711.4334659489,1479.1215049808393,841774.0466285727,Feederstar GmbH & Co. KG,0.0096520706433896,91.9631559108283
5910311,1,11164.5447,727076.0129126527,114376.98647203743,105.51758183434373,841452.9993846901,MS “Trouper” Schiffahrtsgesellschaft mbH & Co. KG,0.009648389405306492,91.9728043002336
6265654,3,50105.72876,710555.4068475894,130509.60763564092,889.0274726436268,841065.0144832303,Grander Ship Management LLP,0.009643940637026623,91.98244824087064
5776490,6,15687.79073,730553.2716825223,110056.2209210448,961.8186373862466,840609.4926035671,GN Denizcilik ve Acentelik LTD. STI.,0.00963871746653363,91.99208695833717
1766047,4,14482.72113,696484.3122419874,144054.10524846506,292.992035936775,840538.4174904525,LAURITZEN BULKERS A/S,0.009637902494849105,92.00172486083201
5550729,3,14642.77988,697182.3607067541,142838.3735349819,0.0,840020.734241736,"Jiangsu Huaxi Ship Management Co., Ltd",0.00963196656072578,92.01135682739275
6146920,6,14404.54436,706459.7543919092,133489.3181230266,341.53119754628796,839949.0725149359,Aegean Eco Carriers S.A.,0.009631144862727046,92.02098797225547
1001341,2,15478.012990000001,689686.7348868696,146727.0154756353,0.0,836413.7503625049,"ASAHI SHIPPING CO., LTD.",0.009590607643387638,92.03057857989886
6446937,1,12410.89684,711486.1568238743,124743.1222567774,1921.9875887163516,836229.2790806517,White Flag Ventures LIII LLC,0.009588492432243679,92.0401670723311
6147640,1,15089.03444,692581.6791800692,141790.3479975201,0.0,834372.0271775894,Front Cruiser Inc.,0.009567196543349593,92.04973426887445
4133438,1,14112.52299,690684.4916573286,143006.94628481334,0.0,833691.4379421419,"MS ""Gotland"" Schifffahrt GmbH & Co. KG",0.009559392673170915,92.05929366154761
5729930,1,10260.8418,724371.9301759404,108881.06526956905,0.0,833252.9954455094,SEA HAWK MARITIME S.A,0.009554365340756106,92.06884802688838
5037460,3,9763.7183,733731.5892833368,96641.5876497159,911.721586595301,830373.1769330527,POWDERMILL NAVIGATION INC.,0.009521344351532571,92.0783693712399
5369221,2,15103.17272,708369.888938298,121551.47689085067,1974.1783382298095,829921.3658291487,Cenk Gemi Isletmeciligi A.S,0.009516163730070297,92.08788553496997
5831701,1,15379.95484,683629.6941522734,146270.74587735662,0.0,829900.44002963,STI Rose Shipping Company Limited,0.009515923787658156,92.09740145875763
1114894,3,10163.63636,731545.60157719,96901.50727260076,266.2214779828855,828447.1088497908,Aasen Shipping AS,0.009499259392655446,92.10690071815029
4087340,1,13993.2593,685462.942577847,141363.68324212008,0.0,826826.6258199671,"Kommanditgesellschaft MS ""SANTA VIOLA"" Offen Reederei GmbH & Co.",0.009480678377069476,92.11638139652736
5662584,2,15206.870490000001,680266.0659039292,145965.49470995963,504.8794622494081,826231.5606138888,FRANBO SAGACITY S.A.,0.009473855154817025,92.12585525168218
5158451,1,9011.68425,690945.1431083494,134277.52343268594,1949.6262118403856,825222.6665410353,"MS ""PEGASUS J"" Schiffahrtges. UG (haftungsbeschrankt) & Co. KG",0.009462286828492544,92.13531753851068
5257665,1,25336.59396,680333.7361905884,144245.70455224905,1500.5753175973748,824579.4407428375,"CONTI 23. Container Schiffahrts-GmbH & Co. KG MS ""CONTI CHIVALRY""",0.009454911380331934,92.14477244989101
6095380,3,13385.973860000002,690461.4902190397,132274.58272750283,0.0,822736.0729465425,TERMARE SHIPMANAGEMENT GmbH & Co KG,0.009433774691379774,92.15420622458238
5775956,1,10112.3048,694512.4406119026,128070.31646308544,0.0,822582.7570749881,STI CAMDEN SHIPPING COMPANY LIMITED,0.009432016718882377,92.16363824130126
6268163,3,14149.47346,683610.1105046923,138052.89567740585,729.4962449210866,821663.0061820982,NINGBO HUAYANG MARITIME SERVICE Co Ltd,0.009421470538909201,92.17305971184017
0006177,1,11653.14242,674609.6573933552,146556.02662965044,0.0,821165.6840230057,"""AS NURIA"" Schifffahrtsgesellschaft mbH & Co. KG",0.0094157680720402,92.18247547991221
5873588,1,14637.35092,682611.7947354431,138307.16458795624,0.0,820918.9593233994,STI LOMBARD SHIPPING COMPANY LIMITED,0.009412939041803872,92.19188841895402
5371717,1,10935.94308,697148.9465116017,123617.91953593105,1680.2751039224686,820766.8660475328,"Conti 146. Schifffahrts- GmbH & Co. KG MT "" CONTI BENGUELA""",0.009411195088008991,92.20129961404203
0254959,1,13771.92095,678636.2361186054,141406.69795748315,254.87469394520647,820042.9340760885,"NICHITOKU KISEN CO., LTD. (International Voyage)",0.009402894235116966,92.21070250827715
6195384,3,15185.9692,683569.5295712526,136437.35711466544,846.3723404020936,820006.8866859181,ATHEMAR MARITIME SA,0.009402480903347202,92.2201049891805
5943711,1,10646.11252,705212.7996988298,114390.83007361705,0.0,819603.6297724468,VALLOEBY LISBETH LIMITED,0.009397857020926676,92.22950284620143
6238941,4,31684.76263,693728.1304782251,124951.57886136654,3191.993686475483,818679.7093395916,Holger Navigation,0.009387263031574658,92.238890109233
5617053,4,13514.6759,680455.1918456323,137724.80282513192,1314.8077059307107,818179.9946707642,"SANSHO KOREA CO.,LTD.",0.009381533131366427,92.24827164236436
1995431,1,12705.32405,710299.4584623768,107153.28273391692,0.0,817452.7411962937,"SHINTOKU PANAMA, S.A.",0.00937319419297868,92.25764483655733
5438470,1,13893.87339,690012.627783302,127435.5156534658,0.0,817448.1434367677,Heroic Hologium Inc,0.00937314147348712,92.26701797803082
1369627,4,13533.19902,675547.7236273603,141743.52504538407,628.9575127825975,817291.2486727444,HIND MARITIME ENTERPRISES S.A.,0.009371342464178154,92.276389320495
5784954,3,14581.80138,680471.7230879662,135879.6357994998,118.06766620586352,816351.358887466,MyBulk Shipmanagement Inc.,0.009360565364740555,92.28574988585974
6160588,1,10890.9052,693849.1214336668,120709.1555281974,587.1863506038122,814558.2769618642,MERIDIAN 20 LIMITED,0.009340005270871409,92.29508989113062
6433661,2,18876.48762,695163.1593797217,116898.14052428419,0.0,812061.299904006,CONBULK ASIA PTE.LTD.,0.009311374073397575,92.304401265204
6409729,4,19464.5257,688829.4856055966,122132.78903241397,1369.6179158671582,810962.2746380105,BERNICE SHIPPING LIMITED,0.00929877227182298,92.31370003747583
1661293,5,13682.03305,702210.4002066044,108167.98315778139,999.0035958753303,810378.3833643858,Akaylar Deniz Nakliyat Sanayi ve Ticaret Anonim Sirketi,0.009292077173721942,92.32299211464955
6332315,1,14632.27228,666010.0174585358,140985.59586393813,0.0,806995.613322474,Fusion HLMPP Shipping Ltd,0.009253289169333299,92.33224540381889
5126836,1,10956.64948,698184.6472364056,107879.29703017141,1003.8557112319234,806063.944266577,"TMS ""SEASHARK"" GmbH & CO. KG",0.009242606331605297,92.3414880101505
5204951,1,10948.73824,686349.8077509438,118101.46999521196,776.598543361191,804451.2777461557,"TMS ""Seaconger"" GMBH,",0.00922411494280366,92.35071212509331
5915223,6,15226.89346,707776.230524176,96625.72430733983,1838.0287949291344,804401.9548315159,Oruba Shipping Ltd,0.009223549389305844,92.35993567448261
6327425,1,14656.46853,671228.8615955438,132458.9635313534,470.3098829174308,803687.8251268972,Fame HLMPP Shipping Ltd,0.009215360932575528,92.36915103541519
6410925,1,15290.86854,663406.7244124799,140278.92684890676,0.0,803685.6512613867,Golden John Ltd.,0.00921533600628615,92.37836637142148
1822162,3,15397.88364,670261.038445704,132124.0140272993,0.0,802385.0524730033,Wilhelmsen Ahrenkiel Bulk GmbH & Co. KG,0.00920042289339741,92.38756679431488
6259372,5,13950.4889,671709.2777289414,129307.03746396657,34.98390118240431,801016.3151929079,TOEI JAPAN LTD.,0.009184728481134838,92.39675152279601
1809891,3,14718.2262,690055.9196060108,110692.224834271,1665.3187276389676,800748.1444402818,"CHINA MERCHANTS SHENZHEN RORO SHIPPING CO., LTD",0.00918165354308085,92.40593317633909
0288712,1,45366.41331,659516.9049960792,139900.85696045533,4590.929767729713,799417.7619565345,Sunwick Shipping Co,0.009166398920100625,92.41509957525919
6332571,1,11622.80798,664232.8804479839,135179.7131963202,851.1983068823358,799412.5936443041,CARIBIC TANKER LTD,0.009166339658455586,92.42426591491764
6313457,3,12715.33432,659704.6181490469,139389.8587612734,210.01554995981053,799094.4769103203,"Pretty Sea Ship Management Co., Ltd.",0.009162692022606568,92.43342860694025
0210536,1,14574.77407,660765.882449218,137811.8000008619,1762.5440001628772,798577.6824500798,Pedieos River Shipping Limited,0.009156766279637497,92.44258537321988
4210599,1,14302.71558,659940.0076121937,137093.60973454392,0.3360119303059393,797033.6173467377,Front Crown Inc,0.00913906149827112,92.45172443471816
1988310,1,14380.1738,668489.4982193904,127939.10013359057,3385.041277104178,796428.598352981,Victoria Shipping International Corporation,0.009132124142466768,92.46085655886063
6039296,4,14124.413180000001,663279.0212238464,128266.20738721995,217.3718738809393,791545.2286110664,Anglo-Eastern Ship Management (NL) B.V.,0.009076129745971018,92.4699326886066
6203924,1,13306.47777,659407.1619798171,131694.7092482387,509.0169016694974,791101.8712280558,Briese Schiffahrts GmbH & Co. KG MS Filsum,0.009071046057779126,92.47900373466439
5375652,2,13680.05642,655666.1110012872,133842.48404323493,2076.976586144991,789508.5950445222,MARTI DENIZCILIK VE GEMI ISLETMECILIGI A.S.,0.009052777005247167,92.48805651166964
5437732,4,13640.34276,665348.849321237,123662.46043201795,311.67271383608903,789011.3097532549,"Greathorse International Ship Management Co., Ltd",0.009047074961117327,92.49710358663076
6316761,1,12351.65744,659612.423277173,128861.0952290168,2199.2403337879805,788473.5185061898,"MS ""HAMMONIA  ATHENE"" Schiffahrts GmbH & Co.KG",0.009040908461771264,92.50614449509253
6357089,1,13319.96622,663702.3268805549,122500.82376117317,0.0,786203.1506417281,OKEE Ship Thirteen GmbH & Co KG,0.0090148756432233,92.51515937073574
6129232,1,10679.62335,658826.2747341008,125077.91796480723,0.0,783904.192698908,A La Marine B.V.,0.008988515001006836,92.52414788573675
5889994,1,13501.80342,649800.2784364101,134041.13749822637,886.3955363429371,783841.4159346365,STI SOLACE SHIPPING COMPANY LIMITED,0.008987795181043345,92.5331356809178
6320105,1,11295.84709,672454.6507934022,111317.2478357567,2235.7727836251124,783771.898629159,GERANIUM SHIPTRADE S.A.,0.008986998071716806,92.54212267898951
5685900,1,9861.58169,674900.3647990769,108752.04583678675,451.8234319522384,783652.4106358637,PERCY SHIPPING CO.,0.008985627981302468,92.55110830697082
6103085,5,14722.748329999999,662223.4904842133,119710.47693087498,277.79779582877194,781933.9674150883,YUANFENG SHIPPING LIMITED,0.008965923720485674,92.5600742306913
5581289,7,13694.45746,657625.9148839364,121798.0452025012,910.6243112722586,779423.9600864376,Baltmed Reefer Services Ltd,0.008937143113446773,92.56901137380474
5775987,1,10651.13205,659952.1917469156,119005.14347189924,651.3261073522133,778957.3352188148,STI Clapham Shipping Company Limited,0.008931792632276326,92.57794316643702
5897994,1,14592.07068,644516.4808488077,130576.31310511508,0.0,775092.7939539228,New Dancing Brave Shipping PTE. LTD.,0.00888748047339898,92.58683064691043
5888903,4,13707.70203,663650.4742207528,111224.34099135398,289.1237692087808,774874.8152121068,"KAIZEN SHIP MANAGEMENT CO., LTD",0.008884981054198314,92.59571562796462
6327460,1,14638.14631,638605.451787533,136087.56481177898,701.1711899389078,774693.016599312,Elsa Shipping Ltd,0.008882896488796716,92.60459852445342
5917675,3,14607.31436,648172.5461708624,124613.2583390706,39.3428075607655,772785.804509933,Mountpark Shipping Company Limited,0.008861027739228656,92.61345955219265
5497470,1,14748.67445,632644.5783842977,138752.4134480546,0.0,771396.9918323522,MISUGA KAIUN HOLLAND B.V.,0.00884510313555605,92.62230465532821
6031208,1,13750.1266,634450.5437610225,136034.3290273576,543.6566251975004,770484.8727883801,STI STEADFAST SHIPPING COMPANY LIMITED,0.008834644464986602,92.63113929979319
0260422,3,13352.229500000001,640139.7165669401,130224.44205382493,0.0,770364.158620765,"OSAKA ASAHI KAIUN CO., LTD.",0.008833260314835922,92.63997256010802
5863839,1,13836.00938,637285.5579468583,131943.6963750362,0.0,769229.2543218946,STI Kingsway Shipping Company Limited,0.008820247111934198,92.64879280721995
5442671,7,8507.50572,680052.6082230986,89175.27968615496,302.7206027668571,769227.8879092535,Karl Meyer Shipping International GmbH & Co. KG,0.008820231444177045,92.65761303866412
6380103,1,12609.19247,638902.8238520817,129798.95436522465,518.0531405418304,768701.7782173064,MS Elbrunner GMBH & Co KG,0.0088141988895584,92.66642723755368
5457134,1,8649.23464,637597.2099668203,130333.98061569298,723.7429942631273,767931.1905825133,Montenegro Marine Corp.,0.008805363066788936,92.67523260062046
6410015,1,12886.59276,639878.4347555815,127826.54775778233,861.918017307635,767704.9825133639,M Linda S.A.,0.008802769287291599,92.68403536990775
5636883,4,13682.75979,636361.7122003103,130178.02788075779,205.29382096414074,766539.7400810681,Cetus Maritime  (Shanghai) Limited,0.008789408216920945,92.69282477812467
0113845,1,13239.35475,634096.4919376976,131560.60278866705,272.7313691017237,765657.0947263647,Camellia Oceanway Limited,0.008779287501806506,92.70160406562648
6332329,1,14980.08342,631719.8788478043,131214.13252837106,1026.2231344124257,762934.0113761753,FRONTIER HLMPP MARITIME LTD,0.008748063691843326,92.71035212931832
6005966,1,13577.47702,628024.8458730126,134560.12554408758,890.6460785081374,762584.9714171002,AS PETRONIA OpCo B.V.,0.008744061479663168,92.71909619079798
5567784,3,12811.024249999999,629544.6633371861,132090.24681677058,229.76423328699155,761634.9101539566,TMS Bulkers Ltd,0.008733167750563134,92.72782935854855
5201369,5,13623.75386,628890.7078134549,131515.83797797465,837.945326787206,760406.5457914296,"Shanghai Fujian Guohang Ocean shipmanagement Co., Ltd",0.00871908290243742,92.73654844145098
5254904,6,11833.9872,672121.6625202303,88135.5939419086,388.36711286595016,760257.2564621388,Tayf Denizcilik ve Nakliyat Sanayi Ticaret Limited Sirketi,0.008717371099658052,92.74526581255064
6286902,4,14374.37909,646434.4388296306,113605.20822243308,79.3546032501243,760039.6470520637,Shanghai Jiarui Eternal Ship Management Co Ltd,0.008714875915342113,92.75398068846599
5442636,1,13866.1589,629908.2962978275,129373.59029239058,459.0536270671279,759281.886590218,Prosper Navigation Ltd,0.008706187173347993,92.76268687563933
1666405,1,9428.90099,642021.1824610961,116315.40923071827,0.0,758336.5916918144,Orange Maritime Pte Ltd,0.008695348097024873,92.77138222373635
0120484,1,9067.18104,642168.8600867385,114869.12105056274,241.1148853280388,757037.9811373012,SSM LTD Poland Sp zoo,0.008680457781909299,92.78006268151826
5860074,1,13065.72788,625331.5820566517,129842.704977733,0.0,755174.2870343847,Rote Anna Schiffahrtsgesellschaft mbH & Co. KG,0.00865908802453668,92.78872176954279
5642269,3,12723.99958,636700.160481421,117376.20542828046,342.86076460628345,754076.3659097014,NSC Bulk & Tank GmbH & Cie KG,0.008646498883426005,92.79736826842621
6316774,1,11761.7445,632363.6135289167,120961.86658305867,285.1991451724193,753325.4801119755,"MS ""HAMMONIA ARTEMIS"" Schiffahrts GmbH & Co. KG",0.008637888968694378,92.8060061573949
5796838,1,14219.61006,618972.9861115463,133573.69999311888,0.0,752546.6861046652,STI Rambla Shipping Company Limited,0.008628959048836055,92.81463511644374
6451858,1,12141.52858,630190.123438576,122094.75066372355,0.0,752284.8741022996,Elegant Voyager Navigation Ltd.,0.008625957022398864,92.82326107346614
5113870,2,13030.604,625855.652767292,123943.23584061247,1191.4242625682484,749798.8886079044,Black Marlin Ship Management & Operation LLC,0.008597451857970898,92.83185852532411
6315511,1,12268.00697,622777.482603205,126824.71463328207,1349.2715496991689,749602.1972364871,ATNY YANBU LLC,0.008595196527078398,92.84045372185119
6099144,3,14238.654149999998,624276.3112769423,124297.29226815104,324.17964664475426,748573.6035450933,BW MARU PTE. LTD.,0.00858340231815447,92.84903712416934
6306203,1,14072.0668,614582.9791653331,131924.36547022857,0.0,746507.3446355617,2020 Bulkers Santos As,0.00855970988306193,92.8575968340524
0250925,2,14346.674340000001,616720.2065454102,129438.106678218,0.0,746158.3132236282,"MIZUHO SANGYO CO., LTD.",0.008555707768886235,92.8661525418213
6500248,1,13388.51244,627454.0894184381,118680.94967903293,0.0,746135.039097471,SFL Tigris Inc,0.008555440899753441,92.87470798272105
6505080,1,9429.19866,658929.7489782171,86407.77477773587,0.0,745337.523755953,Club Med Marine SAS,0.008546296314640192,92.88325427903568
1904011,5,8750.87318,658905.2362865937,86403.5261102665,341.5302002758883,745308.7623968602,Reederei M. Lauterjung GmbH & Co. KG Sunship Eurocoaster,0.008545966527007898,92.89180024556269
1413047,3,10560.70452,654763.3551407014,90490.48254187264,0.0,745253.837682574,Queensway Navigation Co Ltd,0.008545336741349288,92.90034558230404
6209897,1,9626.49928,643442.3357892828,97382.33785132818,0.0,740824.673640611,SP Cruises Vessels (AP) Limited,0.008494550423577421,92.90884013272762
5640571,1,37491.42572,740822.5042269336,0.0,8314.913336661904,740822.5042269336,SONANGOL BENGUELA  LIMITED,0.008494525548334292,92.91733465827595
0204696,1,14258.94205,655406.5112835523,84930.84525721567,1485.85927752685,740337.3565407679,Laura S.A.,0.008488962678157786,92.9258236209541
5807215,2,16151.82575,608414.602522786,131640.33270447687,76.03085493161953,740054.9352272629,HAI AN TRANSPORT AND STEVEDORING J.S.C,0.008485724338273031,92.93430934529238
6438795,1,13280.90866,611768.1526516068,127732.68032974067,0.0,739500.8329813475,STI Lotus Shipping Company Limited,0.008479370811405984,92.94278871610378
6462999,1,14358.6554,611098.9894723425,127727.99604709518,165.9538372458451,738826.9855194377,ZIM TIANJIN LP,0.008471644244720694,92.9512603603485
6219893,4,11455.423,625903.5499584519,112775.46257352544,138.83468984216552,738679.0125319774,WYW Ship Management Ltd,0.00846994753556935,92.95973030788407
6330251,1,13596.70652,607339.5518512394,131304.10914022513,0.0,738643.6609914645,ASTRA 3 LIMITED,0.00846954218265101,92.96819985006672
6144217,2,13271.93341,630733.0599336096,107681.29317874796,0.0,738414.3531123576,Rederij S Smith BV,0.008466912859666902,92.97666676292638
5501844,3,13736.8072,609798.0939446496,128191.35773090966,414.4206165516282,737989.4516755592,Alassia Newships Management Inc.,0.008462040793699933,92.98512880372009
5741000,1,12837.4905,609689.3177074499,128127.69547153643,0.0,737817.0131789863,STI BROADWAY SHIPPING COMPANY LIMITED,0.008460063554609197,92.9935888672747
6296838,3,11556.397210000001,631680.5526882445,105492.1855953706,12.94737381115446,737172.7382836151,SEALIFE BV,0.00845267607713969,93.00204154335184
6390175,5,30014.79788,621493.9253829683,114785.23413160685,1628.8356064349434,736279.1595145751,NEGMAR TEKNIK GEMI ISLETMECILIGI A.S.,0.008442429995737263,93.01048397334758
5776075,1,10869.25159,626387.4024901866,109155.06351001596,0.0,735542.4660002026,STI Fulham Shipping Company Limited,0.008433982814606257,93.01891795616218
0122494,1,9303.49063,642352.7715382085,92808.4341087867,1393.9199579658452,735161.2056469952,"Rubikon Shipping UG (haftungsbeschrankt) & Co. KG MS ""Rubikon 78""",0.008429611152308732,93.0273475673145
4156687,1,12289.18538,612434.8564061032,119005.4714366913,1013.4231127465129,731440.3278427946,FABER PARK SHIPPING CO PTE LTD,0.008386946288067068,93.03573451360256
5228094,1,14221.8283,605109.9333550323,126234.04719967958,378.923329622915,731343.9805547119,RENA MARITIME CORPORATION,0.008385841536935099,93.0441203551395
0334213,1,14221.99056,608145.5049228736,122976.7126434871,0.0,731122.2175663607,"TIANJIN GLORY SHIP MANAGEMENT CO., LTD",0.008383298726262535,93.05250365386576
6491969,5,15002.65174,608398.6608627627,122279.05419771555,1020.4167109311752,730677.7150604783,Dasin Marine Pte Ltd,0.008378201907698071,93.06088185577346
4160707,1,13827.4747,610064.9198686279,120212.93552193316,929.1797319566375,730277.855390561,ITW MEGALINE,0.008373616979240201,93.0692554727527
1541906,5,15240.42405,607987.4645810593,121553.50969930117,91.94569696988344,729540.9742803605,"TEMM MARITIME CO., LTD.",0.008365167647070931,93.07762064039977
5995326,2,13191.3989,602915.2344428166,124232.42316355719,4401.296758109842,727147.6576063738,BASSEM DABBAH Shipping Inc.,0.00833772505519982,93.08595836545497
1287120,1,8531.81028,620919.827678787,105062.94075008928,136.02659983486538,725982.7684288763,Scheepvaartonderneming Tina B.V.,0.008324368035370143,93.09428273349035
1069901,5,13376.040500000001,602202.5305249691,122837.04819441139,38.24567433079915,725039.5787193805,DryDel Shipping Inc.,0.008313553097866862,93.10259628658821
6137759,1,12690.79592,594745.4271976907,128042.8139404623,0.0,722788.241138153,Briese Schiffahrts GmbH & Co. KG MS Rantum,0.008287738487089592,93.1108840250753
5727289,4,11187.61796,630579.7744796798,91436.1667742957,686.5821975054748,722015.9412539755,SeaQuest Shipmanagement doo,0.008278883031079966,93.11916290810638
0250474,1,17185.36942,593404.3721095062,127119.65534086856,1138.0223871931266,720524.0274503747,"MS ""Elbsommer"" GmbH & Co. KG",0.008261776234447453,93.12742468434082
4211274,1,13645.5677,599643.0016471042,120721.6961051774,28.774504548765613,720364.6977522816,Front Cosmos Inc,0.008259949305347245,93.13568463364616
6281773,2,13755.81386,620527.4232713026,99743.38160814744,229.9880222974312,720270.80487945,Northgreen Maritime SA,0.008258872697384444,93.14394350634355
6420895,5,15335.830580000002,601716.5507394802,118512.86746758367,1016.0664515082591,720229.4182070638,Ada Marine Denizcilik Dis Ticaret Limited,0.008258398143569002,93.15220190448711
5554253,5,13787.16737,603103.990833648,116796.42370316832,289.528867573039,719900.4145368163,GLORY SHIPS (S) PTE. LTD.,0.00825462567436556,93.16045653016148
6230901,1,9080.60292,602191.4516446939,117697.70346332192,667.2784590127242,719889.1551080158,BLUE SHIPPING AB,0.008254496569883635,93.16871102673137
6055163,1,12311.35478,598280.1396593119,121263.02367194126,0.0,719543.1633312531,Front Discovery INC,0.00825052930920992,93.17696155604058
5814129,1,8102.68856,600358.4793203461,118970.00563570307,0.0,719328.4849560492,MS “Emilia” Schiffahrts GmbH & Co. KG,0.008248067733147584,93.18520962377373
5994773,4,13997.2347,608383.9671802812,107572.32800163994,61.64478715928476,715956.2951819211,MONTANA SHIP MANAGEMENT INC,0.008209401045747132,93.19341902481948
5993789,1,9675.29122,632716.1489193537,82970.45594761071,2890.8620356464653,715686.6048669644,ROW Management Ltd,0.008206308683868993,93.20162533350334
1669943,2,10661.13702,617712.7309852493,96872.88982235588,0.0,714585.6208076051,OSG Ship Management Inc,0.008193684422096201,93.20981901792544
5688688,3,12565.70343,597043.9325250364,116981.3975390472,57.17245963278825,714025.3300640836,STC Shipping Pte Ltd,0.008187259935787831,93.21800627786122
0615447,4,15959.33412,598756.6113681165,114251.64281047975,1295.6801230487733,713008.2541785962,Prosperity Bay Shipping Co Ltd,0.008175597793986559,93.22618187565521
6382215,3,12298.12972,614254.4272017076,96278.52405094192,0.0,710532.9512526495,Ocean Tanker Isletmeciligi Sanayi ve Ticaret Limited Sirketi,0.00814721511956138,93.23432909077478
6483782,2,9125.52621,607351.9993440539,102747.96581803302,2854.9480112551328,710099.9651620869,FB Trade DWC-LLC,0.008142250352174626,93.24247134112696
5893722,1,12717.77922,588109.6043830345,121696.07937405184,1000.6087939269041,709805.6837570864,SEA 24 LEASING CO. LIMITED 海二十四租賃有限公司,0.008138876020402962,93.25061021714735
5951892,1,11456.90933,588528.6801689593,119932.85601431163,0.0,708461.536183271,S831 INTERNATIONAL S A,0.008123463562167206,93.25873368070953
1942522,4,11671.83323,610191.7344360847,95652.22089073499,53.99925848606283,705843.9553268198,Baltnautic Shipping Ltd,0.008093449480071848,93.2668271301896
5356851,3,13132.87641,600769.8463600385,103295.52328703346,715.3360773924409,704065.3696470719,Phuong Dong Viet Shipping and Logistics Corporation (PVT Logistics),0.008073055605141866,93.27490018579473
6308200,1,12913.80064,585282.7534485264,117999.90519301528,0.0,703282.6586415416,hull 3241 Inc,0.008064080771635184,93.28296426656637
0039272,4,10224.831680000001,620124.7963221149,81321.5529865718,114.75644897472294,701446.3493086867,Coastal Shipping Limited,0.008043025017451721,93.29100729158382
5045721,5,15758.629860000001,583265.3896813465,116722.12167831408,938.2696158437741,699987.5113596605,"DALIAN CHUN AN SHIP MANAGEMENT CO., LTD.",0.008026297479940134,93.29903358906377
5364145,1,13035.00418,591661.1199405044,107845.18244009452,0.0,699506.302380599,Reederei Rambow GmbH & Co. KG MS ”Henneke Rambow”,0.008020779772333517,93.3070543688361
5951901,1,12196.28826,584556.4984825023,114587.24204437132,0.0,699143.7405268736,S830 International S.A.,0.008016622513460105,93.31507099134957
6385890,1,12065.31248,573058.7412142387,124877.92977338664,1077.0895516871026,697936.6709876254,"PSL NAVEGACAO, SA",0.008002781839099842,93.32307377318867
6316403,1,12752.8068,593354.7257108862,101765.33123104263,3071.8637674735483,695120.0569419288,LOTUS CRUDE CARRIERS S.A.,0.007970485574023588,93.33104425876269
5088399,3,13171.23342,580033.2459341199,114690.48522756225,1721.6640839191975,694723.7311616822,"SDSC Ship Management Co., Ltd.",0.007965941166359729,93.33901019992905
6427416,8,22154.37451,583816.0374712391,110789.99828000773,630.0429675916278,694606.0357512468,COLUMBUS SHIPMANAGEMENT INC.,0.007964591630316802,93.34697479155936
5962000,1,10477.80669,587608.1374426176,105820.38197728159,343.3724437302563,693428.5194198992,Chemical Voyager Shipping Ltd,0.007951089823199522,93.35492588138256
6327411,1,12825.53835,573338.6101601375,119496.7601792409,0.0,692835.3703393785,Dongming Maritime Ltd,0.00794428857190153,93.36287016995446
0179604,1,11775.60012,575823.7539695248,116817.85023935216,0.0,692641.604208877,Twenty-second New Shipping UG (haftungsbeschrankt) & Co KG,0.00794206678282715,93.3708122367373
5941998,3,10690.56276,585015.0686373493,106771.93681529441,189.23797807555079,691787.0054526437,LION BULK CARRIERS INC,0.007932267659653951,93.37874450439695
6303901,1,12895.49224,570344.5293854687,120752.040235455,1169.5058272198712,691096.5696209237,Briese Schiffahrts GmbH & Co. KG MS Plaggenburg,0.007924350885016885,93.38666885528197
4158975,7,12224.373669999999,573491.5617439694,117114.81992003297,222.08467554134882,690606.3816640024,Amoysailing Maritime Co Ltd,0.007918730221362911,93.39458758550333
5014361,2,12381.100559999999,572050.6642047194,117870.11051145906,0.0,689920.7747161784,"SANDIGAN SHIP SERVICES, INC.",0.0079108688163689,93.4024984543197
6463011,1,12960.5496,570436.4659965035,119089.69969384892,630.6190553568894,689526.1656903524,ZF ROTTERDAM LP,0.007906344093601494,93.4104047984133
5784438,1,10227.89924,588019.0312872855,100716.80723408065,0.0,688735.8385213661,"SG ""Hansa Rotenburg"" mbH & Co. KG",0.007897281930545981,93.41830208034384
1575704,6,11719.022860000001,584177.8337215703,104077.0775893817,336.2770951337634,688254.911310952,LAMDA MARITIME S.A.,0.007891767453795556,93.42619384779763
5717849,5,15723.66674,570858.6791418989,116861.49382096343,355.53280452577593,687720.1729628623,EMPIRE BULKERS LTD,0.007885635960038813,93.43407948375767
5823759,1,13337.7498,573920.5992621316,113755.60087878982,312.7699326198307,687676.2001409214,EMPERY SHIPPING PTE. LTD,0.00788513175254339,93.44196461551022
6332553,1,12013.98,566736.4869868247,119183.08886468335,849.7309221929901,685919.575851508,ADRIATIC TANKER LTD,0.007864989694465904,93.44982960520468
1785877,7,13174.280490000001,575337.8795272729,109353.97684322525,449.93912279772223,684691.8563704982,Pritchard-Gordon Tankers Ltd,0.007850912240773392,93.45768051744545
6364908,1,12571.41988,570226.1354806366,114393.29332691229,331.4822518183721,684619.428807549,UHL Fable GmbH & Co. KG,0.007850081761434055,93.46553059920689
5146431,2,9038.1266,584424.3207549215,99739.38988548267,0.0,684163.7106404041,"Shanghai Dingheng Shipping Technology Co.,Ltd.",0.007844856340241308,93.47337545554713
1145429,3,10619.709149999999,578828.5066937387,104189.1695601109,1777.4343855806198,683017.6762538496,Transman Shipmanagers SA,0.007831715515927372,93.48120717106306
5864718,1,8055.37542,602273.2829508537,80636.01436816088,1051.5997614458106,682909.2973190146,VALLOEBY MURRAY STAR LTD,0.007830472805796936,93.48903764386885
6011443,6,12347.17019,567433.1065215536,115341.1681082641,333.8302371883324,682774.2746298177,"FILTEAM SHIPMANAGEMENT INC.,",0.007828924589218142,93.49686656845807
6414521,1,13686.5728,600644.0155624889,81857.55357192148,0.0,682501.5691344105,EF Ava GmbH & Co. KG,0.007825797654244258,93.50469236611232
5910647,1,12528.18102,567863.962909639,114202.12613472041,0.0,682066.0890443594,Success Shipping Holdings Ltd,0.007820804289801865,93.51251317040213
5754371,2,13111.01446,566448.015576263,115376.61499047955,80.89287917592577,681824.6305667425,Alios Bulkers Ltd.,0.007818035643877539,93.52033120604601
6052742,1,10285.34176,569363.3208481881,111696.11372700364,304.7000706556194,681059.4345751918,ALYSS SHIPTRADE S.A.,0.007809261643543285,93.52814046768955
6403472,3,11830.70782,566380.1346031297,114475.4441899654,149.30949598781672,680855.5787930951,Winter MPP GmbH & Co. KG,0.007806924163054616,93.5359473918526
0126506,1,10839.02866,561897.5759773041,114918.5363619755,0.0,676816.1123392796,Twenty-first New Shipping UG (haftungsbeschrankt) & Co KG,0.0077606062518170505,93.54370799810442
5745210,4,11927.8832,571562.4577690348,105155.74446862517,202.8059111775766,676718.20223766,SIA Unimanager,0.007759483580927731,93.55146748168535
5005549,1,12561.8839,561877.4681621647,113795.7692118006,1542.1048930351415,675673.2373739653,FALKONERA SHIPPING COMPANY,0.007747501654513348,93.55921498333986
6089681,3,8105.671270000001,585544.365731814,86771.83497613616,0.0,672316.2007079502,Mediterranean Ship Mgmt Ltd,0.0077090087178605686,93.56692399205772
6017354,1,11272.05698,559427.0876209979,109911.72521892145,2689.1944752844715,669338.8128399194,Yeoman Bridge Ltd,0.007674868964859031,93.57459886102258
6223224,11,22037.16146,551261.867054394,116820.89434502873,361.4728823736206,668082.7613994228,Iblea Ship Management Ltd,0.007660466647177747,93.58225932766976
5784601,3,11810.33516,560469.1777529449,106100.77443120413,166.15398640671643,666569.9521841491,Cobelfret Pte Ltd,0.007643120256570582,93.58990244792633
0016377,1,9821.08038,551305.156328476,114507.34621026901,459.6879255760321,665812.5025387451,Feeder 7 LLC,0.00763443507850465,93.59753688300484
5900380,1,12137.23104,548052.900518399,116679.57028116293,0.0,664732.4707995619,Crystal Sky Kommanditbolag,0.007622051063238974,93.60515893406807
5393662,1,9623.00534,557623.36843394,106258.70193345843,292.02273104467946,663882.0703673984,HEROIC AVENIR INC,0.007612300079493055,93.61277123414756
1704113,4,12197.19502,552802.2918645407,110647.20825582714,77.98967757350584,663449.5001203679,TAIYO SANGYO TRADING & MARINE SERVICE LTD.,0.00760734008031122,93.62037857422787
1475418,2,44448.85019,662372.4806526074,0.0,3570.656432742424,662372.4806526074,Reederei F. Laeisz G.m.b.H.,0.0075949906047853765,93.62797356483266
0180774,1,12341.91518,546855.3518034872,113673.36681267383,1528.9071226781205,660528.718616161,"Abe Kisen Kaisha, Ltd.",0.007573849395340092,93.635547414228
1641684,1,12402.06832,549681.1917827367,109985.70308262127,585.5641165068694,659666.894865358,Force Shipping Ltd,0.0075639674278950055,93.6431113816559
5563101,3,11571.41142,554412.1642037004,104725.62547104698,0.0,659137.7896747474,COMMERCIAL SHIPPING & TRADING COMPANY LTD,0.00755790052585875,93.65066928218175
5639052,1,8646.9976,574957.1852099437,84118.89951411795,1076.4449178121386,659076.0847240617,CLEMENTI PARK SHIPPING CO PTE LTD,0.007557192995678352,93.65822647517743
5476505,5,12076.690180000001,550977.3621565234,106255.4488006046,2846.5141067029053,657232.810957128,Sea Gate Navigation Ltd,0.007536057384899179,93.66576253256233
5286799,2,12655.59039,554124.441239847,102261.03195295566,0.0,656385.4731928026,Xiamen ITG Shipping Co Ltd,0.007526341518755722,93.67328887408108
6134238,1,10986.66504,544027.1356546088,111373.71830579403,0.0,655400.8539604029,Amusa Shipping S.A.,0.007515051536098231,93.68080392561718
5974682,1,8912.43606,566938.201445353,87460.02798190965,0.0,654398.2294272627,Eemslift Hendrika B.V.,0.007503555098471739,93.68830748071565
6265963,1,8526.08738,578412.2021145816,75847.14581957305,1200.864449103307,654259.3479341547,ESSEX STAR SHIPPING LTD,0.007501962635520538,93.69580944335117
6256829,3,10610.288620000001,566119.6581578092,87492.23062905342,225.562895349315,653611.8887868626,Aurora Shipping Ltd,0.0074945386463236745,93.7033039819975
5142491,4,12228.49057,547643.7066077414,105360.6425805508,466.8236556791609,653004.3491882922,"TOSCO KEYMAX INTERNATIONAL SHIP MANAGEMENT CO.,LTD",0.007487572388397875,93.71079155438589
6191381,1,12957.5299,576565.7433072671,75606.334260094,47.502827145808524,652172.0775673611,"HS Schiffahrts UG (haftungsbeschrankt) & Co. KG MS ""Deike Schepers""",0.007478029275834724,93.71826958366172
6263817,3,15882.10844,543988.937687136,107844.90675522198,1105.7875616647884,651833.844442358,HK TRIUMPH MARINE LIMITED,0.007474150978529718,93.72574373464025
6327456,1,11844.17768,541294.2228526393,110289.08485782646,0.0,651583.3077104657,Future 13KMPPF900HL Maritime Ltd,0.0074712782382205176,93.73321501287846
6449671,2,7165.749879999999,556006.1118736813,95456.13540229473,286.98074119526564,651462.247275976,Nordic Chemtanker GmbH & Co. KG,0.007469890117654798,93.74068490299612
6385722,1,11695.84999,548201.0148087497,103191.26607857103,0.0,651392.2808873206,EAST VICTORY SHIPPING INC.,0.007469087858986133,93.7481539908551
0510101,1,12137.17646,537314.8404462057,111976.00098354035,1903.4010699513565,649290.841429746,TEO SHIPPING CORPORATION,0.007444992031633705,93.75559898288674
5575855,2,11924.016380000001,541857.1728636243,106528.78695276346,103.29770422772303,648385.9598163877,PT Navigator Khatulistiwa,0.0074346163479321005,93.76303359923467
1418224,5,36622.93749,535673.6140518113,111796.17879729053,3057.574572128733,647469.7928491018,INTERNATIONAL TANKER MANAGEMENT LTD,0.0074241112624821495,93.77045771049715
6254031,2,9334.79898,538145.1626368257,108896.06310780218,388.521483858151,647041.2257446279,Synergy Mideast Ship Mgmt DMCC,0.007419197164709258,93.77787690766186
5558653,1,7953.19482,559603.3277060938,87028.23731720657,0.0,646631.5650233004,OSM Tanker Management Pte Ltd,0.007414499854026051,93.78529140751588
6482855,1,12323.59479,540343.615676174,105594.84598893608,0.0,645938.4616651102,SPANACO SIX LTD,0.007406552492613311,93.7926979600085
5900552,3,12321.791799999999,531650.8183381296,111883.02259653182,0.0,643533.8409346613,Qilu Ship Management Co Ltd,0.007378980284544163,93.80007694029304
5709971,3,13377.308959999998,544114.9086591542,99290.49487714184,832.3160988116347,643405.403536296,Polforce Shipping Co SA,0.007377507577174245,93.80745444787021
6507917,2,12696.48983,540924.5131163972,101589.58462475624,33.330819907759675,642514.0977411534,"XIAMEN HAITAO SHIPPING CO., LTD",0.007367287558472036,93.81482173542868
5215473,3,9836.86721,556030.7638902311,86361.52709422834,0.0,642392.2909844595,Tango Gemicilik Sanayi ve Ticaret Anonim Sirketi,0.007365890880319316,93.822187626309
1910204,2,6682.45816,567702.7716156784,74443.84346838202,0.0,642146.6150840605,ARGO Srl,0.007363073875975304,93.82955070018498
1134937,3,12200.51534,531065.1507182617,109428.15645520078,141.70024332003288,640493.3071734625,Five Stars Shipping Co. Pvt. Ltd,0.007344116479020289,93.836894816664
6386297,1,11789.3006,530136.1958247176,110012.76780535604,29.085433402022787,640148.9636300737,Kymo Shipping Company,0.007340168117557145,93.84423498478155
6488562,3,11061.045900000001,538512.8343212481,101529.42190226314,708.0502026934435,640042.2562235113,SEASIDE DENIZCILIK LTD STI,0.0073389445737446005,93.8515739293553
6232390,4,11865.272340000001,537411.9686098333,102481.13717234126,0.0,639893.1057821745,VG Shipmanagement SA,0.007337234363502265,93.8589111637188
0293488,10,41537.47649,552859.5747983032,86970.45400318965,3796.390644568115,639830.0288014929,Noatum CSM FZCO,0.007336511101154194,93.86624767481996
6327442,1,11664.21581,528776.8534904014,110990.58597717795,0.1528657870012422,639767.4394675794,FOCUS HLMPP Shipping,0.007335793430331631,93.87358346825029
0109295,1,10817.17852,528323.7611838799,110718.50426845024,0.0,639042.2654523301,MS MARIA JOSE Schifffahrts GmbH & Co. KG,0.00732747833573829,93.88091094658603
5578881,2,8132.78153,557200.3601170136,81116.96679740603,2571.602452320758,638317.3269144197,Oresundslinjen Helsingor ApS,0.007319165941209078,93.88823011252724
0108513,1,9568.19398,552713.8910482844,85197.90899531437,1106.0620849020409,637911.8000435987,Dorota Oceanway Limited,0.007314516030677109,93.89554462855791
4202700,1,11918.6508,525846.0160378097,112019.05309238801,0.0,637865.0691301976,STI Guide Shipping Company Limited,0.0073139801979566965,93.90285860875588
6043877,1,12238.23768,520370.2414447665,115230.55157211557,0.0,635600.7930168821,Tatum Shipping Co,0.007288017229521887,93.9101466259854
6339480,3,10223.44703,534982.4443305142,97321.56015079471,746.2518041105168,632304.0044813089,"Kronos Shipping Co., Limited",0.007250215118647694,93.91739684110405
6263848,1,11899.74242,526432.0863406964,105249.57772818032,0.0,631681.6640688768,Briese Schiffahrts GmbH & Co. KG MS Bunde,0.007243079149501236,93.92463992025355
5910267,1,11804.37245,518680.06102867273,112400.26355315522,0.0,631080.324581828,"MS ""Ido"" Schiffahrtsgesellschaft mbH & Co. KG",0.007236183984185911,93.93187610423774
6199696,1,7065.48669,531374.3322694069,99626.24846091494,0.0,631000.5807303218,Scheepvaartonderneming Phoenix B.V.,0.007235269613766443,93.93911137385152
0282174,4,11556.51027,530303.6473954015,100575.38487100693,13.686987426647734,630879.0322664084,SHIKISHIMA KISEN K.K.,0.007233875897287553,93.9463452497488
0510163,4,11709.95749,525934.3412448072,104884.17453758915,13.663982322916347,630818.5157823964,VITA MANAGEMENT S.A.,0.007233181994474663,93.95357843174328
6401741,1,7723.81184,556990.7253762364,73039.78053445664,256.3771483493066,630030.505910693,Rotra Vente B.V.,0.007224146402346546,93.96080257814563
1936095,4,11769.89331,521650.169420579,107840.46271436804,1378.461220907395,629490.632134947,WHITE SEA NAVIGATION S.A.,0.0072179560240105975,93.96802053416964
6413421,1,10867.2397,522202.35233328876,107160.40361600068,0.0,629362.7559492894,STI MYSTERY SHIPPING COMPANY LIMITED,0.007216489751698547,93.97523702392134
6509913,4,12690.6899,520663.4855835994,107935.1045328705,311.06313139674046,628598.5901164699,Genco-Synergy Pvt Ltd,0.0072077275635185,93.98244475148486
5842581,1,11106.6091,526262.8379881874,102139.98993226247,1074.6035537416913,628402.8279204499,STENA BULK KFH IMOIIMAX I LIMITED,0.007205482886870583,93.98965023437174
6210753,1,8669.48265,531527.0689190535,95742.02352066789,3055.479624278669,627269.0924397215,"74. Schifffahrtsgesellschaft UG (haftungsbeschrankt) & Co. KG MS ""MERKUR""",0.007192483086039545,93.99684271745778
0166651,4,19643.33635,525713.9428039237,101086.69799045037,128.35761385806921,626800.640794374,Gulf Energy Maritime (GEM) Shipping FZCO,0.007187111658407612,94.00402982911619
5720437,4,11559.70842,531102.1720697405,95112.89242906157,148.96773791548165,626215.0644988021,Product Shipping & Trading SA,0.007180397239265572,94.01121022635546
5795300,3,10349.64316,526950.8813940629,97214.99033997717,0.0,624165.8717340401,SERENITY SHIP MANAGEMENT FZCO,0.007156900490456764,94.01836712684592
0023127,8,42035.13909,531396.9122524477,91736.52143129292,1557.2905570045223,623133.4336837406,"FUZHOU DAXIA INTERNATIONAL SHIP MANAGEMENT CO., LTD",0.007145062200791827,94.02551218904671
5805298,8,16160.61125,518234.9476228142,103981.41356385226,230.12170963055317,622216.3611866664,CLEANOCEAN SHIPMANAGEMENT INC.,0.00713454673222598,94.03264673577894
5836539,1,7865.20867,538269.6800420814,82912.95276592573,0.0,621182.6328080071,Chemical Luna Ltd,0.00712269364721242,94.03976942942616
5988911,1,10891.88272,524607.4454770389,95292.65549459856,0.0,619900.1009716374,XIANG T19 INTERNATIONAL SHIP LEASE PTE. LIMITED,0.007107987696207378,94.04687741712236
6108996,1,9402.12434,513610.2971115356,105743.17381794562,657.9249169372929,619353.4709294812,AKH ASSET GMBH & CO KG,0.007101719848197781,94.05397913697055
0500374,3,11526.26581,509955.11871157336,107841.7487248737,793.2644242708606,617796.8674364471,Sincere Navigation Corporation,0.007083871297344156,94.0610630082679
5846190,1,12234.77082,513353.72686140763,104141.6982814109,0.0,617495.4251428186,BEDOK PARK SHIPPING CO. PTE LTD.,0.007080414856361376,94.06814342312425
5943451,1,7994.4226,522483.40299243527,95004.70614769422,0.0,617488.1091401295,Tiree Shipping Pte. Ltd.,0.007080330968559103,94.07522375409282
6315904,2,11551.16098,508775.03658499534,108430.25354667145,1773.2401472049019,617205.2901316668,PHUONG DONG PETROL TRANSPORTATION COMPANY LIMITED,0.0070770880685672236,94.08230084216139
6421068,1,10815.66378,528984.4450821053,87892.0621431707,94.18336239570402,616876.5072252761,Chemical Explorer Shipping BV,0.007073318130718068,94.08937416029211
6411835,2,9865.267909999999,559442.7965064491,57346.117004266256,0.0,616788.9135107154,Fratelli Cosulich Shipmanagement Srl,0.00707231375106982,94.09644647404318
6099294,1,10555.80364,513081.29990547965,102094.4397847779,1215.9837758525912,615175.7396902576,"Zweite ""AS PALINA"" Schifffahrtsgesellschaft mbH & Co. KG",0.007053816545391542,94.10350029058857
1902385,1,9404.8252,505419.14681686176,108013.34840381559,0.0,613432.4952206773,"NYK CRUISES CO., LTD.",0.007033827904928609,94.1105341184935
5675055,4,11554.962899999999,514853.0533668941,97821.69618076511,451.2001541509594,612674.7495476592,"Xiamen Xin Qi Hui International Ship Management Co.,Ltd.",0.00702513933250827,94.11755925782602
6228432,1,7604.69904,513453.9456596829,97125.32482049978,0.0,610579.2704801827,"MS""Elbsailor"" GmbH & Co. KG",0.007001111849038051,94.12456036967505
5310684,1,7799.94342,530490.2884260698,80043.09266554509,1481.40479158261,610533.3810916148,LABRADOR PARK SHIPPING CO PTE LTD,0.007000585665530716,94.13156095534059
5929721,2,9955.69778,514594.64470737136,94201.4892676863,0.0,608796.1339750576,"HONGKONG ZHOUSHAN YIHAI SHIPPING CO., LIMITED",0.006980665792779598,94.13854162113337
5749610,3,7024.6929199999995,529856.4670532873,78261.54318553465,156.04950410474507,608118.010238822,"LLC "" MARINE TRANS MANAGEMENT""",0.006972890192862588,94.14551451132623
6003899,6,10722.84165,518787.6547030824,89219.66275473296,7.312368074268842,608007.3174578154,SEALIFE DENIZCILIK LTD. STI.,0.006971620951376387,94.1524861322776
1305365,2,10464.6778,512208.61614089727,95264.10808562777,0.0,607472.724226525,ROSWELL NAVIGATION CORP.,0.00696549112157876,94.15945162339918
6212539,3,11697.12111,509990.5828521369,96612.65094380378,750.966701287313,606603.2337959406,Synergy Marine Germany GmbH,0.006955521245347289,94.16640714464452
4210585,1,10906.517,502791.02844764036,103806.68143561689,0.0,606597.7098832573,Front Challenger inc,0.0069554579062651905,94.17336260255078
6344012,1,8038.91078,519735.2774376791,85343.82730353175,0.0,605079.1047412108,MGD S.R.L.,0.006938045057568852,94.18030064760835
0703421,3,10637.37268,501028.98185579304,103366.39498973866,1057.4815671298084,604395.3768455317,Navitas Compania Maritima SA,0.006930205198432803,94.18723085280678
0272990,1,13130.29384,527646.9478767974,75680.13154629184,1022.5541660059954,603327.0794230893,Osprey 1 Shipping Inc,0.0069179557328774505,94.19414880853965
5455274,4,11235.13951,503821.8094733666,95287.55967218564,341.3617293436083,599109.3691455523,"XIAMEN HAILONG INTERNATIONAL SHIP MANAGEMENT CO., LTD.",0.006869594016672033,94.20101840255633
6332567,1,7576.12602,494986.2720491445,104011.35407905567,265.2484727056401,598997.6261282002,BALTIC TANKER LTD,0.006868312732814795,94.20788671528915
6259298,1,10923.99298,494749.7025718344,103982.74941722066,0.0,598732.451989055,SFL SICILY INC,0.006865272154961295,94.21475198744412
0117613,1,13524.9133,500879.4224941021,96300.5898439457,0.0,597180.0123380478,Briallen Oceanway Limited,0.006847471348151992,94.22159945879227
5624259,6,16405.43704,513677.2869148654,82162.04172675994,130.9404010135501,595839.3286416254,Cvs Denizcilik Sanayi ve Ticaret Limited Sirketi,0.0068320986079253975,94.2284315574002
5597770,2,7397.74152,514078.7686811215,80615.13555312624,430.14009750579294,594693.9042342477,Vaage Ship Management Holland B.V.,0.00681896477784243,94.23525052217803
5377747,2,10073.1122,492562.8287931372,101818.31061766115,0.0,594381.1394107983,GOODWOOD SHIP MANAGEMENT,0.00681537850883973,94.24206590068687
6417905,1,11439.4382,486445.40259653964,107659.55167658528,0.0,594104.9542731249,Tamkeship GmbH & Co. KG,0.006812211675091227,94.24887811236196
5864695,1,6833.0664,523714.1993922217,69651.29288425433,0.0,593365.492276476,Valloeby Kongo Star Ltd,0.006803732749590561,94.25568184511155
0212872,1,10609.5654,493775.1187648954,99278.2942092578,2.135101117072252,593053.4129741532,Chelsea Shipping Ltd,0.006800154341008799,94.26248199945256
5908001,4,6169.56228,524130.3722923326,68730.97686102914,192.78843774731348,592861.3491533617,Sveholmen Management AS,0.006797952071202856,94.26927995152376
6263573,3,9650.42687,505383.68012767157,87063.99435074418,1015.481224725135,592447.6744784157,ISTIA MARITIME CO.,0.006793208735147352,94.2760731602589
6362654,4,9580.90338,523640.6655650626,68666.84422241374,448.91001869418466,592307.5097874764,Karewood Management OU,0.006791601558608619,94.2828647618175
5542335,4,30513.1173,493827.20080110076,98330.22920393418,810.8659636454704,592157.4300050349,NSC Shipping GmbH & Cie KG,0.006789880692221645,94.28965464250973
6227231,1,11062.02236,485806.0532524398,103870.55807332393,1284.0449569320676,589676.6113257637,TERRON MARINE CORP.,0.00676143477227238,94.296416077282
5976233,1,11296.63554,484285.47884613567,104628.3417286472,1319.9175927275708,588913.8205747829,GOLDEN OPAL LTD.,0.006752688351253487,94.30316876563326
5395394,1,10412.73224,482582.9027593038,105998.47330008673,464.3740872612898,588581.3760593905,"Kommanditgesellschaft MS ""CPO ANCONA"" Offen Reederei GmbH & Co.",0.006748876428136557,94.3099176420614
6016824,2,9997.73438,493112.45458372234,95369.6464663028,665.0200603510169,588482.1010500251,TAIHUA SHIPPING PTE LTD,0.0067477381067457326,94.31666538016813
5957185,4,8862.554199999999,519938.8396505667,68182.79011849125,0.0,588121.629769058,ZUGA SHIPPING LTD.,0.006743604819098361,94.32340898498722
6346668,1,10664.17378,486538.8530918356,101330.08634499155,0.0,587868.9394368272,Hull 3284 Inc,0.006740707384867214,94.33014969237209
5575051,1,7210.4516,517057.0989427696,70555.35328260556,0.0,587612.4522253751,Carnane Shipping Ltd,0.006737766414313445,94.3368874587864
6162258,2,9678.694880000001,490001.15482113115,97362.19545588626,0.0,587363.3502770175,IONIC BULK CARRIERS (MGT) INC.,0.00673491012572557,94.34362236891214
5576575,3,10811.090359999998,487993.7595825264,99220.22875783776,885.2200660654123,587213.9883403642,ISM SHIP MANAGEMENT PTE LTD,0.006733197490405219,94.35035556640254
6322870,1,8733.40764,493222.4337727254,93631.57029490333,0.0,586854.0040676288,LISA INTERNATIONAL MARITIME S.A.,0.006729069786961679,94.3570846361895
6320343,1,10840.1618,489356.5034839481,96634.51176030534,548.1599129752177,585991.0152442534,ASTRA 2 LIMITED,0.006719174460393895,94.3638038106499
6442625,1,11919.97782,488829.49930397334,97050.21219485406,0.0,585879.7114988274,PERGAMOS SHIPPING LIMITED,0.006717898213379594,94.37052170886328
6204865,5,10749.03966,497656.6211628243,86796.3028053508,43.96281349133501,584452.9239681751,Stemship Management Ltd,0.006701538176984887,94.37722324704026
4163851,1,10623.53638,485574.9098013791,98491.13032392062,0.0,584066.0401252997,DSS A LLC,0.006697102033821321,94.38392034907409
6044623,1,6028.60106,512153.2132440989,71904.00288961084,1960.5232048034939,584057.2161337098,ICE HAWK SHIPPING COMPANY,0.006697000854899823,94.39061734992899
6249791,1,10693.38912,481690.7551325954,101357.6130836642,0.0,583048.3682162596,FRONT FAVOUR INC.,0.006685433057809065,94.3973027829868
0073129,4,10746.13766,489528.77026001504,93426.9991407516,11.824281499204575,582955.7694007666,Gourdomichalis Maritime S.A.,0.006684371287952637,94.40398715427474
1369278,2,11034.55849,482330.25059795956,100406.95348623104,0.0,582737.2040841905,OCEAN TRANSIT CARRIER S.A.,0.006681865142884094,94.41066901941763
6009120,3,9432.27525,488742.100098011,93312.723184082,848.5857469160305,582054.823282093,Unisea Bulk Ltd,0.006674040729986217,94.41734306014762
0136312,1,9363.07106,509019.23919927893,71976.09557177464,1038.9121671130092,580995.3347710536,RIVERSIDE SHIPPING AND TRADING CO.,0.0066618922704377555,94.42400495241806
1516338,1,9888.71776,488072.3575309431,91740.8183320795,0.0,579813.1758630227,Centrofin Management Inc.,0.006648337229939979,94.43065328964799
5244960,3,24439.66112,494031.008531694,85562.40064594266,1283.6045594756515,579593.4091776367,Systemar LLC,0.006645817309563598,94.43729910695755
6265875,2,7566.942480000001,504956.0681413782,73321.67292656655,1182.8571836392239,578277.7410679447,Ocean Fleet Shipmanage Limited,0.006630731406655491,94.44392983836421
6404626,1,21103.96573,492520.40010533837,85702.91523631492,1464.103653140609,578223.3153416533,Lanemeri OU,0.006630107342564794,94.45055994570677
1154299,4,13490.80464,491035.6109665623,85704.07290775467,304.4121509866219,576739.683874317,Dramar Denizcilik Ticaret A.S,0.00661309551404758,94.45717304122081
6428238,1,9914.48872,475080.41008954064,100720.63980147947,0.0,575801.0498910202,Judith Oceanway Limited,0.00660233281406728,94.46377537403488
6341891,1,9096.54698,484619.1637439396,91090.54825832014,0.0,575709.7120022597,Castilon Shipping International S.A.,0.0066012855024303084,94.47037665953731
5772744,1,10708.98304,487573.18520410056,88082.1536668401,1035.406689261256,575655.3388709406,Arka Global Marine Services,0.006600662041411647,94.47697732157872
5593264,5,10418.97005,479495.60936116456,96129.79266762835,0.0,575625.4020287929,NESCOS SHIPPING BV,0.0066003187752864826,94.483577640354
6232854,4,10558.44612,473624.9632899889,101260.72116897695,0.0,574885.6844589659,KASIF GEMI ISLETMECILIGI A.S.,0.006591836919295884,94.4901694772733
6102025,3,10866.680339999999,484006.383833212,90512.15000940853,1118.8305638992947,574518.5338426206,Luck Ship Management Ltd,0.00658762704409253,94.4967571043174
5716664,1,11003.64418,478610.7703462963,95070.3606603117,1492.65809155079,573681.131006608,GOLDEN BRILLIANT (BERMUDA) LTD.,0.006578025095253005,94.50333512941265
6145100,1,11178.48784,480263.5233297235,93043.7588343104,0.0,573307.282164034,Exhibitionist Shipping Pte. Ltd.,0.00657373841588468,94.50990886782853
0352563,1,54331.49968,468598.1921566943,103483.85041938459,2950.0031847248138,572082.0425760789,MANDAI PARK SHIPPING PTE. LTD.,0.006559689397498588,94.51646855722603
5404067,6,9089.80596,492664.8893989761,79361.57631933512,606.153784090457,572026.4657183113,EKMEN DENIZCILIK VE TICARET LTD. STI.,0.006559052134138593,94.52302760936017
5609107,2,10900.38279,500748.6193258561,70990.55572129131,0.0,571739.1750471474,Seamed Trading Shipping Srl,0.006555757960524705,94.5295833673207
6093318,4,9317.5317,489800.0282458288,81504.5867339516,383.8094725367076,571304.6149797804,MERCURY MARITIME ENTERPRISES,0.006550775145378738,94.53613414246608
5959884,1,7868.26722,489836.07602190715,81367.33902035657,0.0,571203.4150422637,Eemslift Ellen B.V.,0.006549614752099888,94.54268375721819
6296285,1,9277.24583,479738.3804967837,89876.97156264892,172.36005942377864,569615.3520594327,II. SAL Shipping UG (haftungsbeschrankt) & Co. KG MS “FRAUKE”,0.0065314054759196246,94.54921516269411
0331651,1,8248.66184,502789.40582197305,66795.76049993359,0.0,569585.1663219066,Cementos Tudela Veguin S.A.,0.006531059355874476,94.55574622204999
5780086,1,10252.27504,502343.21774518845,65873.71179797951,3362.8814924797275,568216.9295431679,MINMARINE MPP Shipmanagement GmbH & Co. KG,0.006515370682532547,94.56226159273253
5129107,2,10548.02246,474711.0002417072,93307.92771841075,1404.2079407083654,568018.9279601179,Barska Plovidba AD,0.006513100328302981,94.56877469306083
6142272,1,9884.87472,473928.68908090657,93152.65190564316,0.0,567081.3409865497,JUPITER 2 LTD,0.006502349633696219,94.57527704269452
5706623,1,7774.47156,474357.3842335484,92330.43955092502,1606.153976260173,566687.8237844735,Kennaa Shipping Limited,0.0064978374301553265,94.58177488012468
6322883,1,9510.0101,470207.40185291134,95655.81888507782,352.05688731141873,565863.2207379892,LUCY INTERNATIONAL MARITIME S.A.,0.006488382248103447,94.58826326237279
0273131,1,12215.71428,496106.5837822985,69641.30700616514,1104.6680164526667,565747.8907884636,Osprey 2 Shipping Inc,0.006487059835248623,94.59475032220804
5872032,1,8520.52275,481681.7066582597,83693.10100601616,0.0,565374.8076642759,Chemical Master Ltd.,0.006482781935870589,94.60123310414392
4198468,1,10071.8396,464091.6951297956,101036.53373616986,0.0,565128.2288659655,Talimen Shipping Ltd,0.006479954578588685,94.60771305872251
5823643,3,8428.63812,499407.96097389486,65489.76675032849,338.94050174692876,564897.7277242234,GUNDEM DENIZCILIC TIC VE SAN A.S.,0.006477311573244927,94.61419037029576
6171891,1,6577.13825,492509.8589852973,70838.22126601369,0.0,563348.080251311,CHAMPION TIMUR AS,0.006459542782509683,94.62064991307827
1188959,2,5862.04276,498021.6320809694,65305.98600633704,393.2736317807237,563327.6180873064,MARITIMA,0.00645930815630176,94.62710922123456
5457029,1,7137.71551,483815.98782586894,78834.37963037263,746.3188091630132,562650.3674562415,"TMS ""SEAPIKE"" GmbH & Co KG",0.006451542567708837,94.63356076380227
6212468,1,9548.60908,471286.76904854947,91323.2933407239,85.02467742168864,562610.0623892734,"MS ""BF PERCH"" Schifffahrts GmbH & Co. KG",0.006451080415953005,94.64001184421822
6394080,2,8635.8785,470350.70093787904,91856.08489189293,0.0,562206.785829772,MAC SHIPPING MANAGEMENT PTE. LTD.,0.0064464563082643435,94.64645830052649
6016237,1,10206.10808,464354.25974992756,97489.30181663478,769.1149441390171,561843.5615665624,CORATO SHIPPING LTD,0.00644229145397603,94.65290059198047
6505399,1,8423.66588,464612.95470518316,97025.41946495815,0.0,561638.3741701413,Chemical Sailor Shipping B.V.,0.006439938704739674,94.65934053068521
6134184,1,9890.65548,473641.5123727097,87421.26925759143,2586.511270839526,561062.7816303011,LAGUNA SHIPPING AND TRADING LLC,0.006433338762773542,94.66577386944799
6431581,5,10059.40971,464490.0820136928,95630.82564268255,0.0,560120.9076563753,STELLAR SHIPMANAGEMENT INC.,0.006422538911946692,94.67219640835994
6217279,6,10214.543,466828.81231628195,93047.50904015462,145.74982846971932,559876.3213564366,SEA TRADE MARINE S.A.,0.006419734401336192,94.67861614276127
0210995,1,9577.66454,484342.3607959637,75192.14083435552,1365.92276790762,559534.5016303192,Othelo Maritime Co. Ltd,0.006415814978829636,94.6850319577401
1191238,4,7750.537060000001,494621.1931676206,64862.35495609207,0.0,559483.5481237127,NAVINORTE S.A.U.,0.006415230728403689,94.6914471884685
6303230,1,10819.87543,467373.0282219201,91690.85999443053,0.0,559063.8882163506,TANARO SHIPPING INC.,0.0064104187636154185,94.69785760723212
6315039,1,10631.47896,458586.1840099312,99762.90333999562,316.23464207836645,558349.0873499268,Faith HLMPP Shipping Ltd,0.006402222611113079,94.70425982984324
6493086,1,10688.49801,484930.5320167954,71277.36648281969,270.77008090060974,556207.8984996151,LARCH SHIPHOLDING SA.,0.0063776710035566096,94.7106375008468
5704061,1,11070.42627,541122.9763767954,14512.758121296922,0.0,555635.7344980923,NLC FERRY AB OY,0.006371110374389648,94.71700861122119
1422822,1,9495.4539,467702.1765641939,87098.30575779302,245.84395436554763,554800.4823219869,ANTIPAROS MARITIME CORPORATION,0.006361533085756073,94.72337014430694
6327473,1,10890.50987,460897.9804255298,93577.64171261934,199.59409394671997,554475.6221381491,Falcon HLMPP Maritime Ltd,0.006357808127192447,94.72972795243413
5891417,1,8158.51772,459814.532028999,94058.32448736149,114.29156374242785,553872.8565163605,Stena Bulk KFH IMOIIMAX VIII Ltd,0.006350896609325852,94.73607884904345
1973737,1,9973.9931,459755.2237865502,93828.59640944483,2039.9924345317243,553583.820195995,V.Ships (Germany) Gmbh,0.006347582419498015,94.74242643146295
0099372,3,10302.167519999999,497546.97329529247,55584.62975427704,579.3213225365957,553131.6030495695,"HAIJIN NO.3 (TIANJIN) LEASING CO., LIMITED",0.006342397142212581,94.74876882860517
1408541,1,10309.5381,461371.23831606266,91508.78667571092,1106.3188392144125,552880.0249917735,KERKYRA SHIPPING COMPANY,0.006339512461702532,94.75510834106687
6499213,1,9382.05283,458678.3916249387,94034.288025145,0.0,552712.6796500836,Brilliant Bolero Corporation,0.0063375936224768495,94.76144593468935
5992940,1,8992.10157,457475.8535484861,94877.06724880173,760.9665042972274,552352.9207972878,SAL Shipping UG (haftungsbeschrankt) & Co. KG MS “REGINE”,0.006333468503775842,94.76777940319312
6440252,1,12733.66311,552125.5567153436,0.0,0.0,552125.5567153436,LNG SYMPHONIA SHIPPING CORP,0.006330861469038333,94.77411026466216
6144336,2,8974.97682,482739.1174348569,69273.76794874549,0.0,552012.8853836023,Adtor Denizcilik Tasimacilik ve Dis Ticaret A.S.,0.006329569540809128,94.78043983420297
6150927,3,8204.58531,467330.96058957075,84610.93248573261,0.0,551941.8930753034,Apollo Ship Management Pte. Ltd.,0.006328755518593091,94.78676858972156
6423095,1,7417.92868,472435.00098722795,78879.75169639719,477.94581890275185,551314.7526836251,TROPIC 10 LIMITED,0.006321564511234232,94.7930901542328
1626223,2,8667.540659999999,481321.7020925003,69954.24123639644,958.9140973293653,551275.9433288968,Fjord Shipping AS-Maaloy,0.006321119509829208,94.79941127374263
6331056,1,7189.09662,452658.84713593026,98074.74212287035,941.1946844102902,550733.5892588006,CHEM TANK SHIPPING VII AS,0.006314900691585448,94.80572617443423
6029428,1,9236.46458,458584.9988985147,92107.9237684441,0.0,550692.9226669588,"Briese Schiffahrts GmbH & Co. KG MS ""Leo""",0.006314434394461113,94.81204060882868
6471060,1,7701.34327,476520.8097970414,73833.23327325667,122.7004006368657,550354.043070298,Systemar Shipmanagement Ltd,0.006310548684489805,94.81835115751318
4156316,1,9582.79826,463240.41048454866,86701.72268507961,0.0,549942.1331696282,Briese Schiffahrts GmbH & Co. KG MS Polder,0.00630582558394293,94.82465698309711
6462971,1,10484.30124,451362.06254310824,98016.12915408926,574.2428053635824,549378.1916971975,ZIM NINGBO LP,0.006299359237121666,94.83095634233423
6506539,1,9311.44448,469158.7549540014,80073.74987846262,367.2105875449662,549232.504832464,Yishun Park Shipping Pte. Ltd.,0.0062976887414395374,94.83725403107567
5884083,1,6010.12754,465832.34515093424,83373.55189621226,0.0,549205.8970471465,APATYTH SHIPPING LIMITED,0.006297383647424608,94.8435514147231
6269229,2,9920.11236,455471.7349942783,92685.16512827415,595.9356573206455,548156.9001225524,"Dalian Hairun Ship Management Co.,Ltd.",0.006285355488013621,94.84983677021111
6022607,1,7444.56488,473879.29584587226,72725.86007112809,1194.2811989871338,546605.1559170004,SEASPIRIT SHIPPING AND TRADING LTD.,0.0062675626554210195,94.85610433286654
5770195,4,9785.84344,458369.3026738971,87953.99621377327,514.1863638494942,546323.2988876704,Shanghai Run Yuan Shpg,0.006264330785812631,94.86236866365235
5930861,6,9679.92792,468569.5532384397,76865.79136523283,48.249638359977475,545435.3446036725,"BAO SHENG SHIP MANAGEMENT CO., LTD.",0.006254149196689547,94.86862281284904
6508606,1,8315.96451,454368.4744233053,90315.22541344656,429.7957781088478,544683.6998367519,Cachalot Corp,0.006245530579356179,94.87486834342839
0114521,1,10472.21495,445675.347462874,98588.71692882122,0.0,544264.0643916952,"MS ""JPO VENUS"" Schiffahrtsgesellschaft mbH & Co. KG",0.006240718895061113,94.88110906232345
1871152,3,12147.219720000001,460165.6920105589,83623.77787961505,771.8545089976353,543789.469890174,British Bulkers Inc,0.00623527703132821,94.88734433935477
1530186,1,9609.20978,452135.34391950245,90723.59938635159,692.9689100638994,542858.943305854,VARSHIP SHIPPING CO LTD,0.006224607293572121,94.89356894664834
6368891,6,8534.061010000001,479567.1170300953,62888.55808955811,7.350435021644399,542455.6751196535,Anna Shipmanagement Inc,0.006219983281894607,94.89978892993024
6149221,3,8669.77657,457267.89665362134,85147.73515016856,643.889830774662,542415.6318037899,Zeus Lines Management S.A.,0.006219524131466937,94.9060084540617
5919521,2,7857.96132,457841.84483836935,84154.20231713586,0.0,541996.0471555052,Roc Shipping One Designated Activity Company,0.006214713029625123,94.91222316709133
6316377,1,10099.7978,468185.60602389596,73558.45227658984,0.0,541744.0583004858,POLO CRUDE CARRIERS S.A.,0.006211823638772869,94.9184349907301
6330866,2,10282.90112,477771.79811664845,63940.2303153385,0.0,541712.0284319869,ERKDENIZ DENIZCILIK ISLETMELERI LIMITED SIRKETI,0.006211456373287923,94.9246464471034
6384755,1,7612.12855,453077.7453675281,88505.1112578501,244.41177063823335,541582.8566253782,Cymare Navigation FZC,0.006209975244940578,94.93085642234834
6422168,1,10198.90712,446155.34817011916,94921.44914857698,314.2946915648916,541076.7973186962,MAISTROS SHIPPING COMPANY SA,0.006204172594933247,94.93706059494328
1857088,4,10168.96546,456366.92398218485,84076.38736079984,38.9941453412757,540443.3113429847,Tide Line Inc,0.00619690882692608,94.9432575037702
5803314,1,9943.75356,469062.26649567625,70733.52910768552,131.6284379955148,539795.7956033618,Reederei Nord B.V.,0.006189484188822092,94.94944698795902
0631451,4,10230.24048,444659.83101201046,94777.67290066916,49.059511904859306,539437.5039126796,Angelakos Hellas SA,0.00618537589310633,94.95563236385213
6401737,1,6545.30868,475802.3748672824,62392.8194262289,1084.108199804553,538195.1942935113,Rotra Mare B.V.,0.0061711311438732075,94.961803494996
5900402,1,9779.00824,445019.0743879282,93167.10547499935,125.40865762699278,538186.1798629275,Clear Sky Kommanditbolag,0.006171027781312727,94.96797452277731
6274839,1,9887.977,445173.2476134927,92832.63027477548,86.63843927730483,538005.8778882682,Furadino Shipping LTD,0.0061689603768785755,94.9741434831542
6209852,1,11643.34012,484166.58456092764,52770.01765994222,635.2306733714639,536936.6022208699,LILY INTERNATIONAL MARITIME S.A.,0.006156699694430213,94.98030018284862
6492794,2,10902.75246,444640.6619410397,91665.73754448551,0.0,536306.3994855252,Delia Tankers LLC,0.006149473573185959,94.98644965642181
5988908,1,9031.72106,448024.9000839838,88212.28525344505,56.75131734747271,536237.1853374288,XIANG T18 SG INTERNATIONAL SHIP LEASE PTE LIMITED,0.0061486799399661845,94.99259833636178
6073947,4,6574.67244,472118.52611600293,61913.19268082005,177.95713461153258,534031.7187968229,EDT Offshore Egypt S.A.E.,0.006123391302312388,94.99872172766409
0089610,4,13544.120340000001,450220.63883589406,83264.72447424242,872.5039475695567,533485.3633101365,Union Commercial Inc,0.006117126602450207,95.00483885426654
1431202,2,9016.41031,449886.3244272945,83252.79353440547,194.58380660408264,533139.1179617,Er Denizcilik Sanayi Nakliyat ve Ticaret A.S.,0.006113156434236493,95.01095201070078
6220627,1,9288.44098,439620.2606754165,92706.27845611122,522.6758517926304,532326.5391315278,Briese Schiffahrts GmbH & Co. KG MS Oldeborg,0.0061038391259831,95.01705584982676
4062916,1,8303.24508,450321.16261983133,81994.33137946902,0.0,532315.4939993003,Scheepvaartonderneming Elisabeth B.V.,0.006103712478699364,95.02315956230547
4079662,1,6272.5912,465571.0480478155,66317.99567434675,1123.7968194576836,531889.0437221623,Langness Shipping Ltd.,0.0060988226531965275,95.02925838495867
5307019,6,14210.162760000001,443037.6377618293,88236.78285118978,253.5669491545999,531274.420613019,APEX SHIP MANAGEMENT PTE LTD,0.006091775173302998,95.03535016013197
SIN_ID:Jifmar Offshore Services,1,10831.7916,469600.5279597953,61580.369229777294,311.4422232623555,531180.8971895726,Jifmar Offshore Services,0.006090702801573872,95.04144086293354
6043483,2,10197.61582,439225.3484192569,90420.65737925647,152.76709977392,529646.0057985134,Polembros Bulkers Inc,0.006073103209146701,95.04751396614269
5138428,1,8760.35128,435861.04138666764,93744.59034188508,511.625266287188,529605.6317285527,BOCS Bremen Overseas Chartering and Shipping GmbH,0.0060726402661788305,95.05358660640887
5796475,4,16101.47541,425903.5950898914,103685.90441106862,0.0,529589.49950096,"Wuhan Yidong Shipping Management Co.,Ltd",0.006072455288510555,95.05965906169739
1113542,28,9970.54457,467733.62067090557,61334.05032696025,0.0,529067.6709978658,Vroon Offshore Services Ltd,0.006066471823475287,95.06572553352086
6364899,1,9509.0057,440654.33622592676,88198.60090993189,0.0,528852.9371358587,UHL Fresh GmbH & Co. KG,0.006064009611182187,95.07178954313204
6137745,1,9760.15576,434688.228792987,93861.91032394842,229.98957971601072,528550.1391169354,Briese Schiffahrts GmbH & Co. KG MS Holte,0.006060537624987042,95.07785008075703
1987991,4,9341.538,446168.5933830914,82214.87847332709,34.149995337858186,528383.4718564185,Alexandria Shipping Hellas SA,0.006058626560873231,95.0839087073179
6512696,1,9113.24184,450250.74321450246,77671.35111670542,39.371822958526394,527922.0943312079,Chemical Traveller Shipping B.V.,0.0060533362475350605,95.08996204356544
6364134,2,9116.06884,458659.02461062744,68962.27628580044,0.0,527621.3008964278,MGJ Carriers Maritime SA,0.006049887246590931,95.09601193081203
6334974,1,9686.2334,434730.2751867805,91754.44448412034,0.0,526484.7196709008,HULL 3283 Inc.,0.006036854815471589,95.1020487856275
0293593,1,17140.38971,435998.67912218714,90388.87380820354,0.0,526387.5529303907,"MS ""Elbfamily"" GmbH & Co. KG",0.0060357406682163385,95.10808452629571
6137731,1,8642.27316,435191.18668002484,90499.04980563425,251.32411988524393,525690.2364856591,Briese Schiffahrts GmbH & Co. KG MS Detern,0.006027744998104742,95.11411227129382
5959924,1,6998.54016,451560.1290672833,74100.20608320802,0.0,525660.3351504913,Gunesh Shipping Ltd,0.006027402139114817,95.12013967343293
6058477,1,9647.5802,433404.3606402926,91548.10105421518,0.0,524952.4616945077,SFL Juan Inc.,0.006019285418682418,95.12615895885162
6166335,3,9317.35457,443595.6052076112,80560.377345878,0.0,524155.9825534892,Rodanim Ship Management Limited,0.00601015271500037,95.13216911156663
5736066,1,7171.94226,444202.03818830766,79670.52923440338,0.0,523872.56742271106,"MS ""AHS Winterhude"" Schifffahrtsgesellschaft mbH & Co. KG",0.006006902979665059,95.13817601454629
5864678,1,6224.8155,458632.13150166394,64359.35468008313,0.0,522991.48618174705,Valloeby Colorado Star Ltd,0.00599680019921654,95.1441728147455
5895781,1,8523.2573,437638.2132284514,85284.48037318999,0.0,522922.69360164134,STI SYMPHONY SHIPPING COMPANY LIMITED,0.0059960113998402936,95.15016882614535
6486155,1,8655.4438,433587.2220575613,89264.29702156929,335.62257304954613,522851.51907913055,CHEM TANK SHIPPING XII AS,0.005995195288293453,95.15616402143364
5864681,1,6248.69823,456863.9741525265,65163.776971277366,0.0,522027.7511238039,Valloeby Ganges Star Ltd,0.005985749681683915,95.16214977111532
6327439,1,9793.76802,431508.58250811836,90347.96948957261,0.0,521856.551997691,Fortune HLMPP Shipping Ltd,0.005983786653641002,95.16813355776897
5864651,1,6379.66086,456686.6687414691,63742.67139242524,0.0,520429.34013389435,VALLOEBY MISSISSIPPI STAR LTD,0.005967421751696564,95.17410097952066
6424836,1,9003.293,430969.18605557433,89328.13411925026,286.2812372746794,520297.32017482456,MS “BF HAMBURG” Schiffahrts GmbH & Co. KG,0.0059659079654538275,95.18006688748612
4056210,1,10195.82972,449393.06151623256,70430.129649049,2019.0892717654635,519823.1911652816,"MS ""PAULINE RUSS"" Schiffahrtsgesellschaft mbH & Co. KG",0.005960471439211996,95.18602735892533
5865490,4,9580.531780000001,432419.81340203184,86860.57438658972,553.0175371463621,519280.3877886216,Minoa Marine Ltd,0.00595424746906469,95.19198160639439
6201548,1,7952.91651,437672.1286535221,81330.00681044959,147.5706255422918,519002.1354639717,Ocean Trader Shipping GmbH & Co. KG,0.0059510569322395596,95.19793266332663
0502367,3,12358.99804,428128.38054032857,90837.88106269366,554.6972317875236,518966.2616030222,FRANCO COMPANIA NAVIERA S.A.,0.005950645590215506,95.20388330891684
6462013,4,9289.66754,433219.7194320434,85127.63635797548,0.0,518347.35579001886,Wisdom Synergy Ship Management Pte Ltd,0.0059435490033670066,95.2098268579202
6201534,1,7531.97697,435642.39640095545,82422.4932333581,588.7186940865969,518064.8896343135,Ocean Carrier Shipping GmbH & Co. KG,0.005940310149306164,95.21576716806952
6451345,1,8877.47406,457124.5848255201,60854.111715993626,1677.4934529611653,517978.6965415137,Energos Power Holdings LLC,0.005939321829668599,95.22170648989919
6053391,3,8505.93463,433103.00507220824,84791.23951729583,326.3410185333103,517894.2445895041,Sonar Ships Management Co.,0.005938353474549985,95.22764484337374
6183276,1,9974.69726,424486.1831457037,93216.14709284647,0.0,517702.33023855014,Kauai Shipping Ltd.,0.005936152918616588,95.23358099629236
5521365,4,9530.86224,431564.99636017537,85866.60712578347,3.6748175187728322,517431.6034859588,"SMTECH Ship Management Co., Ltd.",0.005933048672588176,95.23951404496495
5961908,1,7148.50912,444756.3874337144,71964.44893132207,936.5409774745558,516720.8363650365,Lycia Shipping Ltd,0.005924898772398669,95.24543894373734
6097664,1,9287.6591,430365.37816038134,85839.13786353706,0.0,516204.5160239184,Thomson Park Shipping Pte. Ltd.,0.005918978465842472,95.25135792220318
5948006,1,6243.40012,439316.1653336271,76169.51740320046,0.0,515485.6827368275,MS K-OCEAN Maritime GmbH & Co. KG,0.005910736076218309,95.2572686582794
1889494,3,6315.6436699999995,455428.1067528448,59722.07928644465,0.0,515150.18603928946,ATASOY GRUP DENIZCILIK TICARET LIMITED SIRKETI,0.005906889155731475,95.26317554743513
1625256,1,9296.96314,432616.83074154775,82085.23070421522,1163.6817127614959,514702.061445763,Sanmar Shipping Limited,0.005901750805064711,95.26907729824019
6208182,1,9317.10913,430433.0025717599,84108.6152336956,1439.3116665934936,514541.6178054555,PENINSULA ENERGY FZE,0.005899911103120071,95.2749772093433
1476739,3,9427.50857,428359.7576155036,86004.79179088373,588.5769318135905,514364.5494063874,Blue Planet Shipping Ltd,0.005897880775975438,95.28087509011928
6259284,1,9465.08178,425322.7749580115,89029.62820455508,0.0,514352.4031625666,SFL Shikoku Inc.,0.0058977415029675805,95.28677283162224
1518042,1,8196.64571,445609.593743495,67690.96388718433,586.2355487156499,513300.55763067934,Ionia Management S.A.,0.005885680680445941,95.2926585123027
6418571,1,9000.5119,427666.9525254059,85402.23604830129,0.0,513069.1885737072,STI MODEST SHIPPING COMPANY LIMITED,0.005883027723287742,95.29854154002598
6341741,1,7099.90424,441097.9714282979,71552.4839496964,814.1365102418267,512650.45537799434,T-SHIPS LTD,0.005878226384493869,95.30441976641048
5567811,1,9221.57866,427109.9195760815,85537.37389820316,368.9933540271873,512647.2934742847,"MS ""ERIS J"" Schiffahrtsges. mbH & Co. KG",0.005878190129018787,95.3102979565395
4120763,1,7506.09242,446186.73875567,66080.63900418468,801.6325615646214,512267.3777598547,RONAGUE SHIPPING LIMITED,0.0058738338848118065,95.3161717904243
5791766,3,8879.60476,433720.1949566732,78292.78664554926,538.5216513424622,512012.9816022224,ALPHA ADRIATIC SHIPMANAGEMENT PTE LTD,0.005870916891000096,95.3220427073153
6469850,1,7296.98866,433316.9852215128,78220.57787256263,1404.9881187425958,511537.5630940754,Veside Ship Management Pvt Ltd,0.005865465578923906,95.32790817289423
6333137,1,8291.82742,421045.99585030467,90322.7641647441,1178.9314930307864,511368.7600150488,EGF Asset GmbH & Co. KG,0.00586353002478071,95.33377170291901
0108500,1,9117.54988,444408.56530359236,64887.93046031507,440.71492912813005,509296.49576390744,Darina Oceanway Limited,0.005839768730376473,95.33961147164939
6311433,1,7803.77039,432094.64261649817,77191.51002929463,0.0,509286.1526457928,"Schiffahrts-Gesellschaft ""HANSA SEALEADER"" mbH & Co. KG",0.005839650132627927,95.34545112178202
1423295,1,9436.15252,418836.93967433233,90272.40560539073,598.4512358024923,509109.34527972306,KYTHIRA SHIPPING CORPORATION,0.005837622798577404,95.3512887445806
0925889,3,9396.49335,420817.1954367257,87519.60155216373,193.35997281345274,508336.7969888894,MMSL Japan Ltd.,0.005828764494251651,95.35711750907485
6084473,5,17423.46069,427903.69955704286,79714.89053675644,0.0,507618.5900937993,ROMES SHIPPING & INTERNATIONAL TRADING COMPANY LTD.,0.005820529287053539,95.3629380383619
5878796,1,7622.54088,420099.4206012826,87009.58333776356,0.0,507109.0039390462,STI MEMPHIS SHIPPING COMPANY LIMITED,0.0058146861969936,95.3687527245589
1494770,3,5276.636780000001,448272.5577865336,58784.30264708857,0.055976578635158855,507056.86043362215,La Dragaggi s.r.l.,0.005814088301632056,95.37456681286054
5706637,1,8483.94104,467427.0242767789,38446.70590226261,1522.3957562324647,505873.7301790415,Knocksharry Shipping Limited,0.005800522123340766,95.38036733498387
6313797,1,8653.50602,419950.5383247522,85495.57434860435,0.0,505446.11267335655,"MS ""Hammonia Ruby 2.0"" GmbH & Co.KG",0.005795618913994087,95.38616295389787
1333924,2,8701.36161,422049.66373562894,83122.31665688727,0.0,505171.98039251624,"MARINE ACE CO., LTD.",0.00579247561900786,95.39195542951687
4131021,1,5525.52524,434664.46030036063,70498.01751558731,0.0,505162.47781594796,Briese Schiffahrts GmbH & Co. KG MS Nettelburg,0.0057923666591976845,95.39774779617606
6279786,1,7393.75672,421675.3384364288,83326.65790268869,0.0,505001.9963391175,NORDIC HANDYSIZE VI AS,0.005790526523406462,95.40353832269948
1886384,2,8085.23359,433271.00884534424,71649.11573862948,268.1264392982142,504920.1245839737,HABAS PETROL URUNLERI SANAYI VE TICARET ANONIM SIRKETI,0.005789587753712254,95.40932791045319
5042292,1,8778.36472,418817.623632555,85936.61868868722,1806.5893551484994,504754.2423212422,Promenade Shipping Corporation,0.005787685690652954,95.41511559614383
6413448,1,9731.12166,435994.04656838445,68525.12789244115,1180.3783539577935,504519.1744608256,PINE SHIPHOLDING SA,0.005784990321742711,95.42090058646558
0099749,3,8200.54422,422467.4439696467,81667.13344350088,553.425235655907,504134.57741314755,Jadroplov dd,0.005780580399759139,95.42668116686534
5640351,2,26245.738540000002,426015.3472735371,77781.01531331278,772.7111364502276,503796.36258684983,Branch of PetroVietnam Transportation Corporation,0.00577670231227338,95.43245786917761
5864721,1,6482.2503,440668.52103261,62633.05592434835,318.3144118271165,503301.57695695834,VALLOEBY SHANNON STAR LTD,0.0057710289301203255,95.43822889810774
6214606,1,9411.58142,421777.6445599733,81425.1009916934,1305.8599056755322,503202.7455516667,Novamaris Inc,0.005769895695246334,95.44399879380299
6340023,2,9657.245019999998,418548.9142734436,83779.76899247261,537.0537448895102,502328.6832659162,ZXT Dry Management Pte Ltd,0.0057598733965516,95.44975866719955
5448900,1,6917.66788,438439.8463778249,63879.77673279965,400.98091489853545,502319.62311062455,DORCHESTER LNG(2) LTD,0.005759769509695899,95.45551843670924
5889981,1,9655.13268,411958.64731155004,89798.5317318023,326.2578829014318,501757.1790433524,STI SOLIDARITY SHIPPING COMPANY LIMITED,0.005753320332637033,95.46127175704187
5569278,1,5465.9581,415215.6894425743,86474.0879874373,210.96488081499385,501689.7774300116,Rederij Wanmar,0.005752547482563965,95.46702430452443
0029554,8,9562.30946,412095.75323363097,88917.71173834502,0.0,501013.464971976,PACIFIC INTERNATIONAL LINES(PRIVATE) LIMITED,0.005744792651385563,95.47276909717581
4205871,1,9054.0984,424070.7807803993,76552.90169863384,0.0,500623.68247903313,Ocean Beauty Shipping Ltd,0.005740323271303688,95.47850942044711
6323467,1,10160.52634,427639.73064359796,72536.77437786173,590.3683851553125,500176.50502145966,PLEIADES SHIPPING INC,0.005735195780823414,95.48424461622794
6382008,1,7492.18038,425578.2246619328,74266.0609283932,0.0,499844.285590326,Chemical Hunter Shipping B.V.,0.005731386438599985,95.48997600266654
6148135,1,6077.99743,482319.5752502455,16977.885406208126,1852.0477889215704,499297.4606564536,Emerald Green Maritime ltd,0.005725116355894962,95.49570111902243
1857922,3,8911.19172,417276.9261193511,82013.89964955056,289.5515290515518,499290.8257689017,Oceanstar Management Inc,0.005725040277993037,95.50142615930042
6447144,1,9245.6704,412244.2005445375,86965.44202606058,0.0,499209.6425705981,FRONT OSEN INC.,0.005724109403528303,95.50715026870395
5528831,1,6025.4706,434691.545405869,64105.83212906513,98.14999192361739,498797.37753493414,FORT CANNING PARK SHIPPING CO. PTE. LTD,0.005719382230881479,95.51286965093483
1599214,4,8436.95636,422158.07551921,75041.12863712342,0.0,497199.20415633346,SEALINK NAVIGATION LTD,0.005701057025427093,95.51857070796027
5331994,1,7630.14282,431002.5263405526,65948.4490937509,31.956563913798128,496950.9754343035,Barker Hill Enterprises S.A.,0.005698210749552532,95.52426891870982
5898768,1,8640.71138,421608.25603299565,75114.09127971416,0.0,496722.3473127098,Beheermaatschappij STV Presto B.V.,0.005695589220901789,95.52996450793073
0620439,2,15657.23157,415954.4895987697,80422.19917585877,1355.7526681792021,496376.68877462845,"Z & G HALCOUSSIS CO., LTD.",0.005691625781257368,95.53565613371198
5214719,3,9049.01855,411536.2345237296,84286.84936045717,186.23626983192594,495823.08388418675,"BERNHARD SCHULTE SHIPMANAGEMENT (CHINA) CO., LTD.",0.005685277957239189,95.54134141166922
1360005,1,8075.68682,420662.1837129761,74308.02877069727,0.0,494970.21248367336,MIKI KISEN INC.,0.0056754986405205855,95.54701691030974
5928737,4,8602.51402,420010.3554429992,74764.61987131028,453.3454643286898,494774.9753143095,SUNBERRY OCEANWAYS LTD.,0.005673259984008825,95.55269017029374
4156691,1,9112.40992,412857.567488949,81246.00885807523,161.43783268006237,494103.57634702424,Kent Ridge Park Shipping Co. Pte. Ltd,0.005665561492604759,95.55835573178635
6009062,1,8744.45028,414074.73298358876,79725.63923667192,749.1282129233168,493800.3722202607,Valloeby Protector Limited,0.005662084849837486,95.56401781663618
4096609,1,9130.0537,415898.9609697206,77694.60864669559,514.9973159289807,493593.56961641624,"""K"" LINE BULK SHIPPING (UK) LIMITED",0.005659713580077462,95.56967753021625
0114684,1,8195.22882,412300.9873456353,80648.1882994372,274.65606659977027,492949.1756450725,"SAL Shipping UG (haftungsbeschrankt) & Co. KG MS ""Amoenitas""",0.005652324737241911,95.5753298549535
1918275,3,8622.0983,407992.6095145302,83543.2632067696,0.0,491535.8727212998,Anthony Giavridis Maritime Inc,0.0056361193199860595,95.58096597427348
6336437,1,6416.58503,430831.8804910684,60381.50917362327,0.0,491213.3896646917,KALIANDA PERMATA TRANSPORT PTE LTD,0.00563242161838057,95.58659839589187
5848390,1,8218.59388,408687.92330284533,82384.72121553605,0.0,491072.6445183814,Stena Bulk KFH IMOIIMAX III Ltd,0.005630807786140978,95.59222920367802
6338301,3,6830.1745599999995,420352.8687837002,70704.96841692703,215.11247932789684,491057.83720062725,SEACON SHIPS MANAGEMENT EUROPE SA,0.005630638000344451,95.59785984167836
5617685,4,6167.35611,424953.89437498996,65858.47107394953,0.0,490812.3654489395,Victoria Maritime Trading Ltd,0.0056278233368397546,95.6034876650152
0248487,2,8610.275450000001,405466.9926635671,84978.4066555365,326.79246565046986,490445.3993191036,"MEIHO KAIUN CO., LTD.",0.005623615577022149,95.60911128059222
6374056,2,7563.0638500000005,420544.3292674627,69831.97437319768,0.0,490376.30364066036,"XINGTONG SHIPPING (HAINAN) CO., LTD",0.0056228233022161496,95.61473410389443
6418687,1,9223.67073,402422.30805618037,87399.52327812409,576.3227698152876,489821.8313343045,Oldstone Marine Corp,0.005616465532108856,95.62035056942655
6014315,1,7648.97739,432757.93715800915,56750.04389349317,1900.9053669888356,489507.98105150234,Rubikon Shipping Company doo Beograd,0.005612866816856009,95.62596343624341
6411089,2,8571.74836,406585.7650261928,82256.74575963817,14.471851442181212,488842.510785831,V.Ships Shipping Development (Shanghai) Limited,0.005605236305983096,95.63156867254939
6504197,1,5011.11956,425715.770646891,62482.531956756204,176.2260949514273,488198.3026036472,PEGASUS OCEAN SERVICES S.A.,0.005597849593469932,95.63716652214286
0105964,1,9458.37695,405224.90965715755,82922.97214238768,3031.3524429544095,488147.88179954526,STX Ocean Service Corporation.,0.0055972714511940596,95.64276379359406
5913108,2,9077.152180000001,402311.4903689922,85418.6418342855,686.5579060001899,487730.1322032777,WHITE SEA SARL,0.005592481390689615,95.64835627498475
5476099,1,6816.14836,430369.32683268556,56435.545950594584,0.0,486804.87278328015,TIGRIS TRADING SA,0.0055818720480506415,95.6539381470328
1086414,1,8103.77479,409769.16034094075,75768.73152365467,277.02774214495827,485537.8918645954,"Sun God Navigation, S. A.",0.0055673444092146016,95.65950549144202
0181300,1,9138.87431,411223.96063885227,74168.06122417343,137.61662090828895,485392.02186302573,Spanaco Eight Limited,0.00556567181362254,95.66507116325565
5580904,1,8053.17764,399538.78670786053,85435.19099458132,0.0,484973.97770244186,"Schiffahrtgesellschaft MS ""HERMANN WULFF"" GmbH & Co. KG",0.005560878375542366,95.6706320416312
6416221,3,9228.37718,411982.18472868874,71962.18596168545,1270.6657048319944,483944.37069037417,Golfo Shipping L.L.C.-FZ,0.005549072547535184,95.67618111417873
5776000,1,8559.1775,400418.6703428771,83314.19724858532,0.0,483732.86759146245,STI Condotti Shipping Company Limited,0.005546647380282561,95.68172776155902
6048630,1,9025.8821,405128.51974573155,76942.97429578053,879.0632534271035,482071.4940415121,EVERLY HOLDINGS VENTURES INC.,0.005527597499933546,95.68725535905895
6223771,2,8755.4092,404126.1525095678,76507.02649284725,0.0,480633.17900241504,APOLLO SHIPMANAGEMENT LTD,0.005511105285163542,95.69276646434412
6264161,1,8725.55766,399659.061499199,80908.14192132078,210.31442038527598,480567.2034205198,THALE TANKERS AS,0.005510348786457337,95.69827681313058
6499292,1,8310.44416,405648.8252851902,74901.06477430424,0.0,480549.8900594944,Chemical Contender Shipping BV,0.005510150265507016,95.70378696339608
0534932,2,8599.726439999999,399332.7812115076,81129.43323439642,414.0736642452245,480462.214445904,Saint Michael Shipping Co. ltd.,0.005509144946776336,95.70929610834285
6395511,1,8116.00048,394597.3393488502,85814.25984963182,0.0,480411.599198482,CHEM TANK SHIPPING X AS,0.0055085645749465,95.71480467291781
0379529,2,8039.1599,410463.73162934324,69686.61909404138,62.52311744045966,480150.35072338465,"NAVIERA DE GALICIA, S.A.",0.005505569010106722,95.72031024192792
5153668,1,7170.52904,406792.81206132483,72582.04299959725,0.0,479374.8550609221,United Sky Shipping PTE LTD,0.005496676910204487,95.72580691883812
5760273,6,7465.72494,416117.8293850404,62889.5372908462,8.706284939211105,479007.36667588656,RX-Shipping Ltd,0.005492463162029196,95.73129938200015
0118744,3,9365.48026,395469.9644950185,83224.24893305189,1334.8917833129433,478694.21342807036,"REACHY INTERNATIONAL MARINE CO.,LTD",0.005488872439219156,95.73678825443936
6100443,1,7687.0238,406808.54048624745,71617.37168990565,670.7211664178654,478425.9121761531,BLT Shipping GmbH&Co. KG,0.005485796004815425,95.74227405044418
5637780,4,6836.08968,422883.455456733,55455.00926647202,0.0,478338.464723205,COG Offshore AS,0.0054847933022531175,95.74775884374644
6190821,1,8689.20002,395154.61441771133,83106.29973189608,0.0,478260.9141496074,Front Fusion Inc.,0.005483904080712257,95.75324274782714
5147766,3,8557.37316,398391.3032158903,79665.16077716436,1796.213573647052,478056.4639930547,Chesva Enterprises Ltd,0.005481559784921715,95.75872430761207
4032727,2,9704.78315,456570.8761349579,21091.14848856213,0.0,477662.02462352003,Tipco Maritime Co Ltd,0.005477037007491677,95.76420134461956
5982603,1,8828.6176,391556.8191974953,85133.81779502195,0.0,476690.6369925173,Front Earl Inc,0.005465898742925188,95.76966724336249
5720834,1,8264.40976,394268.21819192794,82154.29485641388,0.0,476422.51304834185,FH Bertling Galicia Shipping Pte Ltd,0.00546282434159299,95.77513006770408
6184331,2,8403.62714,395237.92307781626,81038.28420412466,788.4024740570555,476276.2072819409,ROKS MARITIME INC,0.005461146749371545,95.78059121445345
6009093,1,8928.78066,394895.6544052787,81261.04309953029,1701.5699861302674,476156.69750480895,Valloeby Pride Limited,0.005459776409176249,95.78605099086263
4321479,1,7618.51334,396158.2338791281,79230.36509300362,0.0,475388.59897213173,"Condor 244. Schifffahrts-GmbH & Co. KG MS ""Wels""",0.005450969127307465,95.79150195998994
6301631,3,9135.3638,396797.7769188574,78487.06487755556,257.7295289106906,475284.84179641295,Unity Navigation Denizcilik AS,0.005449779411856141,95.7969517394018
6381923,1,6635.48642,400930.9298678364,74045.49275117363,0.0,474976.42261901003,"MS ""Joe"" Jens u. Waller GmbH & Co. KG",0.005446242971525163,95.80239798237334
5985038,1,9288.44846,398071.31973523827,76682.03877515889,1221.2208997103685,474753.35851039714,GOLDEN AMBER LTD.,0.005443685241760317,95.8078416676151
5686426,3,8911.54693,395274.85777598707,79108.34478610716,589.530563014826,474383.2025620942,Bulkseas Marine Management SA,0.005439440906387422,95.81328110852148
0523561,2,8623.16737,394338.91794619407,79992.25795269258,0.0,474331.17589888663,"PROSPERITY STEAMSHIP CO., LTD.",0.005438844350778906,95.81871995287226
5495853,3,8289.43819,394143.58015167504,80130.8767391212,0.0,474274.45689079625,TRUST MARITIME SERVICES PTE LTD.,0.005438193991130609,95.82415814686338
6232681,1,10976.51882,473478.21336446615,0.0,690.6861215198862,473478.21336446615,LNG Harmonia Shipping Corporation,0.005429063989087588,95.82958721085247
6260622,1,6974.0045,395352.6274207256,76820.23163867106,0.0,472172.85905939667,"MS ""Elbwinter"" GmbH & Co. KG",0.005414096347809451,95.83500130720027
0367251,1,42748.2841,392173.14169933915,79022.47039638355,0.0,471195.6120957227,AIDA PARK SHIPPING PTE .LTD,0.005402890898119956,95.8404041980984
5472683,1,7388.06146,401451.4027671153,69407.92689831834,0.0,470859.3296654336,Blu Marine Srl,0.005399034968151241,95.84580323306655
6446371,1,8190.02207,395238.687665827,75164.31208739523,579.7096523773846,470402.9997532222,SIRIUS SEA NAVIGATION LTD,0.005393802532479226,95.85119703559903
5580609,4,8693.9445,393867.38632548094,75037.31072401088,527.1753581131006,468904.6970494918,NEW YANGTZE NAVIGATION ( SGP ) PTE. LTD,0.005376622478521148,95.85657365807755
0262914,2,30550.67226,392426.4259201056,76083.2669545458,1771.3848109585974,468509.6928746514,PAN OCEAN CO.LTD,0.0053720932248392805,95.86194575130239
6269949,1,6024.29478,392530.9790828593,74957.5392956978,314.1687214070552,467488.5183785571,NORDIC MPP SHIPOWNING 1 AS,0.005360384086959578,95.86730613538934
6452238,1,6939.28458,386102.0342444305,80764.10286193975,0.0,466866.13710637024,"NH Schifffahrts GmbH & Co. KG MS ""Neckartal""",0.005353247649301123,95.87265938303864
6151899,1,7754.95018,392373.1613211104,74199.61031403141,0.0,466572.7716351418,"Briese Schiffahrts GmbH & Co. KG MS ""Norderaue""",0.005349883819941012,95.87800926685858
5917471,2,8929.50506,387990.69491176726,78545.84534145078,0.0,466536.54025321803,Helios Ship Management GmbH & Co. KG,0.005349468378458542,95.88335873523704
5887202,1,8666.10316,384085.13602639484,82243.32180180414,0.0,466328.45782819897,Front Cheetah Inc,0.0053470824338288925,95.88870581767087
0534518,2,8749.43786,388780.0606712801,76860.96827638493,0.0,465641.028947665,THALKAT SHIPPING S.A.,0.005339200137927998,95.89404501780879
6410001,1,8776.69802,382014.29782328784,83441.21169884571,0.0,465455.50952213357,M Catherine S.A.,0.0053370729084082445,95.8993820907172
6356960,2,6249.34231,400573.8120465886,64838.99405757722,280.162494707714,465412.8061041658,Surfina Maritime OU,0.005336583256335232,95.90471867397353
5631437,1,8427.86896,382976.4230933633,82276.92171873632,181.68718779509817,465253.3448120996,Marvellous Navigation Inc,0.0053347548183332845,95.91005342879187
5494356,1,5515.29582,392876.83282362495,72334.15420595431,24.56997048525517,465210.98702957924,Briese Schiffahrts GmbH & Co. KG MS Borkum Riff,0.005334269129435152,95.9153876979213
5915807,2,6993.81112,392789.86688420206,72207.0447995999,0.0,464996.91168380197,EMC GAS CORPORATION,0.005331814467915559,95.92071951238923
6504767,1,6420.0663,410975.5655336431,53892.21315311601,775.789709403504,464867.7786867591,Aroya Cruises Limited,0.00533033378457204,95.9260498461738
4115388,3,8734.60233,388624.42283490393,75659.61339200087,258.9078677246802,464284.03622690483,O.CETINKAYA DENIZCILIK TRANSPORT VE TICARET LIMITED SIRKETI,0.005323640392820862,95.93137348656661
5979595,1,6999.73822,393100.274324791,70667.04667066799,103.38062099708189,463767.320995459,NATION S.A.,0.005317715558316394,95.93669120212493
6417304,1,6269.79378,393931.22092895303,69042.15655252872,76.04263323835592,462973.37748148176,"SMS Schifffahrts GmbH & Co. KG MS ""Borsum""",0.005308611929005819,95.94199981405394
6032152,2,7055.882529999999,398656.5719289535,64218.420112696884,440.7720603200496,462874.9920416504,UNIVERSAL TANKER MANAGEMENT (UTM) LIMITED,0.005307483807725131,95.94730729786167
5601747,2,8332.516660000001,383096.8448555083,79576.8395720275,505.0074187595272,462673.6844275358,JAHAN MARINE (PVT) LIMITED,0.005305175545406675,95.95261247340707
4089041,1,7816.45576,387480.42416517815,75097.33313834894,392.0421073092893,462577.7573035271,"Reederei M. Lauterjung UG (haftungsbeschrankt) & Co. KG MS ""Lake Ontario""",0.005304075612020444,95.95791654901909
6314999,1,4812.97544,408882.59080854163,53619.17418247161,0.0,462501.7649910132,Arriva Innovation AS,0.005303204258036942,95.96321975327713
5761271,4,7884.99148,383567.1930638892,78734.00172654426,683.2875948024584,462301.1947904335,La Maritime s.a.,0.005300904451155621,95.96852065772829
6462490,3,8198.26966,390143.262475966,71341.80836167329,832.4544002469864,461485.0708376393,Golden Wisdom Ship Management Limited,0.005291546493307334,95.9738122042216
4074817,1,6542.79567,405149.4414223313,56303.39377416716,0.0,461452.8351964985,Ameland Shipping BV,0.005291176868362526,95.97910338108997
6023211,1,8840.0425,383201.2247116462,78151.13358336057,329.0127005642042,461352.3582950068,AUM SHIPPING LIMITED,0.005290024765663339,95.98439340585563
5945911,1,7527.6874,384786.02620993473,76027.39300587983,78.60569587529174,460813.41921581456,Ziconia Shipping Company Limited,0.0052838451048794486,95.98967725096051
5901860,2,9416.27058,383935.4636755867,76761.92206288718,2396.716909306091,460697.38573847385,BRAVO SHIP MANAGEMENT PVT LTD,0.0052825146251328035,95.99495976558565
4153299,1,5931.21354,395390.2842297954,65200.42211981254,0.0,460590.7063496079,Briese Schiffahrts GmbH & Co. KG MS Ostbense,0.0052812914025808,96.00024105698823
6479533,1,6680.3009,386982.9364805858,73540.40930944766,0.0,460523.34579003346,"MS ""Finn III"" Jens u. Waller GmbH & Co. KG",0.005280519023244332,96.00552157601147
6132302,5,7862.68868,406430.2036486178,53295.73461217824,380.8702073365405,459725.938260796,Viya Ship Management Company,0.0052713756743437605,96.01079295168581
5776305,1,7695.42808,381473.92864488583,76382.11138010278,115.6961479214275,457856.0400249886,STI QUEENS SHIPPING COMPANY LIMITED,0.005249934778250267,96.01604288646406
6426921,2,7059.42477,390107.9911814896,67074.87664136561,0.0,457182.86782285525,Trust Marine Management Limited,0.005242215954325747,96.02128510241839
6000523,1,7387.15152,382125.6277844432,74403.2236183264,46.58775661333604,456528.8514027696,Seramare Shipping Company Limited,0.005234716777184462,96.02651981919557
6246252,1,5840.24021,456457.0289801628,0.0,902.4338579253305,456457.0289801628,EMERALD BLUE MARITIME SAS,0.005233893236592356,96.03175371243216
4068124,1,8703.74562,380095.1853145688,75738.33386422557,170.35906402402549,455833.51917879435,Pacific Gas Transports S.A.,0.005226743858830285,96.03698045629099
0175765,1,7635.54734,399121.4958101696,56442.519399258235,738.812293458106,455564.01520942786,STAVANGER OFFSHORE AS,0.005223653633654755,96.04220410992464
5757040,3,7198.13571,388730.5620930088,66726.52895372792,486.95571484843913,455457.0910467367,Joy Marine Company,0.005222427604441912,96.04742653752908
6071883,1,7040.38852,377405.5286545341,77823.19692716241,1064.481896140364,455228.7255816965,"Kommanditgesellschaft MS ""2. CPO Genova"" Offen Reederei GmbH & Co.",0.0052198090875015205,96.05264634661658
6317738,1,6897.30643,375605.59587721364,79575.40490607244,239.30284356994602,455181.00078328606,Samudera Ship Management Pte Ltd,0.005219261858553867,96.05786560847514
5790618,1,7071.84768,387158.1409736983,67309.59812378723,277.6770925236138,454467.73909748555,Deval Nakliyat AS,0.005211083354825767,96.06307669182996
4202727,1,8152.47988,377628.34574215807,76807.28107649914,0.0,454435.6268186572,STI Gauntlet Shipping Company Limited,0.0052107151443956485,96.06828740697436
0204515,1,12714.1434,375301.6024804924,78295.8916083617,0.0,453597.49408885406,Capo S.A.,0.005201104826342963,96.0734885118007
3028404,3,8157.40343,384379.11756788695,69194.76022319419,16.94555503773407,453573.87779108115,Spliethoff Agency & Forwarding B.V.,0.0052008340337527745,96.07868934583446
4129943,1,8505.0048,375902.1175499859,77391.09575249944,0.0,453293.2133024853,MINDANAO TANKER CORPORATION,0.005197615838226472,96.08388696167269
6386663,1,8827.389,372097.15381009836,80942.49538042379,1513.551676810323,453039.64919052215,TROPIC 9 LIMITED,0.005194708384936484,96.08908167005762
6283430,1,7473.86677,379049.5891218216,73494.46671418851,0.0,452544.05583601014,MS TK1028 GmbH & Co. KG,0.005189025741135214,96.09427069579876
5664118,1,8544.54494,374907.0708192536,77364.19115047628,64.75974947780125,452271.2619697299,Navigator Phoenix L.L.C.,0.005185897792870515,96.09945659359163
6147503,1,8191.92538,394704.1378517287,56494.773607447576,0.0,451198.9114591763,Cartagena Maritime Co. Limited,0.0051736018532133185,96.10463019544484
5191857,1,8175.8732,371285.7984993975,79288.8600751715,0.0,450574.65857456904,Anglo-Eastern Ship Management (Hellas),0.005166443955003341,96.10979663939985
5993846,1,7972.21577,374503.1831493905,75937.74606602082,1159.3997861133075,450440.9292154113,"SAL Shipping UG (haftungsbeschrankt) & Co. KG MS ""CAROLINE""",0.005164910568191458,96.11496154996804
6234983,1,8505.9909,369795.48903518403,80478.02580547366,288.47594171470394,450273.5148406577,"Qingdao Ronghe Ship Management Co., Ltd",0.005162990937408931,96.12012454090545
3028090,1,8078.96214,376047.272035193,74062.9562825732,1235.9572722187313,450110.2283177662,Bernhard Schulte Shipmanagement (Deutschland) GmbH & CO. KG,0.005161118637995121,96.12528565954345
0234148,1,11203.0126,449694.6626020226,0.0,0.0,449694.6626020226,"Kawasaki Kisen Kaisha, Ltd",0.005156353618615642,96.13044201316207
0237394,3,6767.90713,379893.226187877,69628.42469223113,838.5465922682515,449521.6508801081,"Shanghai Dingheng Ship Management Co., Ltd.",0.005154369806726049,96.1355963829688
5121821,2,8685.40102,385504.0525098791,63895.22370581115,87.22199239655978,449399.27621569025,GULMAR DENIZCILIK NAKLIYAT VE TICARET ANONIM SIRKETI,0.005152966616748105,96.14074934958555
5943447,1,6465.74303,382362.2592783363,66865.47648605837,0.0,449227.7357643947,Papay Shipping Pte. Ltd.,0.005150999674953291,96.1459003492605
5864704,1,6014.08644,395198.7489863164,53983.51592190813,211.24873040731381,449182.2649082245,VALLOEBY PECHORA STAR LTD,0.00515047829048233,96.15105082755099
0052777,1,8020.09754,396505.04335490713,51995.33407555635,171.95270607712519,448500.3774304635,FLORES INTERNATIONAL SHIPPING & TRADING CO.,0.005142659534210914,96.1561934870852
5961488,1,8241.8646,375179.343158495,73234.84767447996,390.8273913211424,448414.1908329749,Valloeby Prospera Limited,0.00514167128905082,96.16133515837426
6355374,2,7830.42526,379362.8952005134,68450.06541790531,506.7194695643127,447812.96061841876,Nasasia Shipping Co Ltd,0.005134777376691466,96.16646993575095
0032451,3,6131.205690000001,394908.45105995133,51784.873318158556,84.25637391822954,446693.3243781099,Mora Gemi Denizcilik Ticaret Ltd. Sti.,0.00512193924259878,96.17159187499355
6424646,1,5355.88698,379395.427570827,66488.64910460169,0.0,445884.0766754287,Briese Schiffahrts GmbH & Co. KG MS Margens,0.005112660130198531,96.17670453512375
6447215,1,8114.86788,367574.6616020156,77844.0848143681,0.0,445418.7464163837,FRONT EIRA INC.,0.005107324493455158,96.1818118596172
6259253,1,7992.0902,367956.4849609741,77398.21870117342,0.0,445354.7036621475,EMP SHIPOWNING INC,0.00510659015721545,96.18691844977441
0400692,3,7902.77371,371454.21684914373,73818.75900800739,69.55580946848382,445272.9758571511,SINCERE INDUSTRIAL CORPORATION,0.005105653038103125,96.19202410281251
5964139,2,5696.32462,393201.27725054836,51562.07267839566,201.18357897908118,444763.349928944,SCG Management BV,0.005099809491987088,96.19712391230449
0168220,4,16850.34609,378803.10038938595,65825.55380907809,763.253543397312,444628.654198464,LUTE SHIPPING LTD,0.005098265024429359,96.20222217732892
6170111,2,7783.52498,369650.7576220096,74760.30575642179,1731.5985330553629,444411.06337843137,Skeiron Logistics Pte Ltd,0.0050957700532732395,96.2073179473822
0651966,1,6768.47483,380244.4362924288,63754.055854605846,171.54445931562435,443998.4921470347,Ehler Reederei,0.005091039369680867,96.21240898675187
5421768,1,7656.25522,371204.6374820604,72064.74275228854,937.5839843241952,443269.38023434894,INTERNATIONAL GAS PRODUCT SHIPPING JOINT STOCK COMPANY,0.005082679121801562,96.21749166587367
5592062,1,5856.76276,389483.4502080728,53768.757331982175,0.0,443252.207540055,CHANGI PARK SHIPPING CO PTE LTD.,0.00508248221378435,96.22257414808745
6105047,5,8871.187319999999,378225.4490500394,64986.21906607384,646.1654081077353,443211.66811611323,Hua Jin Shipping Co Ltd,0.0050820173748108806,96.22765616546226
6414830,1,7516.17922,369314.3516404297,72615.59332816798,1189.4403189667246,441929.9449685977,EF Emira GmbH & Co KG,0.005067320696510288,96.23272348615878
1544429,3,8309.0453,372602.0622461058,69182.05777545815,488.42754025188464,441784.12002156395,Almi Marine Management SA,0.005065648617529028,96.2377891347763
6024489,2,7709.30802,378194.1604095566,63553.926645703104,0.0,441748.0870552597,Alfa Masters Denizcilik AS,0.005065235451148272,96.24285437022745
5854671,1,7182.0007,370803.8786762455,70446.91356838899,0.0,441250.7922446345,Bencoolen Park Shipping Co Pte Ltd,0.005059533297866201,96.24791390352532
5077381,4,10686.19256,369398.60838966793,71120.59628400646,0.0,440519.2046736744,JOSCO YUANSHENG SHIPPING MANAGEMENT COMPANY LIMITED,0.005051144663237925,96.25296504818856
5919742,5,8467.1674,366610.61466740654,72705.54252810011,212.71393620090373,439316.1571955066,MERRY ENTERPRISES DENIZCILIK SANAYI VE TICARET LTD STI,0.005037350107212903,96.25800239829577
5948880,5,22789.91676,366042.28705407947,73110.23951366743,854.7343048350443,439152.5265677469,S-Bulkers Ltd,0.005035473862174362,96.26303787215795
6400606,1,7244.6568,366513.4924505747,72561.86440561581,0.0,439075.3568561905,Gemini 6 Limited,0.005034589007728617,96.26807246116569
0724192,3,8136.36808,365369.36974768265,73530.03811810301,0.0,438899.40786578564,"CHUGOKU SOUGYO CO., LTD.",0.005032571516108601,96.2731050326818
0115241,1,8246.87074,387590.32179812674,50826.036512594066,0.0,438416.3583107208,Rotra Futura B.V.,0.00502703270382469,96.27813206538562
5467569,1,7348.47924,367595.61810984707,70544.70864757187,237.68063051889177,438140.3267574189,Empire Chemical Tanker,0.0050238676311273964,96.28315593301674
5994994,1,7462.91866,373744.6634188565,64241.73082592226,475.51560410333894,437986.3942447788,Great Lakes Shipping GmbH & Co. KG,0.005022102588011291,96.28817803560476
6401391,1,6768.52412,384614.04148188955,53305.21402380479,861.87618990077,437919.2555056943,Expedient Denizcilik Ltd Sti,0.00502133275214483,96.29319936835691
5036838,5,8419.3161,380435.83136143925,56881.340371178856,341.29268808384643,437317.1717326181,El Reedy Shipping Agency,0.005014429052590009,96.2982137974095
1320058,1,8364.2333,374228.606002068,63086.75511501852,0.0,437315.3611170865,Scheepvaartonderneming Freya B.V.,0.005014408291449784,96.30322820570095
5932822,1,6019.8382,369274.65083274455,66756.76344090994,408.47560344285984,436031.41427365446,Poestella shipping pte ltd,0.004999686115487246,96.30822789181643
6316417,1,7641.0856,377382.4788746378,58586.887670145035,349.163522535951,435969.3665447828,ROME CRUDE CARRIERS S.A.,0.004998974654894312,96.31322686647133
6326841,1,7785.84928,359239.7466732297,76719.44822327931,0.0,435959.194896509,"MS ""BF Icon"" Schiffahrts GmbH & Co. KG",0.004998858023277916,96.31822572449461
6271454,1,8528.39284,369223.11845036474,66468.63127741618,580.0274952340342,435691.74972778093,"Hainan Yuzhou International Shipping Co.,LTD",0.0049957914050183785,96.32322151589963
5549995,5,12013.65144,384860.15301757323,50467.70653238657,303.1857227534779,435327.8595499598,H KALKAVAN DENIZCILIK VE GEMICILIK SAN. TIC. A.S.,0.004991618915124168,96.32821313481476
6004985,1,6514.29664,365666.1038060134,69232.37598784173,0.0,434898.47979385516,Onego Rio CV,0.004986695499208269,96.33319983031397
6147812,1,5256.98452,368573.24412752636,65912.98600592438,0.0,434486.2301334507,Briese Schiffahrts GmbH & Co. KG MS Hage,0.004981968502859457,96.33818179881683
5763406,1,4512.02822,383315.85344529676,50266.194381889065,93.57025134700207,433582.04782718583,ARRIVA SHIPPING AS,0.004971600837653425,96.34315339965448
6360176,1,7313.1654,364977.5047995168,68471.37533337434,374.42874603752284,433448.8801328911,UNISTAR SHIPPING PTE.LTD.,0.004970073891083977,96.34812347354557
6176345,1,4980.15448,373538.2390981822,59611.06362905199,165.87886667336514,433149.3027272342,Briese Schiffahrts GmbH & Co. KG MS Koper Sand,0.004966638833547879,96.35309011237912
6147826,1,4892.07394,374469.9847379654,58611.67785284628,0.0,433081.66259081167,Briese Schiffahrts GmbH & Co. KG MS Hinte,0.004965863248487145,96.35805597562761
1792366,1,7825.06624,358989.0671489531,74077.68993307505,344.6076062900176,433066.75708202814,SYROS MARITIME CORPORATION,0.004965692336798514,96.3630216679644
5988939,1,8794.83128,392098.3352579133,40210.4530534123,0.0,432308.7883113256,Xiang T21 SG International Ship Lease Pte.,0.0049570012062634195,96.36797866917067
5885285,1,8274.70102,362078.115701348,69523.59651726748,310.9979535306254,431601.71221861546,Kadelariko Shipping Company Limited,0.0049488936286724685,96.37292756279935
5560071,1,5639.3607,377924.6609761674,53121.546639778506,0.0,431046.20761594595,Cooildarry Shipping Limited,0.0049425240219007115,96.37787008682125
1607569,1,6228.32826,380819.64434831,49938.404869189086,191.3433338401369,430758.0492174991,"MS ""FREJ"" Claus-Markus Speck GmbH & Co. KG",0.004939219898627448,96.38280930671988
6193891,1,5454.25228,373562.3983802362,54720.14344667958,807.3739428594373,428282.54182691575,Valloeby Lamentin Ltd,0.004910834879740441,96.38772014159962
6505195,1,6946.15862,352332.4101605472,74894.60714404855,0.0,427227.01730459573,Peridot Maritima S.A.,0.004898731872649564,96.39261887347226
6318241,1,7091.1818,368524.71827511315,58627.4879480441,312.2374239887727,427152.20622315723,Alcor Marine Company Limited,0.004897874063067711,96.39751674753532
4130994,1,5235.51678,363347.55098102684,63324.21492761656,189.32906371948593,426671.76590864337,"Briese Schiffahrts GmbH & Co. KG MS ""Bentumersiel""",0.004892365169233085,96.40240911270455
4114606,1,6512.40536,368511.509592457,57926.66538040137,1309.1685852970438,426438.17497285834,Heroic Hydra Inc,0.004889686735248476,96.4072987994398
6147070,1,5785.03586,363651.39825648395,62595.77941884167,100.55609736522435,426247.1776753256,Canada Zeus Maritime Co. Limited,0.004887496694564914,96.41218629613437
6202736,1,5146.29192,376017.88042251894,49956.179130071934,870.7891317744436,425974.0595525909,HX TO GmbH,0.004884365028264221,96.41707066116263
6194576,5,11611.443150000001,357317.902886228,67839.7086640581,805.5547817742026,425157.61155028606,Stem Shipping Co S.A,0.004875003354752827,96.42194566451738
6160561,5,10535.48273,358290.92183637165,66674.50365444909,12.233353060658843,424965.4254908207,AB BULKERS GROUP LTD.,0.004872799683316218,96.4268184642007
4027749,1,6987.66418,360221.4190605702,64496.71245528583,0.0,424718.131515856,Grieg Shipping II AS,0.004869964125572898,96.43168842832627
5959898,1,6091.9735,354609.41187486274,69796.1548196052,0.0,424405.5666944679,Eemslift Nadine B.V.,0.0048663801498626,96.43655480847613
5791991,5,6858.4231,354590.62339881284,69357.0666311543,549.0614903885871,423947.6900299671,Prelude Marine S.A.,0.004861129978597019,96.44141593845472
1880779,1,6396.19696,351562.20837475185,72380.70062313018,0.0,423942.90899788204,ORSA TANKER ISLETMECILIGI VE DENIZCILIK SANAYI TIC. LTD. STI.,0.004861075157639282,96.44627701361236
5704145,4,11269.599380000001,360780.85026762146,62532.18382675644,252.90626644032045,423313.0340943779,ONEXES MARITIME SERVICES,0.00485385279542763,96.45113086640778
5994521,1,6147.20516,351202.5130423656,71812.99089801271,632.3843794746206,423015.5039403783,"MS ""Steen"" Jens u. Waller GmbH & Co. KG",0.004850441212382934,96.45598130762016
6311420,1,6581.38544,358598.3822149506,63602.56795638819,0.0,422200.95017133874,"Schiffahrts-Gesellschaft ,,HANSA SEALANCER'' mbH & Co. KG",0.00484110125880145,96.46082240887897
6059373,1,8078.61082,346744.43992281205,74624.10100594595,0.0,421368.540928758,NEPTUNE PACIFIC DIRECT LINE,0.004831556568221146,96.46565396544719
5933984,1,7559.9422,347272.6801867375,73351.2853973992,0.0,420623.9655841367,STI SELATAR SHIPPING COMPANY LIMITED,0.004823019011314522,96.4704769844585
6404970,1,7439.85112,348768.8480941974,71229.30863672738,0.0,419998.1567309248,STI Lavender Shipping Company Limited,0.0048158432718335385,96.47529282773033
0331991,1,12526.85621,345168.3589755569,74308.86710579062,0.0,419477.22608134756,POST S.A.,0.004809870101895401,96.48010269783222
1199587,2,7445.77999,349051.86544361594,70261.30352369757,85.49802996567502,419313.1689673135,Chijin Shipping SA,0.004807988966618601,96.48491068679884
5776031,1,7361.14928,347143.7850903493,72043.0834415422,177.16872228796908,419186.8685318915,STI Dama Shipping Company Limited,0.0048065407624005374,96.48971722756124
5959164,1,5999.31309,365541.30435273604,53447.9767758617,0.0,418989.28112859774,Thrace Shipping Ltd,0.004804275157298463,96.49452150271854
6006814,1,7405.29528,347549.4652943265,71389.17826896791,0.0,418938.6435632944,STENA BULK XIII CYPRUS LTD,0.004803694529564128,96.49932519724811
5315756,3,7677.08922,348659.0626008237,69595.78415843172,0.0,418254.8467592554,"Maple Leaf Shipping Co., Ltd.",0.00479585388030113,96.50412105112841
1252133,4,7929.719199999999,344730.10222507,73282.74822204666,26.445847926245733,418012.85044711665,Eurotankers Inc,0.004793079067381252,96.50891413019579
6079447,4,4346.88716,369286.42293948284,48425.00730697787,114.01015040141722,417711.4302464607,Mostraum Management AS,0.004789622879724092,96.51370375307552
5980995,1,7591.17802,347098.82816486165,69828.2732255608,0.0,416927.10139042244,MOTHALLAH CORP,0.004780629495387224,96.5184843825709
6157805,1,5573.87202,354776.78103994986,61132.97515196284,0.0,415909.7561919127,Aquarius Tankers Ltd,0.004768964265550241,96.52325334683646
6404983,1,6252.58868,346152.2163855235,69562.97771578553,97.28684763168566,415715.19410130905,STI Magnetic Shipping Company Limited,0.004766733349723657,96.52802008018618
1607555,1,6054.14628,367381.24207386124,48176.065513326386,0.0,415557.3075871876,"MS ""Odin"" Claus-Markus Speck GmbH & Co. KG",0.004764922968667075,96.53278500315484
6239220,2,7978.0143800000005,342776.4405327736,72738.86623059286,325.5701305528362,415515.30676336645,Delos Navigation Ltd,0.00476444137278012,96.53754944452763
5817619,1,5362.91664,353589.3172408994,61872.29820176194,0.0,415461.6154426614,Briese Schiffahrts GmbH & Co. KG MS Aquarius,0.004763825729636384,96.54231327025727
6106080,2,8436.5808,345930.2225043244,68802.23802651271,1105.6284306832024,414732.4605308371,DZ Shipping Management Limited,0.004755464988714172,96.54706873524599
6315918,3,6512.09909,360422.52609640115,53650.77684995934,478.2105939306557,414073.3029463605,CAPRAMAR GEMI ISLETMECILIGI LTD. STI.,0.00474790686121431,96.5518166421072
6212304,2,9151.21428,345963.3164220547,67819.72804370435,89.42745481212924,413783.04446575907,"GOLDENKING SHIP MANAGEMENT(GUANGZHOU) CO., LTD",0.004744578657676996,96.55656122076488
1572700,10,27912.675049999998,358215.33126746374,55156.266397257714,2888.097262133052,413371.5976647214,Klip Marine Shipmanagement Ltd,0.00473986086718973,96.56130108163207
1516094,3,9492.68528,350015.1613828901,63043.681327371276,117.07189384092457,413058.84271026135,YOUNGCHANG ENTERPRISE CO LTD,0.004736274711348255,96.56603735634341
6488284,1,6432.88328,346025.2709885628,66488.57684345577,863.5520195576077,412513.84783201857,Tristar Natasha Limited,0.0047300256126903036,96.5707673819561
6059869,5,7506.379419999999,346752.23957006354,65642.14690087133,356.3040161349328,412394.38647093484,"Shanghai Xin Hai Shipping Co., Ltd.",0.004728655827650061,96.57549603778375
6312431,2,6479.2409800000005,350602.0277068502,61711.41346580096,0.0,412313.44117265113,Mercuria Shipmanagement Inc,0.004727727681028752,96.58022376546478
5958339,1,5909.7228,349691.1782573998,62595.77180398674,0.0,412286.95006138657,STI DONALD C TRAUSCHT SHIPPING COMPANY LIMITED,0.004727423924838631,96.58495118938961
5394524,2,7766.47652,342627.74855370366,69081.91105288987,0.0,411709.65960659354,"Y.K.J SHIPPING CO.,LTD.",0.004720804513995858,96.58967199390361
4157549,1,5146.19858,352960.4554956798,58717.65926590603,211.65357343228933,411678.11476158584,"Briese Schiffahrts GmbH & Co. KG MS ""Blue Star""",0.004720442809957027,96.59439243671356
5907016,4,7499.66637,348063.46553132345,63412.89122148641,1042.0696359689402,411476.35675280984,Global Carriers Ltd.,0.004718129383258526,96.59911056609683
6091166,1,6981.7575,346421.34881666757,64957.79249605817,0.0,411379.1413127257,"Schiffahrts GmbH & Co. KG MS ""Charlie""",0.0047170146775972165,96.60382758077442
5786743,1,4276.25898,363286.26075654593,47639.1249082415,0.0,410925.38566478743,Rederi Ab Fjardvagen,0.004711811759324459,96.60853939253374
6317375,1,7783.96604,339372.36048140936,69876.94194749763,0.0,409249.302428907,Briese Schiffahrts GmbH & Co. KG MS Westerdeich,0.004692593212658982,96.6132319857464
6261081,2,7036.3432,340212.3011892041,68089.33454216033,247.53279023498501,408301.6357313644,Gram Car Carriers Leasing 3 AS,0.004681726940471446,96.61791371268687
6099918,1,6228.29252,341791.8593128235,66190.45116276802,0.0,407982.3104755915,"MS ""Luisa"" Schiffahrts GmbH & Co. KG",0.004678065447296071,96.62259177813416
6236168,4,11165.71941,343607.77282911,64212.59935800682,128.03919628879328,407820.37218711677,"MANILA SHIPPING CO., LIMITED",0.004676208607201644,96.62726798674137
6284181,1,7714.08737,334887.63042563346,72743.83945256192,1241.2149518567408,407631.4698781954,7. NAVIGATOR Schiffsbeteiligungs GmbH & Co. KG,0.004674042588377815,96.63194202932975
5864664,1,5620.44924,357576.61738095497,49889.418499193496,203.8566160388898,407466.03588014847,VALLOEBY AMUR STAR LTD,0.004672145665275514,96.63661417499503
4195605,1,7175.66834,339185.4212614169,67334.36200837656,0.0,406519.7832697935,Anhui Wanjiang Hongrui,0.004661295607497873,96.64127547060252
1751362,2,5329.18484,354588.45791565796,51574.76348779844,311.6595730785126,406163.2214034564,Sanco Holding AS,0.004657207146542813,96.64593267774906
6190865,1,4513.79276,358104.65545382863,47870.992543040535,621.7212670034108,405975.6479968692,Vestvind I GmbH & Co. KG,0.004655056365370059,96.65058773411442
6266153,1,5294.51664,358105.9119267929,46959.63576622002,303.1659352272441,405065.54769301286,PUERTO DE MANRESA S.L.,0.004644620842368876,96.6552323549568
6265328,1,7197.19856,335115.0953588204,69334.19917936654,0.0,404449.2945381869,TN Heavy Lift GmbH & Co KG,0.004637554671811095,96.65986990962861
6265230,2,7691.68196,340858.80962571094,63090.43798093553,204.7957158193841,403949.2476066465,Prominence Maritime SA,0.004631820961764356,96.66450173059037
5395536,1,5994.77022,332695.0485726652,69641.07875430898,436.38419548580634,402336.1273269742,"Kommanditgesellschaft MS ""CPO NAPOLI"" Offen Reederei UG (haftungsbeschraenkt) & Co.",0.0046133243700031325,96.66911505496037
5401867,1,7563.55454,329027.32753115834,72883.33238376083,415.55454707186,401910.6599149192,Aquarius Schiffahrtsgesellschaft mbH & Co. KG,0.004608445814369274,96.67372350077474
1874611,3,7391.17007,337348.6158025089,63972.08120032785,317.5249565357062,401320.69700283674,Modion Maritime Management SA,0.004601681096774089,96.67832518187151
5910602,4,7521.828750000001,349994.993250252,50460.92418844413,303.9535564635264,400455.91743869614,OCEAN EAGLE SHIPPING & TRADING,0.0045917652369569855,96.68291694710847
5972859,1,5467.83896,335939.86069368693,64148.606428738305,635.3423889471452,400088.4671224252,BSI Thurloe Ltd,0.004587551925291238,96.68750449903376
6452198,1,6946.39486,334092.8063572664,65262.760672624274,0.0,399355.56702989066,"MS ""Tanja"" Jens u. Waller GmbH & Co. KG",0.0045791482408393085,96.6920836472746
5930415,2,6856.037270000001,336614.157656672,62589.04090148564,575.5579595199373,399203.19855815766,PALOMA SHIPPING CORP.,0.004577401131554006,96.69666104840616
5753767,6,7303.14634,338237.08576088573,60715.48359462216,431.493430696946,398952.5693555079,Alma Shipmanagement & Trading,0.004574527330943307,96.7012355757371
5923563,1,4147.9228,352383.5602489217,46208.67010500755,1001.3052661244471,398592.2303539292,Astraios Vermogensverwaltungs GmbH & Co. KG,0.004570395560056884,96.70580597129715
1980261,1,6432.27318,337688.79375160835,59789.85068357168,2078.821732568267,397478.64443518,Baldwin Shipping Limited,0.0045576268010314655,96.71036359809818
6006947,3,6380.52838,337993.3418994085,59409.10996183962,0.0,397402.4518612481,Pertanko Management SA,0.004556753150781689,96.71492035124896
1239518,1,7419.6965,332969.1423304565,63660.273531330495,105.12552196172312,396629.41586178704,Seong Ho Shipping Co Ltd,0.004547889254221127,96.71946824050319
6417057,2,6576.30385,336398.4461402942,60212.56324727545,0.0,396611.0093875696,Venexia Shipmanagement Ltd,0.004547678199259106,96.72401591870245
0357065,1,43171.71556,329064.0141629967,67158.04905739446,0.0,396222.06322039117,ADAM PARK SHIPPING PTE LTD,0.004543218408775997,96.72855913711122
0281542,1,19314.80348,350208.7397754423,45924.181071661245,2190.406683813817,396132.9208471035,Atlantic Feeder IV AS,0.004542196271674315,96.73310133338289
5797385,1,7835.33374,328494.0333404821,67523.1559624882,252.43319542584476,396017.1893029703,Rio Tinto Shipping (Asia) PTE. LTD.,0.00454086925399764,96.73764220263689
5869197,1,5446.07207,326278.6276858518,69286.62169181099,0.0,395565.2493776628,TTS Schifffahrts GmbH & Co. KG,0.0045356871554248605,96.74217788979232
0096086,4,13038.99853,332212.1687667887,63023.62136172597,1122.7145002552247,395235.79012851464,Atlantska Plovidba dd,0.004531909462397103,96.74670979925472
4202687,1,7316.3393,327577.6882023191,67308.71348899038,779.3598285865374,394886.40169130947,STI GALLANTRY SHIPPING COMPANY LIMITED,0.004527903254446888,96.75123770250916
6379295,1,5661.83964,336242.4132667792,58290.02116956604,0.0,394532.43443634524,"SMS Schifffahrts GMbH & Co. KG MS ""Hammrich""",0.004523844544197927,96.75576154705335
6259271,1,7002.14108,327538.26774357125,66410.86938862708,0.0,393949.1371321983,SFL SANTORINI INC,0.004517156256755145,96.7602787033101
4310647,1,6681.00921,331472.47149399394,62216.17539091591,0.0,393688.64688490983,"ANHUI XUXIN SHIPPING CO.,LTD",0.004514169386016125,96.76479287269612
1602364,3,7416.20612,326551.70369204675,66762.6572141085,569.1134863178098,393314.36090615526,World Management Inc,0.004509877694294054,96.76930275039041
6314424,1,5912.43198,334819.20659501257,58005.071634701846,0.0,392824.27822971443,Star Merlin LLC,0.0045042582378222685,96.77380700862822
5849013,2,6397.247730000001,328109.1694698677,64568.542947521346,0.0,392677.71241738903,PREVALENT CREATION CORPORATION,0.004502577663824844,96.77830958629205
3017912,1,6232.464,346650.3140414399,45457.3480449627,2352.169589808814,392107.6620864026,Nigel Burgess Limited,0.004496041270730991,96.78280562756278
6341070,1,6590.07287,331791.9333557143,60165.48833685776,0.0,391957.42169257207,Chemical Challenger Shipping B.V,0.004494318562718608,96.7872999461255
6147052,1,6452.2165,329393.9058547254,61885.276748665994,0.0,391279.1826033914,Canada Osiris Maritime Co. Limited,0.0044865416401250685,96.79178648776562
5707493,1,6978.2283,325585.0860426371,65515.87683899427,0.0,391100.9628816314,Doric Pioneer Navigation Inc,0.004484498111518595,96.79627098587714
6328131,1,6849.93454,323431.82949968654,67489.07335003126,822.4557163962008,390920.9028497178,PORTO MARE SA,0.004482433481283151,96.80075341935843
1267626,1,4596.00904,390450.3779403978,0.0,0.0,390450.3779403978,Nordlaks Transport AS,0.004477038280893664,96.80523045763933
5677799,4,6913.4383,323730.8309862402,66203.3966980055,326.54252156258485,389934.2276842457,Sealestial Navigation Co,0.004471119924590167,96.80970157756391
0256270,1,13568.12096,328283.47854546545,61374.92377674119,180.50466916900362,389658.40232220665,RED KNOT SHIPPING LTD,0.004467957216152787,96.81416953478006
6026114,4,7226.54078,338893.3460926981,48978.59291703049,0.0,387871.9390097286,Marmara Islands Shipping Corporation,0.004447473013577378,96.81861700779363
6203938,1,7392.21276,337337.1622741084,50481.10729907644,527.8637525435772,387818.26957318484,Briese Schiffahrts GmbH & Co. KG MS Flachsmeer,0.00444685762136496,96.823063865415
5633521,1,4607.8748,342669.99713854893,44935.81637502782,405.3240160631633,387605.81351357675,Euroshipping Srl,0.004444421527137339,96.82750828694213
5466910,3,8264.788,335033.90375796286,52568.95446868366,324.6981165435241,387602.85822664655,Bakan Denizcilik Ticaret Ltd Sti,0.004444387640801289,96.83195267458294
6141583,1,7492.96281,332820.390033888,54663.66951271623,0.0,387484.0595466042,VALLOEBY SPIRIT LIMITED,0.004443025454289715,96.83639570003723
6077180,3,6139.68903,335529.1342088391,51621.40491733364,0.0,387150.5391261727,Perama Shipmanagement Ltd,0.004439201194475682,96.8408349012317
0255210,7,23148.12083,333005.56220603344,53622.15494379523,1035.0751551617984,386627.7171498287,CACHALOT TECHNICAL SHIP MANAGEMENT FZCO,0.004433206337934546,96.84526810756964
0001281,1,6334.04606,306348.7092388043,80203.02752895399,355.3063662758856,386551.73676775827,SFL Chemical Tanker IV Inc,0.004432335120749612,96.84970044269039
0129386,1,12120.61745,328485.5591566967,58039.383754918985,0.0,386524.9429116157,APOLLO EASTERNS SHIPPING PTE. LTD,0.004432027893182627,96.85413247058358
6467399,2,9497.2616,338114.3430493571,48347.79776472678,0.0,386462.1408140839,merna navigation & international trans,0.004431307782739262,96.85856377836632
6326118,1,5526.4376,323329.79353057256,62614.432788402424,0.0,385944.226318975,EAST WAVE DENIZCILIK A.S.,0.004425369197065294,96.86298914756338
5922945,2,7277.98889,319744.10173856595,66081.19949705298,11.706901238166681,385825.30123561894,Adelfia Navigation S.A.,0.004424005561169865,96.86741315312456
1554399,1,6539.28942,320932.8916730439,64828.004551868486,0.0,385760.8962249124,CHAMPION SHIPPING AS,0.004423267071172914,96.87183642019573
6145113,1,6623.0931,321896.1561792553,63448.224120741164,0.0,385344.38029999647,Enable Shipping PTE. LTD.,0.004418491156368357,96.8762549113521
5271933,2,6765.0532,320727.4587681567,63910.42961432402,747.1219367720901,384637.8883824807,ATTIC FOREST AS,0.0044103902771310405,96.88066530162924
1535686,1,6306.71752,319409.9495925332,64832.32957820644,0.0,384242.2791707396,Administradora de Naves Humboldt Ltda.,0.00440585408588804,96.88507115571512
5529839,1,6581.29368,318467.35954613145,65719.23876964297,339.9213463121572,384186.5983157744,"MS ""Alina"" Schifffahrtsgesellschaft mbH & Co. KG",0.004405215630060422,96.88947637134518
6355754,1,5893.28624,330486.84193892695,53462.276909608634,0.0,383949.1188485356,Chemical Mariner Shipping BV,0.0044024926088371795,96.89387886395401
6263074,1,6897.93528,318337.20712723676,64969.75610736292,0.0,383306.9632345997,CL Qiantangjiang Limited,0.004395129431777275,96.89827399338579
6163211,5,7023.2320899999995,323221.00030252826,59368.75342729165,530.2650630148586,382589.7537298199,NJ TRUST MARINE LTD,0.0043869056609993915,96.90266089904678
6008360,1,7329.11994,316779.36755083274,65693.46463681439,0.0,382472.8321876471,New Roberto Shipping Pte Ltd,0.004385564998396042,96.90704646404518
6218091,2,6829.6097500000005,319287.73274764756,62649.845514751025,308.1466039631316,381937.5782623986,Seacon Ningbo Co Ltd,0.004379427592854326,96.91142589163803
6313783,1,6870.94629,318587.2732820204,63159.0910890174,268.7848168046069,381746.3643710378,"MS ""Hammonia Royal 2.0"" GmbH & Co. KG",0.004377235068631461,96.91580312670666
6452171,1,6582.49905,314708.7893076495,66428.41070759206,126.9379738909727,381137.2000152415,"MS ""Finn II"" Jens u. Waller GmbH & Co. KG",0.004370250180680674,96.92017337688735
5988868,1,7317.47952,325718.5032523375,54969.219941046824,0.0,380687.72319338436,Xiang T14 SG International Ship Lease Pte. Ltd,0.004365096324898939,96.92453847321225
6191758,2,5666.681780000001,325774.03443001333,54398.11118084814,0.0,380172.1456108615,BEYAZ BAYRAK DENIZCILIK LTD,0.004359184535068177,96.92889765774731
6452290,1,6197.57401,318077.44089922396,61596.93802078144,367.26892814474564,379674.3789200054,"EASTERN FORTUNE SHIPPING CO., LIMITED",0.004353476971045133,96.93325113471836
5386422,3,5147.8114000000005,325230.8719567455,54279.39520159337,90.6965877425097,379510.26715833886,IHB SHIPPING CO-EAD,0.00435159520915979,96.93760272992752
1758912,2,7268.46169,317261.9729545677,61366.82257049003,47.9165300190726,378628.7955250577,Astro Shipmanagement Inc,0.0043414879523387346,96.94194421787986
6335751,1,3999.8056,334699.14928648603,43890.486505464636,645.1196871312881,378589.6357919507,Benemare Shipping Co Ltd,0.004341038933374752,96.94628525681324
6244199,1,4165.93894,327456.1866719946,51046.22983018849,0.0,378502.4165021831,"Briese Schiffahrts GmbH & Co. KG MS ""Scorpius""",0.00434003884700992,96.95062529566025
6375902,1,4276.59974,329489.48190469114,48069.6635062201,401.52522257846005,377559.14541091124,SDS SHIPPING SRL,0.004329222976355213,96.9549545186366
4130610,1,6459.79692,315740.20579096687,61070.39621263782,0.0,376810.6020036047,"MS ""SONJA FRIEDERICH"" Schifffahrtsges. mbH & Co. KG",0.004320639920277512,96.95927515855688
6233747,1,6470.53244,313819.6609540411,62906.2135965492,0.0,376725.8745505903,"HS Schiffahrts UG (haftungbeschrankt) & Co.KG MS ”Rudolf""",0.004319668406169653,96.96359482696305
6131658,1,5477.09036,315383.16867623123,60977.27888302336,0.0,376360.4475592546,Katong Park Shipping Co. PTE LTD,0.004315478294643288,96.96791030525769
5639083,5,7416.3557,320183.7389951834,55974.745177872086,493.8724674326112,376158.48417305545,Safe Sea Services Sarl,0.0043131625130166384,96.9722234677707
4133472,1,5205.69504,326854.9537393132,47850.332291001796,59.28275603841589,374705.286030315,Skylge Shipping BV,0.004296499643463045,96.97651996741416
0603665,1,6739.1494,310404.6031179275,63910.04118222554,613.5721777688473,374314.644300153,HALKIDON SHIPPING CORPORATION,0.004292020411071786,96.98081198782523
5257339,1,7193.31036,307749.01904827676,66494.40710576532,74.2512010347986,374243.42615404207,"CONTI 24. Container Schiffahrts-GmbH & Co. KG MS ""CONTI CRYSTAL""",0.004291203799321747,96.98510319162456
6356307,3,9042.51725,321406.03912308626,51693.498025330875,335.57343494699353,373099.53714841715,seagoing maritime co,0.00427808757468319,96.98938127919925
6450174,3,5912.46573,325647.31671037123,47451.19291579546,1989.9770001309473,373098.50962616666,CNAN EL DJAZAIR,0.0042780757927597755,96.993659354992
4156378,1,6174.34318,309822.49508002074,61709.42171623314,190.59601965833397,371531.9167962539,Briese Schiffahrts GmbH & Co. KG MS Hatshausen,0.004260112700734894,96.99791946769274
5246507,4,5706.10293,328125.25725115533,43028.458485937306,206.08266871634532,371153.71573709266,Fast Lines Belgium NV,0.00425577611735477,97.0021752438101
4157552,1,4681.94976,316529.1212930956,53987.84910429291,0.0,370516.9703973885,Briese Schiffahrts GmbH & Co. KG MS Briesetal,0.004248474976359406,97.00642371878646
5776027,1,6912.4778,305215.2329991903,64867.84554030328,0.0,370083.07853949355,STI CONNAUGHT SHIPPING COMPANY LIMITED,0.0042434998231329945,97.0106672186096
4129991,1,6273.22469,313716.2037007694,56275.15191967675,123.90824769945694,369991.35562044615,Eight Navigation Company LLC,0.00424244809660637,97.0149096667062
6480553,1,4492.02452,320587.56040075223,48726.2838354841,0.0,369313.84423623636,AWH ALMA SDN. BHD.,0.004234679518128232,97.01914434622434
5158363,1,6628.66016,312206.63766273507,56525.15687258117,879.3632818295291,368731.79453531624,"MS ""ALDEBARAN J"" Schiffahrtges. UG (haftungsbeschrankt) & Co. KG",0.0042280055361330095,97.02337235176047
6392976,1,6752.80013,308520.24028475315,60087.14079723763,0.0,368607.3810819908,Petrogas Shipping Pte Ltd,0.00422657896870046,97.02759893072917
6475677,1,6709.41192,309505.0457838531,58989.91412176044,633.4791531630415,368494.95990561356,White Flag Ventures LIV LLC,0.00422528990883867,97.03182422063801
6448638,1,6131.19182,310757.6694722608,57463.853322745366,105.08926224150649,368221.52279500617,CENTRUM SHIP MANAGEMENT LTD,0.004222154584913352,97.03604637522292
6229020,3,8148.109399999999,313604.2382820229,54464.42271136401,391.8071618388492,368068.6609933869,FLORENCE SHIPPING & MARINE SERVICES,0.004220401818937952,97.04026677704186
0555099,2,6150.054099999999,309214.3409267579,58087.81950786997,218.0236519254666,367302.16043462785,Lidmar Shipping & Trading Company Ltd,0.00421161285998754,97.04447838990185
0755362,1,3821.20511,324627.6239098848,42569.25868087691,0.0,367196.8825907617,Oresundslinjen Helsingborg AB,0.0042104057080323935,97.04868879560989
6147494,1,5036.64664,322077.3873249767,45045.41272104674,913.6896656500303,367122.80004602345,Cork Maritime Co. Limited,0.004209556252102837,97.052898351862
6213571,1,6385.8349,330144.72108673805,36770.06696666457,0.0,366914.7880534026,POS MARITIME DE SA,0.004207171115075282,97.05710552297707
6410911,1,7450.18584,301231.1917031449,65531.615690252045,255.1406458866059,366762.807393397,Golden Grace Ltd.,0.004205428452572584,97.06131095142965
6285918,1,6218.43772,320580.0258106778,45815.347172714275,1195.8918513455988,366395.3729833921,ZETA ENERGY LIMITED,0.004201215323293554,97.06551216675294
4244508,1,6453.48914,311592.91985738097,54731.60266344367,0.0,366324.5225208246,XIANG T45 SG INTERNATIONAL SHIP LEASE PTE LTD,0.004200402927529444,97.06971256968046
6327080,3,6863.41972,311589.62788122374,54271.262795137576,1534.4325918408397,365860.89067636133,HGF DENIZCILIK LTD STI,0.004195086765391626,97.07390765644585
6506370,3,6297.60168,317727.7115467863,47922.81641661221,33.54333163225694,365650.5279633985,Arel Ship Management BV,0.004192674674196388,97.07810033112005
5796166,1,6099.98172,310443.4866659834,54477.63086574579,0.0,364921.11753172916,MS Michael Braren GmbH & Co. KG,0.00418431100339578,97.08228464212345
6232616,4,6702.5188,306806.16394469794,57974.74299839146,3.5181266307398227,364780.9069430894,Movers Denizcilik Ticaret AS,0.004182703300578233,97.08646734542403
6397212,1,4801.31392,318449.11647619586,46183.7736890187,0.0,364632.89016521454,"Briese Schiffahrts GmbH & Co. KG MS ""Memmertbalje""",0.004181006089310937,97.09064835151334
6373129,3,6666.24132,302202.300032804,62392.4994886927,330.1314263522603,364594.79952149675,Velos Dry Ltd,0.004180569328893473,97.09482892084223
1772981,2,6924.8596,302911.3220346089,61466.80609327768,214.48931099571573,364378.1281278866,Navios Shipmanagement Inc,0.004178084900196838,97.09900700574244
0529971,1,7088.44981,303278.5043827045,60750.444331293475,0.0,364028.94871399796,"TOYO KAIUN CO.,LTD.",0.004174081088979839,97.10318108683141
6237890,1,6311.15022,301906.4511974812,62116.20005440582,12.179333445747856,364022.65125188703,Selmer Bulk Shipowning AS,0.004174008880114036,97.10735509571153
0139657,1,8038.46038,310843.39592956414,53134.004830473925,609.3928070038087,363977.40076003806,Aug Bolten Seacon Shipmanagement GmbH & Co KG,0.004173490022416149,97.11152858573394
5278710,2,5525.89484,313018.178173643,50935.21855244986,0.0,363953.3967260929,Dalomar Shipping SA,0.0041732147839096964,97.11570180051784
6474736,2,6439.40935,303274.44611945207,60010.185984966745,662.6741330269822,363284.6321044188,AKTEA NAVIGATION S.A.,0.004165546498818167,97.11986734701665
6484658,1,3805.2014,320680.47908260964,42053.269047189744,47.83901178928578,362733.7481297994,C-BED II APS,0.00415922987375633,97.1240265768904
6051302,1,4926.73524,304932.1272973793,57801.364251013394,181.94484673341086,362733.4915483927,TREASURE SEA NAVIGATION LIMITED,0.0041592269317057015,97.1281858038221
5175291,2,6870.9354,303393.1798411778,58537.94828480873,598.3357748193749,361931.12812598655,"SEA STAR SHIPS MANAGEMENT CO., LTD.",0.0041500267568300876,97.13233583057894
6212383,1,5422.83808,303129.7265998689,58752.83898639899,323.1587546209329,361882.5655862679,MS 'BF CARP' Schiffahrts GmbH & Co. KG,0.004149469922052556,97.136485300501
6327337,2,6283.14099,301760.9832311898,59640.40910677017,0.0,361401.39233795996,Transship Bulk doo,0.004143952624147044,97.14062925312514
5926086,1,6186.00606,301411.53677631606,59756.65464435462,0.0,361168.19142067066,Sea Tribute Shipmanagement Ltd,0.004141278662248606,97.14477053178739
5893603,1,5166.0735,312197.2629641815,47725.535915187334,0.0,359922.7988793688,Briese Schiffahrts GmbH & Co. KG MS Crux,0.004126998563170308,97.14889753035055
4132695,1,6615.62698,294240.51594683697,64943.21935709214,0.0,359183.7353039291,Briese Schiffahrts GmbH & Co. KG MS Jade,0.004118524206104215,97.15301605455666
1797469,3,6353.71501,315497.68357122235,43548.69886429809,918.4302054751491,359046.3824355204,VERENIGDE TANKREDERIJ SPAIN SAU,0.004116949270889399,97.15713300382755
6345761,1,5902.90647,296261.8181918144,62762.365066432605,0.0,359024.18325824704,Harvester TWO GmbH & Co. KG,0.0041166947274901035,97.16124969855504
6062081,1,6788.70252,298384.71889165527,60589.84829688997,0.0,358974.56718854525,Meridian 11 Limited,0.004116125812575553,97.16536582436761
5512013,1,3733.80378,317202.4005044842,41596.837096060204,0.0,358799.2376005444,"Rova Shipping GmbH & Co. KG MS ""Rova”",0.004114115423236467,97.16947993979085
5787432,2,6182.393679999999,315199.8790896766,43061.24992584577,0.0,358261.12901552237,Sirios Shipmanagement Corp,0.00410794528518428,97.17358788507603
6467178,3,6487.13844,301913.12690035696,56161.91836095879,827.1119537068247,358075.04526131577,Ocean Express Shipping Company Limited,0.004105811584877906,97.17769369666091
6448448,1,6743.86044,301010.3693406866,56809.93456498401,0.0,357820.3039056706,OCEANIC STAR HOLDING RSC LIMITED,0.004102890632907091,97.18179658729382
0118470,4,8428.01412,300083.96732155606,57724.0549050385,533.5961542357679,357808.02222659456,Asyad Ship Management SPC,0.0041027498069520305,97.18589933710076
6427243,3,6735.651999999999,296180.3122603302,61496.71076464909,0.0,357677.0230249793,Jiangsu Ocean Shipping Bulk Company Limited,0.004101247725065232,97.19000058482582
6311831,1,6136.97058,298176.6235214064,58774.94427661293,0.0,356951.5677980193,MAGNOLIA SHIPTRADE S.A.,0.004092929406001728,97.19409351423182
6122337,1,6169.76038,297383.126438009,59519.32122474559,1314.97231264519,356902.4476627546,Orion Bulk KS,0.004092366177641948,97.19818588040947
6129281,3,6294.8744,299639.56838071643,56934.40862318423,508.3392346207113,356573.9770039007,PAPA Shipping Co. (Hellas) S.A.,0.004088599820130408,97.2022744802296
5898581,1,6014.9929,304149.41090493306,52327.50452774112,499.93514839283773,356476.91543267417,KMARIN NO. 17C S.A.,0.004087486878782324,97.20636196710839
5340388,1,5074.87358,315004.4291555826,41307.88951837249,548.6520683116735,356312.3186739551,"MS ""Cem Isle"" Schifffahrtsgesellschaft mbH & Co. KG",0.004085599555754022,97.21044756666414
6345109,1,5648.98571,309478.3845999195,46550.40272274807,777.8712135721285,356028.78732266754,BRIGHT ZHUANGYUAN SHIPPING LTD,0.00408234848779439,97.21452991515194
5997044,7,19971.79149,294887.54515273334,61136.91064815229,1142.5213559969739,356024.4558008856,SWISS CARRIERS S.A.,0.004082298821076345,97.21861221397302
5896086,2,6287.091359999999,300108.71363729384,55234.98636201231,0.0,355343.6999993061,Susesea Deniz Isletmeciligi A.S.,0.0040744930409931275,97.222686707014
6291942,1,6320.17486,295075.38573703624,60044.61350845552,0.0,355119.99924549175,Hull 3240 Inc,0.004071928011235505,97.22675863502523
2053475,4,8117.27319,301328.2493547669,53480.59989843858,120.40610535162804,354808.84925320547,Order Shipping Co Ltd,0.0040683602584421445,97.23082699528368
0225860,2,5900.492319999999,298504.4720640619,56109.49830190699,0.0,354613.9703659689,Seaunity Tanker Management Pte Ltd,0.004066125710116443,97.23489312099379
5813324,1,7106.68437,299403.25206699217,55111.492988671285,110.35953911088512,354514.74505566346,SMS Bereederung GmbH & Co KG,0.004064987958592129,97.23895810895237
2050042,1,5424.48858,292086.22551098745,62112.90435804541,0.0,354199.1298690329,Golden Flame Shipping S.A.,0.004061369006345162,97.24301947795873
6448451,1,6960.86,302055.9731793139,52072.81389761573,0.0,354128.7870769296,OCEANIC MOON HOLDING RSC LIMITED,0.004060562431705146,97.24708004039043
6435535,1,5154.48536,295616.80494963966,58256.14255651977,0.0,353872.9475061594,"MS ""OLDOOG"" Schiffahrts UG (haftungsbeschrankt) Co. KG",0.004057628887222112,97.25113766927765
5972761,1,6633.45368,296262.400977787,57531.57818869273,0.0,353793.9791664797,SAKIZAYA MIRACLE S.A.,0.0040567234090878885,97.25519439268675
6174423,1,3681.22538,312735.6433642134,41009.92573358008,876.9343620390871,353745.5690977935,Vestvind III GmbH & Co. KG,0.0040561683225956375,97.25925056100934
6468967,1,6731.7758,292333.3106220715,60761.86610673592,980.6725603897621,353095.1767288074,ZEAL SHIPPING CO INC,0.004048710700070308,97.26329927170941
5684464,1,5533.11892,296119.29558844864,56807.46118914381,0.0,352926.75677759247,SEVENTHONE CORP,0.00404677953900233,97.26734605124841
5818988,1,6478.0679,293505.45377647167,59259.55776903995,64.41070753078368,352765.0115455116,ARA Rotterdam Shipping BV,0.004044924912558894,97.27139097616097
6203116,3,9171.33016,293061.8032823403,59325.1260946363,377.6399662297511,352386.92937697656,Nortus Management Inc,0.004040589692419568,97.2754315658534
6084822,3,5387.7791799999995,311364.29444950225,40829.433699687295,31.505070346336034,352193.72814918956,SIRUS SHIPPING LTD,0.00403837438071394,97.27946994023411
6077984,1,6507.27808,296514.0183966901,55403.57802897569,402.4820873205312,351917.5964256658,VIRONO MARITIME S.A.,0.004035208159430441,97.28350514839354
5543744,1,3662.02465,311104.40503786545,40795.49670241216,0.0,351899.9017402776,Ainaftis Shipping Co,0.004035005266083867,97.28754015365963
0257919,1,10125.4312,291710.45259182045,59888.588465758636,0.0,351599.0410575791,Twenty-third New Shipping UG (haftungsbeschrankt) & Co. KG,0.004031555494051984,97.29157170915369
0287586,1,12710.20987,289508.48244762287,62039.434636487465,0.0,351547.9170841103,OZELLAR MARINE PRIVATE LIMITED,0.004030969288994383,97.29560267844268
6371198,1,6446.18332,291763.33914452145,59545.38306257681,53.19967449664995,351308.72220709827,TAURUS MARITIME INVESTMENTS CORP.,0.004028226598292877,97.29963090504097
6008682,1,6616.95357,288292.5445415113,62016.2606127863,425.2586671352229,350308.80515429756,Inverness Investments Inc.,0.004016761205566864,97.30364766624653
6069251,5,5490.40324,309596.65702021215,40599.49461087527,140.33490854434615,350196.1516310874,EPSILON DENIZCILIK TICARET LTD. STI.,0.0040154694815364,97.30766313572806
6417009,1,6238.33988,288588.89715537895,61406.370959993765,515.9777606192678,349995.2681153727,DHT APPALOOSA INC,0.004013166082076013,97.31167630181014
6504617,3,6129.85186,294721.0144858312,54984.331302049846,349.0324617084758,349705.34578788106,Universal Tankers Corporation Ltd,0.004009841732985836,97.31568614354312
6420440,2,7555.74618,299643.5731228081,50009.089854505735,792.3462694098553,349652.66297731386,An Tankers Ltd,0.004009237653766093,97.31969538119688
6424632,1,5094.62372,294601.22818127746,54083.051085631865,0.0,348684.27926690935,Briese Schiffahrts GmbH & Co. KG MS Watum,0.0039981338331860124,97.32369351503007
5681028,1,3617.71518,301342.84533989144,46067.61604001717,40.71344271149831,347410.4613799086,MS K-STREAM Maritime GmbH & Co. KG,0.003983527799320526,97.3276770428294
0116062,1,3910.87378,294671.969563113,52099.73620770099,236.50897050688133,346771.705770814,Creta Cargo C. Maritime Company,0.003976203607885145,97.33165324643728
6062298,2,5863.6137,306038.23128620983,40134.77829364459,0.0,346173.00957985444,Frieden Shipping GmbH,0.003969338751511616,97.3356225851888
6371140,1,4022.37355,299495.98639818473,44073.45060523274,0.0,343569.43700341746,"Schiffahrts GmbH & Co. KG MS ""Othelloplate""",0.003939485293171328,97.33956207048197
6324041,1,5007.042,290818.2115154663,52697.000367219516,839.3506086710311,343515.2118826858,"MS SPIEKEROOG GMBH & CO, KG",0.003938863529292952,97.34350093401127
5952119,1,6241.42472,286901.306993557,56513.66215190056,0.0,343414.9691454576,ROSY MERIT LIMITED,0.003937714111601722,97.34743864812287
6416218,1,4984.30408,303424.9059959112,39788.850573157804,0.0,343213.756569069,Cigno Shipping LLC,0.0039354069390185095,97.3513740550619
1704970,2,6421.02294,283964.6060004655,58145.13651352747,402.479899760426,342109.742513993,Larus S.A.,0.003922747934273035,97.35529680299616
6240562,2,6034.87373,292596.1742810699,48525.75904667143,0.0,341121.93332774134,Mavera Denizcilik Dis Ticaret Limited Sirketi,0.003911421374507885,97.35920822437068
1236681,2,6070.22236,285160.82263315405,55647.64978758623,159.08054556723596,340808.4724207403,Goldbeam International Ltd.,0.00390782712397185,97.36311605149464
6256055,1,3898.8863,288528.5082952084,51546.990910511784,0.0,340075.49920572015,Navesol Shipping Company Limited,0.003899422601072359,97.36701547409571
5939555,1,6158.72574,282116.55685008876,57775.665433810354,0.0,339892.2222838991,Front Duchess INC.,0.003897321084871183,97.37091279518059
5962251,1,5682.64783,300291.0916650313,39378.0971272029,0.0,339669.18879223417,Scheepvaartonderneming Eems Duisburg B.V.,0.0038947637061707892,97.37480755888676
6328145,1,6309.86904,281915.53731710796,57453.76906953304,1020.7399061999623,339369.306386641,ALPHA MARE S.A.,0.003891325151400554,97.37869888403816
6318909,3,6335.5328,284148.2235103225,54366.76180713428,964.549135805335,338514.98531745677,Marakeb Ship Management DMCC,0.0038815292122825356,97.38258041325044
4257455,1,3517.59114,298834.22358132194,39186.373753802516,1308.92753125585,338020.59733512445,VestVind II GmbH & Co. KG,0.003875860389693117,97.38645627364014
6205815,1,4395.14027,288817.52171371545,48679.383892145284,1020.0995566314832,337496.90560586075,Venice Vessel Management Srl,0.0038698555602659597,97.3903261292004
6372488,1,5550.53706,284909.4804659348,52542.861937534144,265.2680256973636,337452.3424034689,"NH Schifffahrts GmbH & Co. KG MS ""Hasetal""",0.003869344583265298,97.39419547378367
6447263,1,6085.8052,280432.66814378096,56955.98254650588,8.06785705734854,337388.6506902868,FRONT MORGAN INC.,0.0038686142721830134,97.39806408805585
4201057,1,6070.02484,288177.70682047127,49041.313636075785,400.4468233482265,337219.02045654703,EVERGREEN SHIPPING HOLDINGS LTD,0.0038666692335994784,97.40193075728945
6395560,4,10399.07879,295862.596207901,40958.974126328205,681.4047730884337,336821.5703342292,Webulk Denizcilik Isletmeleri A.S,0.0038621119338428512,97.40579286922329
6383828,1,6061.42025,282522.5301461367,53997.658566243575,0.0,336520.1887123803,"Schiffahrts-Gesellschaft ""HANSA TROMSOE"" mbH & Co. KG",0.003858656188543556,97.40965152541183
1876255,3,5651.84447,285337.05847053876,51159.53923209678,141.48681193714913,336496.59770263557,Canbaz Denizcilik ve Nakliyat,0.0038583856859145944,97.41350991109775
6292248,2,6964.3938,296726.1321017064,38910.42724772881,271.64363022593324,335636.5593494352,AW SHIP MANAGEMENT LIMITED,0.0038485241904522884,97.4173584352882
0310059,1,4830.31346,276210.76096897625,58717.399895515264,620.1009271831637,334928.1608644915,Synergy Marine Copenhagen A/S,0.0038404014498573122,97.42119883673806
5998511,5,8114.0757,279914.94011546066,54874.269603170775,93.60603030958622,334789.20971863146,REK.NAV MANAGEMENT CO. LTD.,0.0038388081882437092,97.4250376449263
6101221,3,6214.12283,283855.48654820333,49983.024173640406,711.0415777320612,333838.51072184375,UMMS BULK & PROJECTS PTE LTD,0.0038279071466704433,97.42886555207298
6170421,1,5726.96,277309.95478127437,56395.46880695932,336.3560532072489,333705.4235882337,Sea 208 Leasing Co. Limited,0.0038263811238375043,97.43269193319682
6350696,1,7227.09597,295678.52334340656,37880.77232237445,227.04936223088959,333559.295665781,KIYOMI MARITIMA S.A.,0.003824705570835919,97.43651663876766
5557893,1,5001.25948,280274.64054510026,52922.04239355238,578.3407141498984,333196.68293865264,Argo Coral Maritime Ltd,0.0038205477286305752,97.4403371864963
6273331,1,6381.98298,276683.9067199342,56439.87164346806,0.0,333123.77836340223,POMAR MARINE CORP.,0.003819711779704184,97.44415689827599
6620007,1,5372.57576,284435.8530245301,48242.88678460972,0.0,332678.7398091398,CLYMENE SHIPPING LTD-MAI,0.0038146088146246864,97.44797150709061
6133756,1,5770.08825,280394.89324834064,51802.47073463757,0.0,332197.3639829782,Sole Seas Corporation,0.0038090891938918534,97.45178059628451
5806194,1,6219.76641,278200.99120674055,53856.88313053996,779.7304097858159,332057.8743372805,NOCC SHIPOWNING AS,0.0038074897576539602,97.45558808604216
6298318,1,5842.184,274654.2857574002,56959.81459738139,262.91525111622656,331614.1003547816,Elwy Shipping SA,0.0038024012925890974,97.45939048733474
6444578,2,5767.2331300000005,275666.6580524553,55944.98058409741,1346.0611757197944,331611.63863655267,YUYANGKUNPENG (SHANGHAI) SHIP MANAGEMENT CO. LTD,0.003802373065681479,97.46319286040043
6337660,3,11381.41286,276799.9618349957,53886.215159108084,506.9032150016036,330686.1769941038,Imelda Shipping Pte Ltd,0.0037917614042903493,97.46698462180471
6392070,2,8744.75031,271276.4030399097,59264.42966035489,137.57325172665793,330540.83270026464,El Faro Shipping Ltd,0.003790094836643879,97.47077471664136
5267193,2,6706.69553,278640.16886100924,51276.34323068852,92.7676134292037,329916.5120916978,"IMC Ship Management (Shanghai) Co., Ltd.",0.003782936161887695,97.47455765280324
5866471,1,6306.5109,271131.87041961803,58619.29514206391,0.0,329751.16556168196,JR Schifffahrts GmbH & Co.KG,0.0037810402417239116,97.47833869304496
6245183,1,5700.0489,277443.73134733975,52079.563373759345,0.0,329523.2947210991,"Schiffahrts UG (haftungsbeschrankt) & Co. KG MS ""JORK""",0.0037784273963176133,97.48211712044127
5716616,1,5870.2381,277845.96835664206,51434.69068741144,34.112231811168826,329280.6590440535,Nassau Energy Inc.,0.003775645252219883,97.48589276569349
6286893,3,6194.82819,274568.1328298954,54230.98732329599,6.746691055109249,328799.1201531914,"Huian Ship Management Co., Ltd.",0.0037701237617311276,97.48966288945522
5590070,3,3491.6546,290524.4211209768,38096.14814308216,69.07964702816889,328620.56926405896,BAT Schifffahrt GmbH & Co. KG,0.003768076435845697,97.49343096589106
6074211,2,6036.22335,285417.4574484919,43165.72687275144,2263.7727560233707,328583.1843212433,United Sails SA,0.003767647767237416,97.4971986136583
5540373,1,4042.50758,287698.6312647191,39864.049351749185,0.0,327562.6806164683,"Briese Schiffahrts GmbH & Co. KG MS""Hohe Bank""",0.0037559463208816156,97.50095455997918
5263191,3,6524.2676599999995,286230.74716685986,41079.057964089865,95.47131144862735,327309.8051309497,TGS SHIPPING SERVICES LTD,0.003753046763619209,97.5047076067428
6262924,1,5889.26642,270137.34445827524,56915.347541712086,0.0,327052.69199998735,Panbulk Shipping DMCC,0.003750098616057128,97.50845770535885
5959460,1,5508.4036,275237.25523113244,51199.87018549247,0.0,326437.12541662494,Taikun Shipping Co Ltd,0.0037430403179638085,97.51220074567681
6281138,1,5891.12118,288444.9277815885,37825.175566609694,0.0,326270.10334819823,SIGNUM DESTEK HIZMETLERI,0.003741125185500511,97.5159418708623
6458909,1,5899.83144,271020.6534475798,54627.86222969171,137.69441648057196,325648.5156772715,PINPOINT MARINE CORP.,0.0037339978475469664,97.51967586870985
0089141,1,6018.0375,270385.5059393699,55109.87945061678,1203.0863276890127,325495.3853899867,SEAJUSTICE SA,0.0037322420030226127,97.52340811071288
6417410,2,5779.20272,268405.8525024204,56661.020163707966,0.0,325066.8726661284,London Tower Shipping SA,0.0037273285287965576,97.52713543924168
5979167,1,6233.86324,267173.3238860187,57855.05801730746,56.02270526547386,325028.3819033262,Hydrangea Line S.A.,0.0037268871804760997,97.53086232642215
5108619,7,5705.650900000001,270302.62035129755,54667.55434248428,175.6609051786712,324970.1746937818,STATU GEMI KIRALAMA VE TICARET LIMITED SIRKETI,0.0037262197565982465,97.53458854617875
5057958,1,4985.40053,287025.0980402026,37639.18322666767,54.80796537848502,324664.28126687027,Densa Tanker Isletmeciligi Ltd,0.003722712277390823,97.53831125845615
5776058,1,5854.31578,268724.4452824353,55708.43684073474,0.0,324432.88212317,STI Elysees Shipping Company Limited,0.0037200589752478543,97.5420313174314
6205903,1,3989.50066,286186.631288184,38087.783268281106,0.0,324274.4145564651,Arche Maritime Limited,0.003718241931642569,97.54574955936303
0104847,1,6228.36032,285717.2099303805,37467.073033300076,1055.4848647886647,323184.28296368057,Aguimes Ship Management Limited,0.003705742107982895,97.54945530147101
6345801,1,5287.85896,265260.3042942028,57764.87939547267,0.0,323025.1836896755,GG TWO GmbH & Co. KG,0.003703917821004508,97.55315921929201
6446177,1,4102.73896,277155.8792530668,45656.12141290077,0.0,322812.0006659676,"XINGTONG PEACE SHIPPING CO., LIMITED",0.0037014733911565675,97.55686069268317
5614646,1,5206.01589,271381.1617918841,50159.84423489469,1037.7481747911786,321541.0060267788,Atlantides Shipping Co Ltd,0.003686899729621202,97.56054759241279
6379851,3,6022.09179,269480.5098359126,51605.17580831946,379.94063750226303,321085.6856442321,"Win Enterprise Ship Management (Ningbo) Co., Ltd",0.0036816788695634255,97.56422927128236
6418568,1,5527.8596,267712.2836738543,53350.29407701303,273.9670800897389,321062.57775086735,STI Mighty Shipping Company Limited,0.003681413906512985,97.56791068518888
6004129,1,6126.86874,270904.8795309978,50089.53803819979,666.6225705201712,320994.41756919754,Helios Maritime Inc,0.00368063235843464,97.57159131754732
5910925,1,4739.70346,270449.32355199737,49886.00640996897,132.53458270828483,320335.3299619663,"Anabuki Works Co.,Ltd. & Futurum Partners, Inc.",0.003673075033317933,97.57526439258064
0092724,1,6266.84028,267236.3403803194,52889.48751875404,0.0,320125.8278990734,"ZHOUSHAN ZHENGDA SHIPPING CO., LTD",0.0036706728106323124,97.57893506539126
6413496,1,5594.09926,264621.73822804284,55338.33517350897,0.0,319960.0734015518,STI MYTHIC SHIPPING COMPANY LIMITED,0.0036687722125728376,97.58260383760384
0610843,1,5455.36282,265784.35121766065,53672.843124285326,426.0698508238174,319457.194341946,"Ratu Shipping Co., S.A.",0.0036630060283719384,97.58626684363222
6401476,1,4690.52462,271298.4665012721,47833.84066540359,0.0,319132.3071666757,Genoa Shipping SA,0.0036592807603152673,97.58992612439253
5776248,1,5936.08836,264771.9245519026,54346.18598106851,0.0,319118.1105329711,STI Oxford Shipping Company Limited,0.0036591179768320227,97.59358524236937
0403635,3,17775.55474,265229.68339391606,53792.4458797241,0.0,319022.12927364017,"SUISSE-ATLANTIQUE, SOCIETE' DE NAVIGATION MARITIME S.A.",0.0036580174227115745,97.59724325979208
0359296,1,36915.5007,266009.8740973003,52383.91015890141,0.0,318393.7842562017,Arthur Park Shipping Pte Ltd,0.0036508126026995667,97.60089407239478
5615441,1,5675.05882,263863.719727427,54240.83432515771,42.970147361859254,318104.5540525847,LYNDA VICTORY AS,0.0036474961897397062,97.60454156858452
5817636,1,4428.7425,269885.2470480099,47772.61546502679,0.0,317657.8625130367,Briese Schiffahrts GmbH & Co. KG MS Suederbur,0.0036423742709625834,97.60818394285549
0357431,1,32468.61016,265061.345750682,52388.149003288156,2281.1609853761033,317449.4947539702,BALAM PARK SHIPPING PTE. LTD,0.00363998505459464,97.61182392791008
6410939,1,12274.3257,262152.3576748098,55272.495346306394,271.0949635295897,317424.8530211162,GOLDEN ERLING LTD.,0.0036397025040132403,97.6154636304141
4156333,1,5216.78113,265921.2634441122,51035.22064380525,0.0,316956.4840879175,Briese Schiffahrts GmbH & Co. KG MS Amdorf,0.0036343320247872427,97.61909796243889
5694369,1,4549.11566,262724.1964461905,53851.73986024213,82.65372554709664,316575.9363064326,Serangoon Park Shipping Co Pte. Ltd.,0.003629968533082089,97.62272793097196
6479989,2,5749.159100000001,263388.57755221886,52984.569033677704,93.84646457308423,316373.14658589655,"CENTURY SYNERGY SHIP MANAGEMENT CO., LTD",0.0036276432764218167,97.62635557424838
0193642,1,7961.27194,260126.57494408963,56180.88426583129,0.0,316307.45920992095,S Rumba Shipping Company Limited,0.0036268900823837793,97.62998246433077
6479051,2,5037.97267,262392.2097833125,53872.46574018108,559.6799749238003,316264.6755234936,Nortada Shipmanagement Lda,0.0036263995099250117,97.63360886384069
5853554,1,4774.48366,265878.8186150108,49882.43333495867,218.94715127932616,315761.2519499695,Solidity Maritime LLC,0.0036206270821403067,97.63722949092283
6044889,2,5593.11392,266242.01491094386,48865.870167848276,201.86239522702036,315107.8850787921,"XIAMEN DATONG XINLUYANG SHIPPING CO.,LIMITED",0.003613135352950137,97.64084262627578
0221955,1,9227.46924,270410.1520091241,44697.72832552072,819.689886332185,315107.8803346448,MES TRADE INVEST AG,0.0036131352985521127,97.64445576157433
5525249,1,5542.80098,265753.48140149924,49046.129593547565,0.0,314799.6109950468,Gerlia Shipping Company Limited,0.0036096005763129224,97.64806536215065
1585351,1,3660.13758,262609.54562444193,52036.66454949684,211.3934916966844,314646.2101739388,New Kronos Star Maritime Company. S.A.,0.0036078416297547354,97.6516732037804
6345792,1,5352.47662,264475.0069924492,50080.060080943884,0.0,314555.0670733931,Marguerita TWO GmbH & Co. KG,0.003606796551626409,97.65528000033203
5648400,1,3649.16805,272502.935587223,41491.19961801481,0.0,313994.1352052378,Navimat srl,0.0036003647139625514,97.65888036504599
6452520,3,5509.03156,261274.16292975468,52514.463987817,143.07428062669325,313788.62691757164,DAKILA SHIPMANAGEMENT CORP.,0.0035980082852768488,97.66247837333127
6447189,1,5571.4902,258562.52011670076,55082.98970072476,0.0,313645.5098174255,FRONT BEAVER INC.,0.0035963672553990323,97.66607474058667
6513561,1,5483.50716,264448.2294212297,49070.04799117772,0.0,313518.2774124074,"Global Shipping (Yang Pu) Co., ltd",0.0035949083648971433,97.66966964895157
1179757,3,5952.37118,259350.37878829023,53984.58929793522,0.0,313334.96808622545,INCE DENIZCILIK VE TICARET A.S.,0.0035928064771364237,97.6732624554287
6480434,1,4306.52362,276793.22836324805,36296.899759203196,0.0,313090.12812245125,Stella Tanker Gemi Isletmeciligi AS,0.003589999057929169,97.67685245448662
0382576,3,6429.475039999999,267624.6482951509,45342.901373114175,347.2179205423712,312967.54966826504,OCEANA SHIPPING AG,0.003588593531227673,97.68044104801785
1599727,2,4429.87725,268156.1541994243,44080.51872021766,184.8224337961049,312236.67291964195,Sea Pioneer Shipping Corp,0.0035802130471327127,97.68402126106498
6194298,1,5789.69556,260707.8487315225,51443.01289534601,1112.218200229483,312150.8616268685,"MS ""APUS J"" Shipping GmbH & Co. KG",0.0035792291053455224,97.68760049017033
5117594,3,4635.08406,262595.5579115571,48773.317561720236,173.50390731287666,311368.8754732773,JME Navigation SA,0.003570262583240399,97.69117075275356
0517691,1,5885.11966,258821.35439688276,52513.73561916841,0.0,311335.0900160512,Chios Navigation Hellas Ltd,0.0035698751875714876,97.69474062794113
6240770,5,7535.29905,274203.59935448586,35956.921032392296,449.07136589192964,310160.52038687817,FEYZ GROUP INC.,0.0035564071683544967,97.69829703510949
6221435,1,4763.62264,261912.283835784,47068.39686868256,232.96497668018003,308980.6807044666,Project Ceres One Limited,0.003542878720895085,97.70183991383038
5292320,2,9006.3643,255963.48412678007,52871.344121727336,362.75839409881246,308834.8282485074,IMC Ship Management Pte Ltd,0.0035412063264870274,97.70538112015687
6033500,1,5693.25406,254625.89007365739,54147.11561239927,0.0,308773.0056860567,Houndsditch Shipping Ltd,0.0035404974477296937,97.7089216176046
6390467,2,5270.7981199999995,258419.57614038693,49910.78291757287,0.0,308330.3590579598,"RJX SHIP MANAGEMENT CO.,LIMITED",0.0035354219092980192,97.71245703951391
6122646,1,5503.94334,257945.33278086252,50231.13738735937,349.732221678113,308176.47016822186,POS MARITIME YC S.A.,0.00353365736637711,97.71599069688028
0213601,1,5731.24625,258717.8147380143,49420.548647443225,580.0303010828528,308138.36338545755,"Briese Schiffahrts GmbH & Co. KG MS ""Harle""",0.003533220420903789,97.71952391730119
6284751,3,5628.66675,257054.54697035544,50838.96181756653,0.0,307893.508787922,OCEAN GREEN MARITIME PTE. LTD,0.003530412833900795,97.72305433013508
1084554,1,4841.77331,262903.3521602339,44782.848209764656,0.0,307686.2003699985,Lemar Shipping Inc,0.0035280357643026282,97.72658236589939
6141376,1,4820.84619,267326.7699034308,39712.00226688828,518.6569327261429,307038.77217031905,Lfonds Management Pvt. Ltd.,0.00352061212996173,97.73010297802935
6271101,1,5620.84538,254073.62390580872,52667.49229343603,0.0,306741.11619924475,SFL LION INC.,0.003517199104255197,97.7336201771336
6071591,1,5166.40626,250712.94271947473,55540.51266488249,413.3495544288579,306253.4553843572,"Kommanditgesellschaft MS ""2. CPO Savona"" Offen Reederei UG (haftungsbeschraenkt) & Co.",0.0035116074176806825,97.73713178455128
5776411,1,5645.0277,252980.47118833743,53222.980191756105,0.0,306203.4513800935,STI VENETO SHIPPING COMPANY LIMITED,0.0035110340545750625,97.74064281860585
6091152,1,5781.14598,253649.92915875692,52341.02959914171,95.59666544425562,305990.95875789865,"Schiffahrts GmbH & Co. KG MS ""Ronnie""",0.00350859754110825,97.74415141614696
5159401,2,6011.76646,257214.54550701933,48743.35909423932,731.1274325311203,305957.90460125863,Algoma Shipping Ltd.,0.0035082185307832997,97.74765963467775
0208570,3,5667.703799999999,254819.15158695623,50823.94022187242,0.0,305643.09180882864,"FUKUNAGA KAIUN CO., LTD.",0.0035046087790641216,97.75116424345681
0257953,1,10846.06266,252357.8552776231,52327.333793510516,0.0,304685.1890711336,Twenty-fourth New Shipping GmbH & Co KG,0.0034936251369207705,97.75465786859374
6478787,1,5398.57504,256023.81436853646,48155.334718042744,0.0,304179.1490865792,EB Tanker Corporation,0.0034878227084675995,97.7581456913022
0078283,2,5308.1626,253123.89515601355,50577.50993619759,238.56398136271955,303701.40509221115,MANTINIA SHIPPING COMPANY S.A.,0.0034823447315668332,97.76162803603377
6225971,3,5655.67553,257583.98423928866,46000.72207492674,1029.8897277669248,303584.70631421544,Aquarius Bulkcarriers Shipping Co Ltd,0.0034810066232541293,97.76510904265703
5915237,1,5692.62532,249878.54697384208,53542.3885442484,0.0,303420.9355180905,STI GRACE SHIPPING COMPANY LIMITED,0.0034791287709969197,97.76858817142802
6191801,1,6973.0681,303181.9097316,0.0,0.0,303181.9097316,Harzand Shipping Pte. Ltd.,0.003476388019145472,97.77206455944717
0137908,1,5796.81788,249849.06446014906,53075.28078727115,2.1221628154231,302924.3452474202,IBFL n. Thirthy Six Shipping Leasing Co. Ltd.,0.003473434696212211,97.77553799414339
5542366,1,4440.64986,251613.54923820827,51224.94283465095,0.0,302838.4920728592,Noordwijk Ocean Services BV,0.003472450274194045,97.77901044441758
5548586,1,5645.37712,259405.2456239389,43327.58662551134,0.0,302732.83224945026,Valerie Ship Management LLC,0.0034712387423301255,97.78248168315992
6119386,1,5068.7895,250332.2203672517,51899.50795579853,515.1524706126615,302231.7283230502,"NH Schifffahrts GmbH & Co. KG MS ""Ruhrtal""",0.003465492912416902,97.78594717607233
6281610,2,4781.8262,258621.27785578178,43366.2073485939,0.0,301987.4852043757,Neapoli Shipping Ltd,0.003462692336840772,97.78940986840917
1504922,1,5315.90318,262633.96231779293,39042.66659110446,0.0,301676.6289088974,ASP Ship Management UK,0.0034591279516759934,97.79286899636084
6499200,1,4730.79046,251466.49177839683,49796.898296944986,0.0,301263.3900753418,Brilliant Etude Corporation,0.0034543896131277265,97.79632338597396
5995944,1,4686.7963,259367.80374905438,41769.60886872089,0.0,301137.41261777526,BREB Schiffahrts GmbH & Co. KG MS Duhnen,0.0034529451122848023,97.79977633108625
6251156,3,5507.84608,252198.92121737858,48747.50456468742,151.71486055021998,300946.425782066,Silver Top Shipping Co Ltd,0.0034507551915601065,97.80322708627781
0216760,1,5870.13568,252755.03496200565,48162.00318136391,0.0,300917.03814336954,HANJIN Logistics Corporation,0.003450418222790546,97.8066775045006
6404100,1,5778.1426,253763.59111334497,47137.639088037846,0.0,300901.23020138283,Bukit Timah Park Shipping Pte Ltd,0.0034502369634925264,97.81012774146409
5959911,1,4602.92538,260961.05309531896,39576.52467777121,0.0,300537.57777309016,Phrygia Shipping Ltd,0.0034460671997161556,97.8135738086638
0076361,3,7799.98794,249454.97371132986,51046.57167508679,461.8170928633508,300501.54538641666,Hope & Faith Maritime Ltd,0.0034456540399816454,97.81701946270378
6451212,1,4970.88878,249004.42153608843,51466.14659254152,500.01514063157,300470.56812862994,WINWELL SHIPPING LIMITED,0.0034452988440930414,97.82046476154788
5476329,2,5922.33177,254033.06506046714,46292.79314949307,398.50829279163776,300325.8582099602,ALISON MANAGEMENT CORP.,0.00344363955041038,97.8239084010983
6222889,1,4614.40542,265391.42434170214,34801.15461083221,233.82772029152693,300192.57895253436,Westport Tankers SA,0.0034421113246197116,97.82735051242291
4211141,1,5619.78452,249447.4119359039,50381.06370543754,0.0,299828.4756413414,NT SUEZ ONE LLC,0.003437936390864981,97.83078844881378
0252379,1,10055.23626,249782.5860812443,49837.73679487058,211.46289750550537,299620.32287611486,Nexmar Shipping Ltd,0.0034355496396903267,97.83422399845347
6105705,1,4277.50932,264313.544694516,34660.30413968702,0.0,298973.84883420303,HX Finance II AS,0.003428136946050458,97.83765213539952
1998608,1,5739.62796,249971.84540107817,48683.323115838444,170.91117430009163,298655.16851691663,TINOS SHIPPING CORPORATION,0.003424482847961516,97.84107661824748
0288947,2,10612.31477,254581.90417494334,43201.610217368376,0.0,297783.5143923117,INTRESCO LIMITED,0.0034144881620704684,97.84449110640955
0179241,1,5105.6546,249840.12557676158,47904.747085455616,456.6888941507581,297744.8726622172,MDS Ariadne Inc,0.00341404508270713,97.84790515149226
5873835,1,5834.77796,258225.6400905542,39315.53690465443,151.19727390117816,297541.1769952086,AZORA MARINE COMPANY,0.003411709438153115,97.85131686093041
5278771,1,4571.41522,262131.5923139811,34372.84864251681,0.0,296504.4409564979,SOCIETE ALSACE CROISIERES S.A.-CROISIEUROPE,0.0033998218662752914,97.85471668279669
6448479,1,5337.74348,250161.9704044486,46279.60287135168,0.0,296441.57327580027,OCEANIC BREEZE HOLDING RSC LIMITED,0.003399101003832799,97.85811578380053
6177992,1,4919.83764,247698.28943006432,48637.54104774644,219.8691336245455,296335.83047781076,Chemtrans Nova UG (haftungsbeschrankt) & Co. KG,0.003397888520553809,97.86151367232108
5980571,1,5493.51227,248918.179406649,46484.54835776586,0.0,295402.72776441486,SFL Trinity Inc.,0.003387189244015993,97.86490086156509
5142972,1,5599.60217,247901.2042917695,47058.30929812568,27.618276817027073,294959.5135898952,"Beteiligungs- KG MS ""BUXLINK"" Verwaltungs- und Bereederungs GmbH & Co.",0.0033821071979018976,97.868282968763
0528783,2,5628.49266,242415.838366903,52446.5775825903,209.70034551558723,294862.4159494933,"YANO KAIUN CO., LTD.",0.0033809938429722472,97.87166396260596
5437998,5,5771.817279999999,246232.4306408912,48278.53175052878,193.4228550210507,294510.96239142,ISKELE DENIZCILIK TICARET LTD STI,0.0033769639556361134,97.8750409265616
6082622,1,4622.83502,250964.73599362024,43536.45807827533,189.4917205947637,294501.19407189556,World Seashore Sailing Inc.,0.0033768519487258333,97.87841777851033
5877271,1,5731.91028,244201.70697253742,49695.21235019939,363.8279047852067,293896.9193227368,SUNGEI PARK SHIPPING CO PTE. LTD.,0.003369923126685932,97.88178770163701
5214515,3,5240.47613,248630.6322980381,44977.500936468256,114.60943268105437,293608.13323450636,NYK Energy Ocean Shipmanagement Pte Ltd,0.003366611806105793,97.88515431344311
6420833,1,4613.45238,251768.90247793598,41373.75648968657,166.92952476857235,293142.65896762256,"XINGTONG PROGRESS SHIPPING CO., LIMITED",0.0033612745181190264,97.88851558796122
6206141,3,5309.23404,247498.99106964984,45594.02134628204,67.35037591466458,293093.0124159319,Asia Pacific Shipping Co Ltd,0.0033607052536875105,97.8918762932149
5880559,2,10566.10485,244729.18094936758,48108.557005985946,221.3422892477187,292837.7379553535,V.Ships (Shanghai) Limited,0.0033577781889522363,97.89523407140386
5621339,1,4573.6207,254530.2613520731,37877.17375808714,0.0,292407.43511016027,POSEIDON S.A.,0.003352844188579462,97.89858691559245
5955091,1,5554.0081,240669.59920740605,50980.07046705144,817.83220955546,291649.6696744575,WISDOM S.A.,0.003344155389553387,97.901931070982
6394805,2,4386.91878,249932.57446176352,41652.375025126305,387.93095909229163,291584.9494868898,Sigma Shipping Ltd-MAI,0.0033434132856301796,97.90527448426764
5773901,2,5224.00817,245339.7070245481,45369.047899838864,0.0,290708.754924387,TOEI KOREA LTD.,0.003333366537517069,97.90860785080515
6467796,1,4445.98462,256785.42473371816,33673.13949362118,0.0,290458.56422733935,Seacontractors Holding BV,0.003330497764962374,97.91193834857012
6179971,1,4679.27356,244060.29641995617,45939.97835522689,0.0,290000.27477518306,"NH Schifffahrts GmbH & Co. KG MS ""Werratal""",0.0033252428605316073,97.91526359143064
0126483,1,5357.4857,241839.62870072777,48089.811450168694,411.81423509565184,289929.44015089644,M Vessel Management Ltd.,0.003324430646374672,97.91858802207702
0091160,1,5146.20778,239449.52742878324,50093.09322582304,552.7045857193299,289542.62065460626,CHEMTRANS MOBILE AS,0.0033199952410311756,97.92190801731805
5352099,1,4562.70182,240847.53667788574,48215.379705078325,0.0,289062.91638296406,Sea Eagle GmbH & Co. KG,0.003314494786917188,97.92522251210497
5959907,1,4966.57477,242451.08502465457,46406.91313540986,0.0,288857.99816006445,Eemslift Nelli B.V.,0.0033121451241169783,97.92853465722908
6217336,1,6591.78616,287980.2800015985,0.0,0.0,287980.2800015985,Hannibal Shipping Pte Ltd,0.003302080905928701,97.931836738135
6279809,1,4872.91076,243028.33453052441,44438.88640061583,962.3148923946457,287467.22093114024,"SAL Shipping GmbH & Co. KG IMC ""INDUSTRIAL COLOR""",0.003296197994223204,97.93513293612922
6263057,1,5578.14782,238782.0599358183,48459.57297902612,159.7106400001952,287241.63291484443,CL Nanhu Ltd,0.003293611324465078,97.93842654745369
0654197,1,4488.07252,242970.91482046215,44085.2304147129,270.9379427347836,287056.14523517503,Vipima Societa di Navigazione S.p.A.,0.003291484458954294,97.94171803191264
4321496,1,4607.62672,240297.53114192202,46752.215524521715,0.0,287049.74666644377,Nordic Italia 2 Schifffahrtsgesellschaft mbH & Co. KG,0.0032914110907652197,97.94500944300341
6148223,3,3813.9217200000003,253711.8055673794,33269.23110648759,0.0,286981.03667386697,Mainport Seismic Support Limited,0.0032906232383659753,97.94830006624179
6467164,1,4784.29234,250565.24385527647,36381.44676785403,736.3466080289455,286946.6906231305,CONBULK MARINE S.A.,0.0032902294147391267,97.95159029565653
6078523,1,5210.47686,237862.54175741086,48810.670546422596,0.0,286673.21230383345,SEASPIRE MARITIME INC.,0.0032870936183008043,97.95487738927483
0138631,1,4702.48582,240768.6430887715,45855.22669795201,0.0,286623.8697867235,ANJI NO 1 SHIPPING SHANGHAI,0.0032865278400343264,97.95816391711486
1822729,1,5479.82972,237962.66710604038,48435.73151402589,0.0,286398.39862006623,Third Millenium Shipping Ltd,0.003283942510114332,97.96144785962497
6492851,1,4807.42919,243625.80399110867,41920.49197951328,0.0,285546.2959706219,SELECT DEVELOPMENT LTD,0.0032741720081598032,97.96472203163313
6447175,1,4980.67926,237810.97964105292,47641.12715872124,0.0,285452.10679977416,FRONT GANDER INC.,0.0032730920027420718,97.96799512363587
0055269,1,5239.385,236763.88655488918,48486.32433485704,0.0,285250.2108897462,HEROIC PISCES INC,0.003270776994820402,97.9712659006307
5890011,1,5200.6418,235220.93095842705,49919.20064113014,0.0,285140.1315995572,STI STABILITY SHIPPING COMPANY LIMITED,0.003269514787830849,97.97453541541853
0019249,1,5293.2483,234874.3992829586,49776.65729215025,0.0,284651.05657510884,Zitara Ltd.,0.003263906885443267,97.97779932230397
5477389,1,5039.6004,236788.21064813665,47535.521504757824,122.72788491678573,284323.7321528945,LONGWELL SHIPPING LIMITED,0.0032601536710751434,97.98105947597504
0220121,2,15581.34983,232851.19491291896,51325.04149038349,1681.1276068664774,284176.23640330246,NMB Nemophila Ltd,0.003258462434097283,97.98431793840915
5368925,2,5459.99376,246049.26848567167,37892.25474753606,141.6926794843068,283941.52323320776,Konan Denizcilik ve Ticaret Ltd.Sti.,0.0032557711321882237,97.98757370954134
6384619,1,5161.78086,234877.5740222875,48027.90999563475,236.55666282869186,282905.48401792225,GOLDEN STAR LTD.,0.00324389155032738,97.99081760109166
5641243,1,4862.14976,234048.79629944917,48788.722098724276,211.74314974919596,282837.51839817344,Ultrabulk A/S,0.0032431122331629167,97.99406071332483
6275182,1,4774.06451,237012.25192612002,45497.79959054316,43.60348862714549,282510.05151666317,SAL Shipping GmbH & Co. KG IMC “INDUSTRIAL CONFIDENCE”,0.003239357385307525,97.99730007071014
4084929,1,2936.23433,249445.50811175723,32710.017005593014,167.4257714004033,282155.5251173502,"TMS ""SEALING"" GmbH & Co KG",0.003235292263717212,98.00053536297385
6060314,1,5346.1591,234211.69602284263,47632.90278296825,0.0,281844.5988058109,Glorious & KSK (Panama) S.A,0.003231727075724204,98.00376709004958
4320759,1,3154.73606,249078.90685054983,32663.779383870264,0.0,281742.6862344201,"MS ""Baas Bay"" Schifffahrtsgesellschaft UG  (haftungsbeschrankt) & Co. KG",0.0032305585111403307,98.00699764856071
6316381,1,5271.3438,242527.48690639617,39209.95503555473,184.25401550153072,281737.4419419509,NIMUS CRUDE CARRIERS S.A.,0.0032304983782797487,98.010228146939
5958308,1,4860.70742,233714.89986562886,47881.140088026295,0.0,281596.03995365516,STI LEBLON SHIPPING COMPANY LIMITED,0.0032288770144641116,98.01345702395346
5021892,2,4999.458619999999,232067.16427863648,49379.02620681419,0.0,281446.1904854507,Primerose Shipping,0.0032271587889393678,98.01668418274241
6328101,1,5365.53106,232448.4719654588,48976.404955633276,1292.5287680565293,281424.87692109204,FORUM MARE SA,0.0032269144002822505,98.0199110971427
5949344,3,4537.36146,232308.82591209785,49049.24183967114,0.0,281358.067751769,FIBER MARINE SHIP MANAGEMENT & TRADING CO.,0.0032261483433759877,98.02313724548607
0106239,1,5024.8588,238642.79107920924,42568.84302235772,0.0,281211.634101567,Dalian Schifffahrtsgesellschaft mbh & Co. KG,0.0032244692847949114,98.02636171477086
6195075,1,5311.03344,235611.72718246232,45235.79234742298,241.79092571212476,280847.5195298853,"MS ""DELPHINUS J"" Shipping GmbH & Co. KG",0.003220294221923545,98.02958200899278
6206915,1,5113.98412,232463.94128,48285.052564837686,0.0,280748.9938448377,MS TANIA GmbH & Co. KG,0.0032191644925429865,98.03280117348532
6022187,2,4362.6908,239227.6864651862,41313.13740653577,0.0,280540.823871722,Shayarco SAL Offshore,0.0032167775440567594,98.03601795102938
5158054,1,3603.91008,245429.9742850928,34859.934554769854,0.0,280289.9088398626,Briese Chartering GmbH & Co KG,0.0032139004660300665,98.03923185149542
0091902,1,4459.56366,232470.07582447262,46810.55353425072,0.0,279280.62935872335,"Briese Schiffahrts GmbH & Co. KG MS""Jennelt""",0.0032023277204816666,98.0424341792159
0115268,1,5107.07144,246712.88755231607,32352.719026023187,480.10750577458026,279065.60657833924,Rotra Horizon B.V.,0.003199862195351119,98.04563404141125
6511596,1,4582.8902,237006.80466131482,41958.28850341732,0.0,278965.09316473216,Dee4 VesselCo 8 K/S,0.0031987096739914626,98.04883275108524
6486606,1,4782.54342,230148.58103472934,48438.144692808404,0.0,278586.72572753776,ALPHA 6 LIMITED,0.003194371182863605,98.0520271222681
5392491,1,4726.05229,237272.60773644331,41299.90825435728,0.0,278572.5159908006,"MS ""BF LETICIA"" Foroohari Schifffahrts GmbH & Co. KG",0.0031942082491364836,98.05522133051724
0002713,1,4327.83688,229933.29004175743,48471.660776239856,0.0,278404.9508179973,BOLLARD MARITIME S.A.,0.00319228688925167,98.05841361740649
6235289,1,5328.06964,230757.8064607494,47632.21327838884,544.2308394211432,278390.0197391382,ORION SUN INC,0.0031921156843677623,98.06160573309086
5443149,3,4744.645439999999,233372.51395626296,44746.042753342335,127.55304613643216,278118.55670960527,GENIMAR SHIPPING & TRADING S.A.,0.003189002995934786,98.0647947360868
6341857,1,4508.32938,230046.9961725416,47991.69596042322,0.0,278038.69213296485,SFL Albany Inc,0.0031880872412394195,98.06798282332804
6065981,3,5357.077859999999,232783.93070744764,45245.01793200956,153.62063619209957,278028.94863945723,EC DENIZCILIK VE NAKLIYAT TIC.LTD STI,0.0031879755189927837,98.07117079884704
6506511,1,5182.88121,233949.02266130463,44079.188721993356,0.0,278028.211383298,Sunny Lakes Shiping LLC,0.003187967065360173,98.0743587659124
6032798,1,3204.62884,242472.12563716716,34956.074646914414,0.0,277428.20028408157,"Briese Schiffahrts GmbH & Co. KG MS ""Caelum""",0.0031810871317964695,98.07753985304419
1083803,1,4958.7236,236629.71834985385,40356.785151341,71.23093894916397,276986.5035011949,GENERAL MARITIME ENTERPRISES CORP.,0.0031760224846165575,98.0807158755288
5935708,1,2983.05476,244862.72389131863,32109.284730049512,0.0,276972.00862136815,"Briese Schiffahrts GmbH & Co. KG MS ""Norma""",0.003175856281340732,98.08389173181014
6510023,2,4271.06437,238632.46829152244,38296.69682156683,44.725379669283065,276929.16511308926,East Sun Maritime Management JSC,0.003175365022944046,98.08706709683308
6161878,2,3790.6291499999998,243151.80869791663,33416.21844395645,0.0,276568.0271418731,LLC INTEGRATED TRANSPORT MANAGEMENT GROUP UKRAINE LTD,0.003171224090797053,98.09023832092387
6503769,1,4990.643,229337.63860155424,46988.04500648773,0.0,276325.68360804196,SFL Tucana Inc,0.0031684452965138657,98.09340676622038
6379281,2,4003.76688,240376.35846674204,35844.821674848106,0.0,276221.1801415901,YAKA GEMI ISLETMECILIGI SANAYI VE TICARET A.S.,0.0031672470238364027,98.09657401324422
6032784,1,3736.23024,240776.0222126171,35181.084434762364,0.0,275957.10664737946,Briese Schiffahrts GmbH & Co. KG MS Antila,0.0031642190663561543,98.09973823231059
0059774,1,2964.74152,243839.40694366134,32116.66017624922,0.0,275956.06711991056,"Briese Schiffahrts GmbH & Co. KG MS ""Wiesens""",0.0031642071467767783,98.10290243945737
6382321,1,4598.97265,229756.19191900507,46131.19349435874,261.06653167016066,275887.3854133638,Tamar Ship Management Pte Ltd,0.0031634196187148795,98.10606585907608
5554810,3,5099.36385,233652.25801945344,42101.06459468987,124.13011973268617,275753.3226141433,PL SHIPPING Co,0.0031618824085645914,98.10922774148464
1708871,1,4549.69843,229584.06276878013,45725.65345584114,135.82989832223294,275309.7162246213,"DONGKUK MARINE CO., LTD.",0.003156795865178424,98.11238453734983
0339731,1,16705.15256,225726.57438118334,49123.14849480452,0.0,274849.7228759879,"MS ""Margreet Schepers"" HS Schiffahrts UG (haftungsbeschrankt) & Co. KG",0.0031515214232848052,98.11553605877312
5045513,3,5114.10838,227606.73198029876,47009.39936411801,272.0250768240087,274616.13134441676,"P&F MARINE CO., LTD.",0.0031488429824687073,98.11868490175559
0303247,1,4366.50907,229878.2244132259,44624.71149458333,0.0,274502.93590780924,Tianjin Fanjia Taihe Leasing Co Ltd,0.0031475450446729046,98.12183244680025
5913540,1,3403.42548,242393.751118358,31786.812847512912,509.9094445497252,274180.5639658709,"Hermann Lohmann Schiffahrts GmbH & Co. KG MS ""ELEONORA""",0.003143848617146423,98.1249762954174
4088691,1,5197.01398,224661.19404888785,48809.161680071804,0.0,273470.35572895966,SANSHA SHIPPING S.A.,0.0031357051253131456,98.12811200054271
6018882,1,4271.97932,225894.90437853726,47411.52361270824,0.0,273306.4279912455,AS CYPRIA OpCo B.V.,0.0031338254735097134,98.13124582601623
5391459,1,3058.6843,241297.4890763098,31642.21540201363,103.37258689652582,272939.70447832346,CV Scheepvarrtonderneming Robijn,0.00312962049562106,98.13437544651185
6026233,1,4526.41076,228452.83017020643,44307.23625806695,0.0,272760.0664282734,INFINITE FUTURE SHIPPING INC.,0.0031275607039747523,98.13750300721583
6313770,1,5003.84942,226466.83320139477,46266.152142636245,15.572080334686843,272732.985344031,"MS ""Hammonia Revolution 2.0"" GmbH & Co. KG",0.0031272501829516177,98.14063025739878
6505681,1,3791.72674,230850.13386121183,41411.33298854579,0.0,272261.4668497576,OAKTREE ONE SHIPPING INC,0.0031218435897754325,98.14375210098856
6295741,1,3252.74348,240468.14300971685,31534.338144549492,791.6522863252711,272002.48115426634,"Hermann Lohmann Schiffahrts GmbH & Co. KG MS ""FREDERIK""",0.0031188739707446243,98.14687097495931
5809914,2,5910.52125,231343.15720136382,39921.21430508092,253.30396537679377,271264.37150644476,ADALINE DENIZCILIK SANAYI TICARET LIMITED SIRKETI,0.0031104105517405873,98.14998138551105
6349353,1,5238.7466,223166.8781434983,47527.76948461082,339.9430605244501,270694.6476281091,Charlotte International Maritime S.A.,0.00310387790186507,98.15308526341292
6417091,1,4479.95084,226146.44958635047,44367.33118445443,0.0,270513.7807708049,"Briese Schiffahrts GmbH & Co. KG MS""Robinsbalje""",0.0031018040202922897,98.15618706743321
1960855,1,5167.1644,222536.68771422448,47821.40166414702,124.73522132177813,270358.0893783715,XT MANAGEMENT LTD,0.003100018809255725,98.15928708624246
0661640,2,4838.52994,224387.8886662898,45600.583310796355,0.0,269988.47197708616,Reederei Zurich AG,0.0030957806490481002,98.1623828668915
6504254,1,3866.20702,230528.32046658752,39224.209121112464,0.0,269752.5295877,"Briese Schiffahrts GmbH & Co. KG MS ""Rhaude""",0.003093075252488006,98.165475942144
4198471,1,4637.28,221187.31730665234,47994.28215681536,249.84007402128162,269181.5994634677,Ransas Shipping Ltd,0.0030865287713822986,98.16856247091538
5997985,1,4945.10098,223299.99291616326,45565.29615898729,53.09033899050861,268865.28907515056,"BEST SEA LINE CO., LIMITED",0.0030829018477137645,98.1716453727631
1258438,5,5091.77217,227761.55765429907,39718.990830958064,58.812509835924835,267480.54848525714,H&J MARINE INC.,0.003067023935998677,98.17471239669909
6332377,1,3748.07048,236321.41267675208,30990.219817207148,601.9335315195962,267311.6324939592,Schifffahrtsgesellschaft Hilda B mbH & Co. KG,0.003065087087164556,98.17777748378626
5405961,1,4645.12479,228260.83957208984,39038.69032446605,208.36102633667332,267299.5298965559,Briese Schiffahrts GmbH & Co. KG MS Westermoor,0.003064948314621528,98.18084243210087
6486654,1,4314.45604,224769.23288342822,42260.278190949284,551.2478523216732,267029.5110743775,TIGER SHIP MANAGEMENT COMPANY LIMITED,0.003061852185966637,98.18390428428684
6350705,1,7707.63436,266859.651654624,0.0,0.0,266859.651654624,MINNEOLA MARITIMA S.A.,0.003059904519457468,98.1869641888063
6259029,1,4428.67222,235825.71157947814,30924.944998869258,0.0,266750.6565783474,HX Vessels AS,0.003058654744437417,98.19002284355074
5588887,1,4985.20446,226771.1596186719,39330.317185224325,0.0,266101.47680389625,ERAS TASIMACILIK TAAHHUT INSAAT VE TICARET A.S.,0.003051211025937948,98.19307405457667
1301668,1,2712.39108,230429.89505196852,35666.18624586044,0.0,266096.08129782893,HELMER LUNDSTROM Ab Oy,0.003051149159210259,98.19612520373587
0724762,1,3352.53184,234824.7766715211,31192.231244536015,0.0,266017.00791605713,"TRANSPORTES MARITIMOS ALCUDIA, S.A.",0.0030502424766272905,98.19917544621251
0191796,1,4494.99542,234884.32108671093,30962.66003387096,708.3655416496775,265846.9811205819,Peonies Shipmanagement - FZE,0.0030482928909305483,98.20222373910343
5734229,1,5083.80764,221066.70864521587,44548.27586342578,614.240455825104,265614.98450864165,GOLDEN PEARL LTD,0.003045632738011314,98.20526937184144
6268751,2,3451.03458,234782.2885157658,30786.709549591695,115.09689399722983,265568.9980653575,JEB2 Partnership GmbH & Co KG,0.0030451054416412316,98.20831447728308
6260640,1,5141.73874,221765.81139189514,43420.280148577775,186.38497413647866,265186.09154047293,FORZINA SHIPPING COMPANY LIMITED,0.003040714903773257,98.21135519218686
0189662,1,8079.44887,228680.58564683743,34935.342586863924,1216.450570890261,263615.9282337013,Dynaverse Limited,0.003022710871433086,98.21437790305829
6163168,1,4898.1581,216350.46133979625,46793.34061084922,332.6553075509667,263143.80195064546,Synergy Korea Co Ltd,0.003017297309141747,98.21739520036743
0029691,1,3523.83194,217534.77588578477,45511.218157776726,0.0,263045.9940435615,ATLANTIC FEEDER III AS,0.0030161758100501115,98.22041137617748
6437001,1,4173.66686,220003.49634470185,42764.38456001133,0.0,262767.8809047132,CHEM TANK SHIPPING XI AS,0.003012986869177237,98.22342436304666
5008177,3,4718.78831,223105.4205591972,39625.06153867311,0.0,262730.4820978703,Sea Pioneer Denizcilik Ve TIC. LTD. STI.,0.0030125580415992525,98.22643692108826
6193913,1,4581.32795,224029.44810778336,38472.154843660326,777.8496875634604,262501.6029514437,VALLOEBY LASCAUX LTD,0.003009933634611467,98.22944685472288
6276662,1,4518.46088,220190.08640283614,42082.12105828757,0.0,262272.2074611237,Nordic Kylie GmbH & Co. KG,0.003007303307047067,98.23245415802992
6299792,1,4697.55201,220355.21277642524,41415.75794554682,356.9416266880801,261770.97072197206,Briese Schiffahrts GmbH & Co KG MS Marienchor,0.0030015559542571697,98.23545571398418
6264069,1,3003.73708,229436.06996296885,32226.84403759167,281.83976930273303,261662.91400056053,"Hermann Lohmann Schiffahrts GmbH & Co. KG MS ""NELLI""",0.003000316938736634,98.23845603092292
0001278,1,4288.51799,207789.51210694574,53417.39610366044,347.2102561810288,261206.90821060617,SFL Chemical Tanker III Inc,0.0029950882195618595,98.24145111914248
6261064,1,4928.08114,215277.70443228187,45898.25168570218,0.0,261175.95611798405,Gram Car Carriers Shipowning 3 AS,0.0029947333122256857,98.2444458524547
5644441,1,4942.31038,217667.4624891638,43488.51695024573,112.30058742402397,261155.9794394095,Danhil Shipping Ltd,0.002994504252760626,98.24744035670746
6299815,1,4193.06972,220921.14722927872,40202.64175488437,0.0,261123.78898416308,Sea Orion Shipmanagement S.A.,0.0029941351459328185,98.25043449185338
6173031,1,2981.88108,229167.24761474025,31951.10608907064,0.0,261118.3537038109,"Hermann Lohmann Schiffahrts GmbH & Co. KG MS ""NATALIE""",0.002994072823139504,98.25342856467653
0011892,1,2714.58432,230615.40279329644,30241.46327190363,330.4167518323002,260856.86606520007,M/S ELLI Schifffahrts- GmbH & Co. KG,0.0029910745159686504,98.2564196391925
0213615,1,7580.59512,219684.4210246981,41123.33320327151,983.5764434559969,260807.75422796962,"Briese Schiffahrts GmbH & Co. KG MS ""Arle""",0.0029905113827569845,98.25941015057526
6391655,1,4811.29768,220153.47962796767,40622.23121164936,67.57005770855953,260775.71083961704,ROOT SHIPPING CO.,0.002990143962248748,98.26240029453751
6417485,2,3796.1476700000003,230489.57114620457,30225.410953397903,0.0,260714.98209960246,Sunstone Ship Management Unipessoal SA,0.0029894476256355526,98.26538974216315
6384137,4,5749.5491,218285.55288839695,42313.270974802756,103.16279918630482,260598.8238631997,"Shanghai AM Shipping Co.,Ltd",0.0029881157153586074,98.2683778578785
6268469,1,4870.83248,214927.4848939751,45508.60164030275,175.07841397606978,260436.08653427786,Briese Schiffahrts GmbH & Co. KG MS Moorweg,0.002986249713191682,98.2713641075917
6018057,1,3383.02778,227206.21189585168,32995.23670136492,0.0,260201.4485972166,"Briese Schiffahrts GmbH & Co. KG MS""Aries""",0.0029835592739304514,98.27434766686562
0020286,1,4774.64512,259971.7790040675,0.0,0.0,259971.7790040675,Heroic Perseus Ltd,0.0029809258034087694,98.27732859266904
5935711,1,2987.15844,229775.1621970931,30132.228256395094,0.0,259907.3904534882,"Briese Schiffahrts GmbH & Co KG MS ""Auriga""",0.0029801875021492966,98.28030878017118
5776353,1,4862.0956,214017.76703478053,45545.407237553925,0.0,259563.17427233444,STI SLOANE SHIPPING COMPANY LTD.,0.0029762406010653292,98.28328502077225
4128565,1,4546.65302,229331.2101154686,30071.878347069007,447.7031031755781,259403.0884625376,"Hamburg Offshore AHT ""Pegasus"" GmbH & Co. KG",0.002974405002128356,98.28625942577439
4320762,1,3085.32616,229314.86832105296,30071.580013985724,0.0,259386.44833503867,"MS ""Baas Sound"" Schifffahrtsgesellschaft UG  (haftungsbeschrankt) & Co. KG",0.0029742142007051263,98.2892336399751
6262491,1,4744.12482,225223.87730361137,33977.12703054614,0.0,259201.0043341575,Onego Duero CV,0.002972087836030346,98.29220572781112
6114575,1,3221.00408,228394.28056897278,29951.221197350176,128.813285640432,258345.50176632297,"Hermann Lohmann Schiffahrts GmbH & Co. KG MS ""POSEIDON""",0.002962278349442571,98.29516800616057
6032771,1,3505.82228,225823.15798823873,32216.765853153312,0.0,258039.92384139204,Briese Schiffahrts GmbH & Co. KG MS Bootes,0.0029587744878893344,98.29812678064846
5983544,1,2860.16878,228003.57524595657,29899.930693790608,258.9101294491169,257903.50593974718,"Hermann Lohmann Schiffahrts GmbH & Co. KG MS ""EMMA""",0.0029572102733249005,98.30108399092178
0114901,1,4111.62974,213931.20462791887,43559.57410568535,0.0,257490.7787336042,Acacia Shipping Company N.V.,0.0029524778012724583,98.30403646872306
6442713,3,6851.612950000001,212593.21213948837,44271.5438718636,0.0,256864.75601135197,Su-Nav International Pvt Ltd,0.0029452996094955245,98.30698176833255
6084147,1,2946.7949,226973.9062710147,29762.773241481398,341.17655593315635,256736.6795124961,"Hermann Lohmann Schiffahrts GmbH & Co. KG MS ""AMISIA""",0.0029438310403234694,98.30992559937287
5333222,1,4521.04374,221426.14996447408,35074.37884393888,0.0,256500.52880841296,Silver Star Ship Management,0.0029411232551554353,98.31286672262803
4071110,1,4449.25761,210997.9094496439,45017.75749546312,639.8381281941769,256015.66694510702,"REITAKU KAIUN CO., LTD.",0.002935563662322111,98.31580228629035
0111469,1,3958.96858,212179.84527737685,43777.05485755447,343.61160745914253,255956.90013493132,MS 'Ran J' Shipping GmbH & Co. KG,0.0029348898218710135,98.31873717611222
6387922,1,3371.6421,216923.63474202677,39029.44277461093,0.0,255953.07751663768,Oceanic Express Ship Management Private Limited,0.002934845990415339,98.32167202210263
6273172,1,3674.88816,224348.02644558018,31540.92025289841,0.0,255888.9466984786,"MS ""Vogelsand"" Schifffahrts GmbH & Co. KG",0.0029341106444044124,98.32460613274704
6332350,1,3456.26036,226152.7311016296,29655.975138282305,646.7220611621256,255808.7062399119,Schifffahrtsgesellschaft Talina B mbH & Co. KG,0.002933190579717641,98.32753932332675
6371697,1,4733.3484,220961.1708630128,34559.34651152331,320.6008967019345,255520.51737453614,RAFFLES BULK SHIPMANAGEMENT PTE LTD,0.0029298861071000945,98.33046920943384
5150615,1,2894.79358,225437.777595946,29561.27891613412,616.3911674517175,254999.05651208013,"MS ""Delfin"" GmbH & Co. KG",0.0029239068575587874,98.3333931162914
6394425,1,4925.70388,211394.96170269127,43521.428195699285,0.0,254916.38989839057,"Shanghai Detail shipping Co., LTD",0.002922958973743199,98.33631607526515
6363211,2,2644.5332200000003,224664.26599360642,29459.757280982245,0.0,254124.02327458866,Amber Offshore Sp zoo,0.002913873425597552,98.33922994869074
0790941,1,3543.67502,218220.3590173502,35300.872260294076,0.0,253521.23127764426,Atasoy Kardesler Uluslararasi Kara ve Deniz Nakliyati A.S.,0.002906961605304351,98.34213691029605
5140260,1,10949.40624,208567.14738728973,44749.684329341806,377.61439068505854,253316.83171663154,"CONTI 18. Container Schiffahrts-GmbH & Co. KG MS ""CONTI CORTESIA""",0.0029046178896596666,98.3450415281857
6440218,1,2634.46638,223809.03862285087,29350.29780145567,0.0,253159.33642430653,HEBO-Lift 10 B.V,0.002902811994486715,98.34794434018019
6050370,1,13917.77636,207148.97765142922,45791.81834825628,299.7589497487671,252940.7959996855,GOLDEN FURIOUS LTD.,0.0029003061348378857,98.35084464631502
6238836,1,4907.7231,208465.90234199568,44470.93849935854,1115.3309799946708,252936.84084135422,Univic Shipping Management Consultant Limited,0.0029002607836325685,98.35374490709866
6443209,1,4031.68206,213658.82949406715,39237.87138728648,0.0,252896.70088135364,Synergy Marine Indonesia PT,0.0028998005250499954,98.3566447076237
5846022,2,4490.67626,223447.48364251415,29301.632766043942,265.78904037509966,252749.1164085581,Blue Fleet Shipping Co Ltd,0.002898108270741377,98.35954281589444
5088986,2,4625.33162,213962.40321692484,38632.91573580049,231.517087203041,252595.31895272533,R-BULK KS,0.0028963447762330626,98.36243916067068
0534915,1,4842.48339,208242.12187347817,44278.27265348866,0.0,252520.39452696685,VRONTADOS S.A.,0.002895485667006266,98.36533464633769
6141711,1,3175.09416,223171.71543697937,29265.965644391836,128.08669697212952,252437.6810813712,"MS ""WES MELAS"" Schiffahrts GmbH & Co. KG",0.00289453724619994,98.36822918358389
6392052,1,4467.51142,208840.30409999684,42700.13213180889,137.66672609792082,251540.4362318057,TIONG BAHRU PARK SHIPPING CO. PTE. LTD,0.0028842491282577098,98.37111343271215
6332363,1,3498.29102,222365.52024580856,29160.697972187994,405.15002600388704,251526.21821799656,Schifffahrtsgesellschaft Larissa B mbH & Co. KG,0.0028840860996228353,98.37399751881178
5319042,1,4260.59336,209153.96358825808,42282.293529848204,0.0,251436.2571181063,CONTI-LINES NV,0.0028830545747204274,98.3768805733865
6332381,1,3693.6326,220773.55710648643,28951.03235429024,592.3440965100216,249724.58946077668,Schifffahrtsgesellschaft Tom B mbH & Co. KG,0.0028634280048437247,98.37974400139134
5859862,1,4720.33735,204821.76629199256,44845.104834866055,298.42034026178356,249666.87112685863,Sinokor Ship Management Co Ltd,0.002862766186581892,98.38260676757793
6243417,1,2855.35978,220322.79594385545,28892.60957224052,152.8295950597715,249215.40551609598,"Reederei M.Lauterjung GmbH & Co. KG MS ""Jupiter""",0.0028575895266627666,98.3854643571046
5395761,1,2642.02644,205462.51058444084,43739.17370894113,0.0,249201.684293382,"Kommanditgesellschaft MS ""CPO TRIESTE"" Offen Reederei GmbH & Co.",0.0028574321944053994,98.388321789299
6127678,1,8907.0801,206751.3952840278,42412.10027573915,996.6889454829416,249163.49555976695,CARBON SHIPPING PTE. LTD,0.002856994309255447,98.39117878360825
4128582,1,4290.23714,220264.2378471995,28884.540346164125,298.1330255997261,249148.77819336363,"Hamburg Offshore AHT ""Centaurus"" GmbH & Co. KG",0.0028568255548720367,98.39403560916313
6339595,1,4133.05622,207713.6785689588,41423.603057431006,0.0,249137.2816263898,Tropic 4 Limited,0.0028566937312822834,98.39689230289441
4199024,1,4627.74316,206755.46289224474,42054.31797968171,0.0,248809.78087192646,GOLDEN KSL SALVADOR LTD.,0.0028529384950279654,98.39974524138944
5926761,4,5780.62753,212997.72082472467,35729.23412708183,0.0,248726.95495180652,Mansour Management Gemi Acent,0.0028519887845500727,98.402597230174
5853585,1,5573.97474,210182.82125036628,38361.63586968196,169.3227613127357,248544.45712004823,Celerity Maritime LLC,0.002849896201663428,98.40544712637566
5625708,2,4376.10684,210286.76359225367,38019.81383466088,519.2872766423206,248306.57742691456,Tuofu Shipping Management Ltd,0.0028471685913124675,98.40829429496698
6372956,1,3809.6244,212748.7182968182,35436.97164498879,339.9267818873157,248185.689941807,HERO MARITIME INVESTMENTS S.A.,0.0028457824538438287,98.41114007742082
0662855,1,4241.1749,212735.67272627098,35316.685196336344,163.86497770526464,248052.35792260733,La Prora SAS,0.0028442536230685205,98.41398433104389
6324421,1,3149.92706,218820.71267381925,28695.84644546172,0.0,247516.55911928095,Trulsen Chartering GmbH & Co KG,0.002838109969767421,98.41682244101366
6324010,1,4543.6996,209548.1299463361,37913.91470955362,525.7931563801742,247462.0446558897,ms Borkum GmbH & Co KG,0.002837484888186626,98.41965992590185
1615793,3,12322.38962,215473.31662894253,31947.89494757667,888.333621387236,247421.21157651918,YAGCI DENIZCILIK VE TICARET LTD. STI,0.0028370166820590437,98.42249694258392
5426959,1,2943.55684,218271.90074469455,28621.96309358006,0.0,246893.8638382746,"Briese Schiffahrts GmbH & Co. KG MS""Deddeborg""",0.0028309699315758772,98.4253279125155
6332346,1,3240.65686,217954.5975697912,28581.627111146452,396.24356618459717,246536.22468093765,Schifffahrtsgesellschaft Ben B mbH & Co. KG,0.0028268691180318097,98.42815478163354
6050366,1,10602.30228,204255.95927047415,41920.38355808512,1410.1652940010615,246176.34282855928,GOLDEN FAST LTD.,0.0028227425889752983,98.43097752422251
6137728,1,5023.54674,214237.5155758549,31887.228994970454,0.0,246124.74457082534,Briese Schiffahrts GmbH & Co. KG MS Esens,0.0028221509456112406,98.43379967516812
6234419,1,3811.27904,207961.37450090915,38137.55567082987,340.40503912251836,246098.93017173902,Fabron Marine Corp,0.0028218549488356263,98.43662153011695
6410942,2,4387.463400000001,205616.6200943378,40175.703570465615,265.6658506680273,245792.3236648034,Tasman Ship Management Limited,0.00281833929320747,98.43943986941017
5728671,1,4710.5056,202199.48767608844,43591.58862989216,0.0,245791.0763059806,Doric Breeze Navigation Inc,0.0028183249905623323,98.44225819440072
5949389,5,4841.39138,216599.6397229452,28631.14982969328,42.00117230419337,245230.78955263848,Master Ship Management Ltd,0.0028119005500067307,98.44507009495072
6244208,1,3262.38544,216594.87633963843,28568.853735202163,0.0,245163.7300748406,"Briese Schiffahrts GmbH & Co. KG MS ""Serpens""",0.002811131622977433,98.4478812265737
6334427,1,4070.62684,214958.38529365696,29366.365198419317,83.39794181059428,244324.75049207627,MATIN SHIPPING LTD,0.002801511594617523,98.45068273816831
6484971,1,4198.96657,208170.29647575185,36143.46436762131,107.07738738540877,244313.76084337317,Voleon Shipping S.A.,0.002801385583526954,98.45348412375183
5175596,1,3242.65091,209516.1098499897,33753.02732301055,164.1361921431327,243269.13717300026,Seychelles Pioneer Ltd,0.0027894075693525103,98.45627353132119
6454282,1,4041.735,204949.29447492593,38188.02109142187,0.0,243137.3155663478,"NH Schifffahrts GmbH & Co. KG MS ""Maintal""",0.0027878960574867894,98.45906142737867
6425349,1,4581.24403,204042.07087173077,38976.58094181525,0.0,243018.65181354602,"Ningbo Xinhuanhang Shipping Co., Ltd.",0.0027865354180973477,98.46184796279677
6173969,1,3939.24308,203721.76201640302,38971.87404683609,0.0,242693.63606323913,Pan Marine Shipping,0.0027828086757550998,98.46463077147253
6073951,2,4654.29194,203914.8468249172,38568.4948009789,371.5280508994081,242483.34162589608,Eurotankdry SA,0.0027803973674315934,98.46741116883996
4321482,1,4199.8566,201315.78280010278,41130.760395930614,0.0,242446.5431960334,"Condor 245. Schifffahrts-GmbH & Co. KG MS ""Villach""",0.0027799754239824894,98.47019114426394
6232576,1,3915.81642,202338.39037999458,39706.27503311912,18.461307030794583,242044.66541311372,MS “Liverpool Strait” GmbH & Co.KG,0.002775367355147052,98.47296651161908
5555203,3,4507.09685,204378.3349797576,37562.400119349026,0.0,241940.73509910662,Emiroglu Deniz Nakliyati ve Tic.Ltd.Sti.,0.0027741756544325856,98.47574068727351
6449273,1,4441.32754,200800.38166796172,40564.39183142905,141.9743867820315,241364.77349939075,Gram Car Carriers Shipowning 4 AS,0.002767571480699025,98.47850825875422
0179768,1,4464.46806,200682.0378861214,40465.39514660398,126.23801697894943,241147.43303272538,Anji No. 4 Shipping,0.0027650793801806935,98.4812733381344
6200227,1,3893.7052,211062.09236543204,29941.268327849488,0.0,241003.36069328152,BREB GmbH & Co. KG,0.0027634273972006527,98.4840367655316
6285087,1,4323.6298,193003.5880288263,47730.02444024832,166.60710026155905,240733.61246907464,AET Tankers VLCC PTE LTD,0.0027603343713151415,98.48679709990292
6136676,4,4586.14978,203602.6502483831,36556.021531050115,34.766008219436415,240158.67177943324,LORA SHIPPING LTD,0.002753741903687511,98.4895508418066
6242728,1,3768.26514,203482.76114921895,36583.39024061997,0.0,240066.15138983892,Cogolin Marine Corp.,0.0027526810330894044,98.49230352283969
5787826,1,4042.5798,200330.94841656688,39511.49636354396,0.0,239842.44478011085,STI WESTMINSTER SHIPPING COMPANY LIMITED,0.002750115936185863,98.49505363877587
6326855,1,4327.47108,199133.43368334454,40166.28681902149,23.836990027867287,239299.72050236602,"MS ""BF Epic"" Schiffahrts GmbH & Co. KG",0.0027438928730139146,98.49779753164889
5983558,1,2698.29784,211514.5687538337,27737.45073132869,0.0,239252.0194851624,"Hermann Lohmann Schiffahrts GmbH & Co. KG MS ""NINA""",0.0027433459167497546,98.50054087756564
6486800,1,4267.38972,202230.01852489845,36943.73125509849,0.0,239173.74977999693,MARITIME BOA LLC,0.00274244844939908,98.50328332601504
6418537,1,3780.46268,198579.44039613393,40507.675411223354,0.0,239087.11580735727,STI MILLENNIA SHIPPING COMPANY LIMITED,0.0027414550744816846,98.50602478108952
6504183,1,4229.66412,198982.4555861226,40001.59731795772,0.0,238984.05290408034,"MS ""Finn IV"" Jens u. Waller GmbH & Co. KG",0.00274027331979689,98.50876505440932
0961691,1,4145.9712,204042.5304740794,34728.98937345648,0.0,238771.51984753588,CT Drent Beheer BV,0.002737836342695922,98.51150289075201
6357512,1,4658.83624,199149.5019251608,39329.0101457346,0.0,238478.5120708954,Global Logistics Capital INC,0.0027344766147849426,98.5142373673668
3003017,1,3321.67248,210829.57520457878,27647.532333344825,458.87737517025676,238477.1075379236,SeaQuest Shipmanagement Srl,0.0027344605099269715,98.51697182787673
4055168,1,2480.61044,210738.06081603438,27635.946699442848,345.59798045634744,238374.00751547722,"Baltic Forest Line MS ""Baltic Sailor"" Schiffahrtsgesellschaft mbH & Co. KG",0.002733278329621017,98.51970510620635
6262354,1,4070.14149,201034.8842090161,36767.143768178445,35.94752792757722,237802.02797719455,SEA MANAGEMENT JOINT STOCK COMPANY,0.002726719815572991,98.52243182602191
6409627,1,4102.16334,204171.23782163384,33551.15695718272,0.0,237722.39477881655,LANIKAI SHIPPING LIMITED,0.002725806713940335,98.52515763273585
0171091,2,9064.84995,203497.8158871499,34032.13778806553,0.0,237529.95367521542,JHI Steamship Co,0.0027236001180799742,98.52788123285393
1324705,2,4598.35959,198363.18687181073,38768.98213998402,8.503280622446708,237132.16901179476,"PHOENIX MARITIME CO., LTD.",0.002719038982360038,98.53060027183629
6339255,2,4256.88814,203601.7166014678,33232.515330209935,137.8429769173394,236834.23193167773,BSC Maritime ltd,0.002715622733360567,98.53331589456965
6266082,1,4401.7502,198331.18206722458,38487.172028897396,0.0,236818.35409612197,H4 SHIPPING SA,0.0027154406726388547,98.5360313352423
4210611,1,4299.0929,195346.03083097862,41369.86401340944,0.0,236715.89484438807,FRONT CLIPPER INC.,0.0027142658396302043,98.53874560108193
0721723,1,4197.85954,200729.80509731953,35685.33254754238,48.783452153268556,236415.1376448619,Dileton Maritime S.A.,0.0027108172541719555,98.5414564183361
6260993,1,4268.8917,202544.96846781328,33856.37383310016,0.0,236401.34230091344,"MS ""Moritz"" Jens u. Waller GmbH & Co. KG",0.002710659072015029,98.5441670774081
6315657,2,3082.34458,208665.92196376697,27363.487993948795,253.05094553703088,236029.40995771578,Rhonetrader GmbH & Co. KG,0.0027063943678874982,98.546873471776
5655707,1,2724.20232,208431.41687408584,27332.232954985437,457.7077961989391,235763.64982907128,"Herman Lohmann Schiffahrts GmbH & Co. KG MS ""BREMEN""",0.0027033470708769203,98.54957681884687
5862464,1,4137.47778,195784.50761290416,39673.245963325324,0.0,235457.75357622947,Briese Schiffahrts GmbH & CO KG MS Sapphire,0.0026998395592664087,98.55227665840614
6035421,2,4144.86878,197693.1427172497,37704.96781152121,0.0,235398.1105287709,"HONG KONG TOP HONOR SHIPPING CO., LIMITED",0.0026991556715773514,98.55497581407772
0092636,1,4010.67732,194892.06434549828,39786.70690840745,0.0,234678.77125390572,Nordic Heidelberg GmbH & Co. KG,0.002690907480123396,98.55766672155785
6128614,1,4241.07891,193328.69085098116,40832.30439837465,0.0,234160.9952493558,"MS ""UNISTREAM"" GmbH & Co.KG",0.002684970482429794,98.56035169204029
6320079,1,4273.02519,199698.46507280323,34318.71472084947,74.1597901853446,234017.1797936527,"HS Schiffahrts UG (haftungsbeschrankt) & Co. KG MS ""Redhead""",0.0026833214449670482,98.56303501348525
SIN_ID:EGES SHIPPING LTD.,1,3242.839,202767.3471916445,31172.17131074713,0.0,233939.51850239164,EGES SHIPPING LTD.,0.002682430953899391,98.56571744443914
4150246,1,4058.08348,205893.07472999775,27959.898274180698,484.4680930619259,233852.97300417844,"MS ""SENDA J"" Schiffahrtsges. mbH & Co. KG",0.0026814385934601885,98.5683988830326
5933539,3,3116.16788,206733.23207106217,27110.27154605869,0.0,233843.50361712085,Fletcher Supply Vessels Ltd,0.002681330014212354,98.57108021304681
6021921,1,3278.77448,199067.92463212894,34679.86922098096,1077.1467651401904,233747.7938531099,SKY SHIPPING AGENCY S.A.,0.002680232573150592,98.57376044561997
5947793,1,4207.18494,196667.2491079963,36935.95663415952,0.0,233603.2057421558,UNIATLANTICO Shipping GmbH & Co.KG,0.0026785746761570787,98.57643902029612
4198441,1,4258.2218,194072.96205916442,39473.48688884248,79.43464159601588,233546.4489480069,Waterways Shipping Ltd,0.002677923883240842,98.57911694417936
6482798,1,4474.15892,193176.07823450078,40358.61016292849,0.0,233534.68839742927,ALPHA 9 LIMITED,0.002677789032724323,98.58179473321209
0943236,1,2938.58754,206432.27069057443,27070.65166172461,273.6677715676116,233502.92235229904,"MS ""PATRIA"" Interscan Reederei GmbH & Co. KG",0.0026774247923288317,98.58447215800442
6349968,1,4070.91626,196014.49993423757,37118.241708849266,346.7694119578061,233132.74164308683,"CONDOR 241. Schifffahrts-GmbH & Co. KG MS ""WIEN""",0.0026731801730388374,98.58714533817745
5281271,2,3471.2000399999997,205987.02900383854,27010.946794799427,23.974286008722377,232997.97579863796,Hellenic Sea Lines Shipping Co,0.002671634901530234,98.58981697307898
5854420,1,4267.2899,192952.202617253,40036.269541515074,698.6906360216047,232988.47215876807,FORTUITY MARITIME LLC,0.002671525929527877,98.59248849900851
6263030,1,4187.85332,193425.69837961142,39470.64816268534,182.70998929424536,232896.34654229676,CL Jianhu Ltd,0.0026704695855341316,98.59515896859405
6173045,1,2799.35096,205721.40263349476,26977.101767146654,0.0,232698.50440064142,"Hermann Lohmann Schiffahrts GmbH & Co. KG MS ""NICOLA L""",0.002668201059514418,98.59782716965357
5154198,1,2485.38738,205710.5081038843,26976.854682464458,338.17563836785666,232687.36278634873,"MS ""Capella"" GmbH & Co. KG",0.0026680733059341486,98.60049524295951
6161745,1,2764.87416,194481.45084976757,37670.25195170889,463.02359582498775,232151.70280147647,"Hermann Lohmann Schiffahrts GmbH & Co. KG MS ""VICTORIA""",0.002661931244373173,98.60315717420389
4124338,1,4062.67522,194185.4558931805,37892.39199167161,462.08111137846674,232077.84788485212,V-BULK KS,0.002661084398505835,98.6058182586024
6292013,4,4200.82906,193858.09838593623,37755.42495833831,11.892082376182724,231613.52334427455,Mes Shipping Agency Pte Ltd,0.0026557602936762028,98.60847401889608
0105363,2,4265.99978,204671.44234229083,26838.777911060075,27.67032823983896,231510.2202533509,Zegluga Gdanska sp. z o.o,0.0026545757849172685,98.61112859468099
6316920,1,4188.48864,194546.92337066706,36792.15225847574,0.0,231339.0756291428,"MS ""Finn"" Jens und Waller GmbH & Co. KG",0.002652613381811935,98.6137812080628
5671640,2,4413.68667,195026.48571411936,35398.34622755517,82.55913151413539,230424.83194167452,HONGXIN SHIP MANAGEMENT LIMITED,0.0026421303493496494,98.61642333841215
6232942,1,3356.41439,194062.58914848574,35382.689655672664,0.0,229445.2788041584,"HS Schiffahrts UG (haftugbeschrankt) & Co.KG MS ”Franziska""",0.002630898456277955,98.61905423686842
4243283,1,4831.43322,223461.58009680497,5552.184438889386,0.0,229013.76453569435,XIANG T43 SG INTERNATIONAL SHIP LEASE PTE. LTD,0.002625950565309438,98.62168018743372
0299487,2,4183.7646700000005,189907.0099836103,38723.394913325756,0.0,228630.40489693606,"TSURUMI KISEN CO., LTD.",0.0026215548318819946,98.6243017422656
6435518,1,4439.58548,190446.45655914606,37538.140691740555,0.0,227984.5972508866,Briese Schiffahrts GmbH & Co. KG MS Engelsand,0.0026141497793662084,98.62691589204496
6353302,1,3516.93594,224207.2717396037,3582.9753210133467,0.0,227790.24706061702,SCALE GAS MED SHIPPING SL,0.002611921293261711,98.62952781333823
0517758,1,4276.56113,189342.1909797102,37258.07148423992,447.0937413178179,226600.26246395012,Diamlemos Shipping Corp,0.0025982765207273515,98.63212608985896
6342784,1,3666.43152,192056.23884682893,34536.35509146408,171.75222942062845,226592.593938293,SAL Shipping UG (haftungsbeschrankt) & Co. KG MS ''INDUSTRIAL CHARGER'',0.00259818859077552,98.63472427844974
0290418,2,5482.29261,193012.74184639897,33521.455142345665,0.0,226534.19698874463,"Grand Way Shipping Co., Limited",0.0025975189912735433,98.63732179744102
5887220,1,4334.43916,186996.0594651773,39490.30427398597,0.0,226486.36373916327,"U-Ming Marine(Xiamen)international Ship Management Co.,Ltd",0.002596970518787475,98.6399187679598
4143540,1,2518.61758,200014.7802300883,26229.035787701094,0.0,226243.8160177894,N-Sea Survey BV,0.0025941893832197175,98.64251295734302
0749240,1,4372.60483,187689.96641155268,38510.77816263695,0.0,226200.74457418962,"Far-East Transport Co., Ltd.",0.0025936955112382722,98.64510665285425
6174233,1,4196.45142,186519.69394915205,39571.12229651296,0.0,226090.81624566502,DUVAL SHIPPING CO.,0.0025924350352270684,98.64769908788948
0224946,2,7456.56888,190373.09943677162,35247.961913220606,0.0,225621.06134999223,Castleton Shipping Inc,0.0025870486640788113,98.65028613655356
5744375,1,3968.52821,188496.53285267978,37051.48888842888,429.151108601152,225548.02174110868,ZEPHYROS MARITIME COMPANY,0.002586211166810354,98.65287234772038
6513218,1,3568.8574,190263.0573816432,35071.704388549544,196.51905250973348,225334.76177019274,SAL Projects UG (haftungsbeschrankt) & Co. KG,0.00258376585465927,98.65545611357504
5795812,1,3189.2374,192003.094882831,32980.42567477577,0.0,224983.52055760677,POCHARD SHIPPING & TRADING LTD.,0.002579738402149505,98.65803585197719
6452666,2,4317.70724,189435.47751335497,35513.34974255929,0.0,224948.82725591425,Samaria Blue Shipmanagement Inc.,0.0025793405968238003,98.66061519257401
1630221,2,3572.88459,190759.69382491693,33945.71471317663,34.31814992940774,224705.40853809356,SWAN SHIPPING CORPORATION,0.0025765494741113114,98.66319174204813
5995167,1,4039.4858,185944.50118503105,38633.91419356096,0.0,224578.415378592,"Briese Schiffahrts GmbH & Co. KG MS ""Octans""",0.0025750933268807743,98.66576683537501
5970407,1,3688.29574,187973.44421286214,36524.942428784765,137.32311453986804,224498.3866416469,Mega Shipping Ltd,0.0025741756898669116,98.66834101106488
5043327,1,4000.55698,192679.33984615895,31673.20081808706,213.5190498929219,224352.54066424601,Ships Surveys & Service Srl,0.0025725033697442303,98.67091351443463
6449168,1,3833.62638,188105.95241237202,35570.6921736931,0.0,223676.64458606511,Alfa Ship Owners Corporation,0.002564753312920406,98.67347826774756
5443020,1,2856.8666,197595.17350681042,25910.10636133465,408.781350656361,223505.27986814507,"MS ""TIM"" INTERSCAN SHIPMANAGEMENT GMBH & CO. KG",0.0025627883861448976,98.6760410561337
6084164,1,2724.4588,197545.05816087715,25905.56994138658,279.22229213783413,223450.62810226373,"Hermann Lohmann Schiffahrts GmbH & Co. KG MS ""HARUN""",0.0025621617302065427,98.67860321786391
6504268,1,3326.31699,190047.38239558146,33125.557581123794,0.0,223172.93997670524,"Briese Schiffahrts GmbH & Co. KG MS ""Velde""",0.0025589776626821804,98.6811621955266
6454058,1,4171.21934,182975.87779295002,39728.223579683916,402.501494555211,222704.10137263394,ATLANTIC GAS LLC,0.002553601798048472,98.68371579732464
1634529,1,2931.03741,196821.11649835654,25809.44185612872,0.0,222630.55835448526,Rederij Tasman B.V.,0.002552758528516295,98.68626855585316
6435230,1,4392.19114,196580.61958729816,25777.4963323672,0.0,222358.11591966538,Ocean Advice Ltd,0.002549634609885552,98.68881819046305
6132903,1,3779.38677,186844.99896235863,35387.74832522151,199.87045081441627,222232.74728758013,Safe Ships Ltd,0.0025481970900449276,98.6913663875531
0125088,1,4227.72841,184116.54031032245,37713.28778150877,78.05782117084746,221829.82809183124,Speagle Shipping LLC,0.0025435770800119237,98.69390996463312
6078554,2,4276.9745299999995,187556.5712899504,34205.70924053884,217.72891375305892,221762.28053048922,VIRONO SHIPPING S.A.,0.002542802556448893,98.69645276718957
5623114,1,3690.62276,187078.7063318819,34571.42410451225,0.0,221650.13043639413,Sea Transport Services Nigeria Limited,0.0025415166049097544,98.69899428379448
0177541,1,4211.33384,182861.8012617517,38624.12403135915,0.0,221485.92529311086,CMB NV,0.002539633772278687,98.70153391756675
6040254,1,3097.82956,195216.35245665064,25599.696260660054,284.8061047020223,220816.04871731068,SPANACO FIVE LIMITED,0.002531952737138828,98.70406587030389
6365490,1,4085.33842,186734.96795127925,33722.00722337527,149.05697483023374,220456.9751746545,"SN GLOBAL CO., LTD.",0.0025278354764395102,98.70659370578034
6077454,3,4131.4739,189177.8130528294,30856.79992971787,359.6529170887327,220034.6129825473,GOLDENKING SHIPPING GUANGZHOU,0.0025229925263252325,98.70911669830666
5684858,1,3852.0338,186651.58198283095,33360.89585865615,36.20487410165323,220012.4778414871,Caiano Shipping AS,0.0025227387171871743,98.71163943702385
6178620,1,3789.68908,184592.3035009037,35388.8730414337,0.0,219981.1765423374,JUPITER 14 LTD,0.0025223798057288885,98.71416181682957
5443095,1,2706.28078,194337.57237699622,25483.666136202723,137.0960395435909,219821.23851319894,"MS ""Widor"" INTERSCAN Shipmanagement GmbH & Co. KG",0.002520545901295755,98.71668236273086
6341874,1,3956.1953,182455.76509957845,37288.0682717901,64.2988100123869,219743.83337136856,SFL Fraser Inc,0.002519658347325541,98.71920202107819
5918188,3,3761.43837,187062.82498935718,31899.348681042473,142.86900356773447,218962.17367039964,Golden Arrow Maritime Co SA,0.0025106955684384273,98.72171271664662
5792971,1,3811.57026,180529.614982992,37259.11032900726,0.0,217788.72531199927,TRIAN MARITIME S.A.,0.002497240406097639,98.72420995705272
6271919,1,3844.9654,181294.16221567706,36073.568018305305,297.5194765870701,217367.73023398238,TN Malmoe GmbH & Co KG,0.002492413131783572,98.72670237018451
1191255,1,3146.10276,191318.03846745077,25822.959672549045,113.88875390635388,217140.9981399998,ABC Maritime AG,0.0024898133436373248,98.72919218352816
6105197,1,3669.23566,185716.35321988788,31289.64354425674,0.0,217005.99676414463,BOUGAINVILLE PARK SHIPPING,0.002488265371444635,98.7316804488996
0067951,5,14308.328089999999,185017.28785306687,31819.95810750637,1071.6757799885154,216837.24596057323,Thalatta Shipping Management,0.0024863304167097823,98.73416677931631
6173527,1,3092.56956,183040.27309429663,33788.976028343124,0.0,216829.24912263977,EFE SHIPPING & TRADING HELLAS SA,0.0024862387222165075,98.73665301803852
5524872,1,4104.21991,180286.5448085064,36385.54265065897,0.0,216672.08745916537,Hartman Shipping 1 B.V.,0.002484436652546668,98.73913745469108
5877798,1,3941.328,179509.15759449478,37075.126408740885,0.0,216584.28400323566,DSS 7 LLC,0.0024834298679317687,98.74162088455901
5512061,2,3475.32669,179200.12131507165,36583.70486633077,275.3286997402426,215783.82618140243,Seamasters International S.A.,0.002474251543327521,98.74409513610235
1048137,2,3765.03281,183640.7533325586,32086.79668873062,0.0,215727.55002128924,TECHNICAL MARINE PLANNING (O) LTD. INC,0.002473606261526393,98.74656874236388
6331060,1,4147.21892,176986.33658702415,38686.70005939522,144.25233418980577,215673.03664641938,CHEM TANK SHIPPING VIII AS,0.0024729811924269584,98.7490417235563
6298879,2,4063.4281,179697.75172275933,35964.527643990026,385.0148462998708,215662.27936674937,One Navigation Denizcilik AS,0.0024728578457596175,98.75151458140206
6133739,1,4495.66658,179902.73776843128,35431.578249899045,0.0,215334.31601833034,Selinia Corporation,0.002469097305243951,98.7539836787073
6322818,2,3613.8484599999997,180356.77476591704,34839.34585272457,0.0,215196.1206186416,BERNHARD SCHULTE SHIPMANAGEMENT (UK II) LIMITED,0.0024675127092757937,98.75645119141657
6148210,1,3771.84223,179073.43163032332,36025.35733709843,0.0,215098.78896742174,CAMPBELL CRUISE & YACHT MGMT,0.0024663966710976454,98.75891758808767
5958855,1,4208.89451,189915.2879231396,24904.524309558565,0.0,214819.81223269817,Scheepvaartonderneming Eems Dundee B.V.,0.002463197827937538,98.7613807859156
6480920,3,3568.31839,186481.91565554275,28288.106491838756,0.0,214770.0221473815,Orca Ship Deniz Isletmeciligi Limited Sirketi,0.002462626917700115,98.76384341283331
6286611,1,3926.66253,179131.33812808577,35248.91631751441,0.0,214380.25444560018,H4 KASTANIA SA,0.0024581577072187843,98.76630157054053
5995927,1,3756.43386,181797.99343213157,32518.461751105562,0.0,214316.45518323712,"BREB Schifffahrts GmbH & Co. KG MS ""Doese""",0.002457426162940613,98.76875899670347
5877807,1,3897.21126,177518.08970808765,36650.579432186554,0.0,214168.6691402742,DSS 8 LLC,0.00245573159735915,98.77121472830083
0993564,2,3364.5720899999997,176704.9860394689,36866.188155461394,236.15980008378966,213571.1741949303,Delica Shipping S.A.,0.0024488805148808706,98.77366360881571
6434917,1,4128.29044,176362.87453224463,37128.48118492464,0.0,213491.35571716927,TORM Tanker Corporation,0.0024479652887711054,98.77611157410448
0147626,1,3018.38488,188460.65243642157,24713.964219969002,0.0,213174.61665639057,THOR GEMI ISLETMECILIGI LIMITED SIRKETI,0.0024443334497967375,98.77855590755428
1363747,1,2170.83612,176257.60860355647,36774.931794721924,318.4326090007113,213032.5403982784,Vulica shipping company LTD,0.0024427043545715526,98.78099861190886
6295582,2,3728.3866900000003,176438.8890227274,36541.79578662407,255.36665150574584,212980.6848093515,Jship Management Philippines,0.002442109760559559,98.78344072166942
6334391,1,2243.01378,188277.8989110166,24688.881000377736,367.3144861504733,212966.77991139432,M/S EMMA F Schifffahrts-GmbH & Co. KG,0.002441950322218701,98.78588267199164
5440379,1,2786.07812,188205.7226523476,24679.65410960617,371.36114562610527,212885.37676195378,"MS ""Pernille"" Interscan Shipmanagement GmbH & Co. KG",0.0024410169257186058,98.78832368891736
6089390,1,3377.41518,184389.64095324208,28102.371313707896,0.0,212492.01226694998,Onego Deusto CV,0.0024365064731695103,98.79076019539053
5422841,1,3756.48382,176782.02507788606,35624.38017885237,43.68104381521774,212406.40525673842,PARAKOU SHIPMANAGEMENT PTE LTD,0.002435524873756413,98.7931957202643
6058450,1,3126.16751,182331.6835094889,30055.677690401986,0.0,212387.3611998909,Rini Shipping Ltd,0.0024353065080527357,98.79563102677234
5514496,1,4041.80626,177049.81183413125,34925.20507678175,0.0,211975.016910913,NAVIERA TRANSOCEANICA S.A.,0.0024305784266601656,98.798061605199
5562681,1,4052.95074,174632.06136063492,37282.726076802464,0.0,211914.7874374374,"S.M Leader Co., Ltd.",0.002429887814808768,98.80049149301381
5359825,1,4033.4025,174511.2148273729,37350.630876313706,512.5109518857191,211861.8457036866,Star Bulk Management Inc,0.0024292807666867777,98.8029207737805
4210262,1,3823.44908,175407.60931570965,36126.649930677544,0.0,211534.2592463872,GRAND BLUE SHIPPING PTE. LTD.,0.0024255245477342743,98.80534629832823
5442812,1,2698.0093,186860.24824546115,24503.747058451874,354.3718238953627,211363.99530391302,"MS ""PAIVI"" INTERSCAN SHIPMANAGEMENT GMBH & CO. KG",0.0024235722428285044,98.80776987057106
5971878,1,4699.63792,176980.48663919995,34093.38954344605,254.63180541031724,211073.876182646,"DALIAN V-SKY SHIP MANAGEMENT CO.,LTD",0.002420245637233235,98.8101901162083
5988284,1,3469.1921,176933.09917338047,33676.864959505176,0.0,210609.96413288565,BW Dry Cargo Pte Ltd,0.0024149262621651385,98.81260504247047
6418421,1,4163.52237,178607.06267776698,31948.506517624166,0.0,210555.56919539114,"Hainan Huashen International Logistics Co., Ltd",0.0024143025511093722,98.81501934502157
6345320,1,11527.84726,172408.14074419203,37539.2291367032,0.0,209947.36988089525,Beheermaatschappij MS 'ARIES J' B.V.,0.002407328728653943,98.81742667375022
1954383,2,3976.88156,179052.7155429442,30747.632067549144,0.0,209800.34761049337,MOL Chemical Tankers Pte Ltd,0.002405642920751271,98.81983231667097
6476145,1,3143.7324,173527.26736592944,36217.29766136266,0.0,209744.5650272921,TOSKA SEAWAYS LTD,0.0024050032984727202,98.82223731996945
0086938,1,4034.63586,176073.8585651109,33389.06137100566,262.7202264787251,209462.91993611655,Reefer & General Ship-Mgmt Co,0.002401773859020081,98.82463909382847
6360349,1,3726.2134,172214.17241175444,36939.34561721371,0.0,209153.51802896813,Aquarius Shipping SA,0.0023982261503719504,98.82703731997884
6227227,1,4014.27394,172409.62404493283,36662.50485957654,200.11873901229012,209072.12890450936,VALROSE MARINE CORP.,0.002397292914687118,98.82943461289354
6354699,1,3281.19164,179229.5605021108,29602.82407268193,0.0,208832.38457479273,"HS Schiffahrts Gmbh & Co. KG MS ""Anna""",0.0023945439237719845,98.8318291568173
0639972,1,4018.29396,175183.59862124675,33248.786425244696,0.0,208432.38504649146,Petrocab,0.0023899573916497966,98.83421911420896
5823776,1,4039.73702,173366.72172406677,34627.51692189962,35.945328900262886,207994.2386459664,EMILIUS SHIPPING PTE.LTD,0.0023849334543747606,98.83660404766334
6508711,1,3440.23036,183472.04953662163,24059.149712850704,0.0,207531.19924947235,ENDO OSTRO MARITIME LTD,0.002379624085449058,98.83898367174879
6225438,1,2765.39942,183387.3442290838,24049.016603033364,198.33346810878555,207436.36083211715,Transporter Shipping Ltd.,0.0023785366355476433,98.84136220838434
6319076,1,3849.1905,174372.51176589183,32563.772071874875,794.5415694232028,206936.2838377667,"Condor 238. Schiffahrts-GmbH &Co. KG MS ""LECH""",0.0023728025807903882,98.84373501096513
6440969,2,3846.92073,170290.0628956143,36563.67983314433,21.08270172163498,206853.74272875863,DS Ship Management Pte Ltd,0.0023718561360546297,98.84610686710118
6324037,1,3549.91978,172376.00850827072,33992.72774899154,471.0068639593101,206368.73625726227,MS Langeoog GmbH & Co.KG,0.0023662948850940737,98.84847316198628
6221316,1,3872.63804,172337.09267760997,33928.11511082312,0.0,206265.2077884331,TREBBIA SHIPING INC.,0.0023651077920745834,98.85083826977835
5862478,1,3903.41428,169387.34101671778,36730.856634597236,0.8637588377969266,206118.19765131501,Briese Schiffahrts GmbH & Co. KG MS Pearl,0.0023634221232963154,98.85320169190165
6464686,2,9876.49756,170494.89517414192,34975.86111827387,0.0,205470.75629241578,Navilands Bulker Management Ltd,0.002355998338067279,98.8555576902397
5924867,1,3773.8699,172518.5846327972,32674.279190709312,0.0,205192.86382350652,GEM NO. 1 MARITIME CORPORATION,0.002352811927471798,98.85791050216717
6506692,1,3812.54419,175860.22248041103,28496.51337441209,478.004456803673,204356.7358548231,GOLDEN NOUR SHIPTRADE LTD,0.002343224596699402,98.86025372676387
6250983,2,3608.54536,180605.42643288083,23684.16329104994,0.0,204289.58972393078,Nicola Shipping ltd.,0.0023424546760759295,98.86259618143995
6307997,1,3667.87378,171148.35286612393,33038.82380196569,191.37951541998126,204187.1766680896,Parbulkers IV AS,0.002341280372765269,98.86493746181272
6181836,1,3736.97104,171934.10807114167,32057.7919238112,444.9186673294204,203991.89999495287,Virgo Shipping and Trading LLC,0.0023390412632896666,98.867276503076
5631851,1,3883.68428,180172.36888086674,23626.727633183815,638.1212452981307,203799.09651405056,Vestland Management AS,0.0023368305122865754,98.86961333358829
6314115,1,3542.25676,170314.82025540117,33479.192110874756,0.0,203794.0123662759,10. ELBE-EMS Schifffahrts GmbH & Co. KG,0.002336772215700123,98.87195010580399
5959266,1,2962.5043,179872.76931658026,23587.371781929018,353.90082533044307,203460.14109850928,"MS ""Phantom"" Interscan UG (haftungsbeschraenkt) & Co. KG",0.0023329439329499145,98.87428304973695
6140231,1,2521.74342,179575.89338469648,23549.42168373745,58.818057387563684,203125.31506843393,"Hermann Lohmann Schiffahrts GmbH & Co. KG MS ""WILMA""",0.002329104702566801,98.87661215443951
6225424,1,2363.91525,179412.74814359733,23528.30747254966,313.41245582659224,202941.055616147,Sun Shipping Ltd.,0.002326991920333482,98.87893914635984
4172541,1,2739.30258,179277.65563661128,23508.2615458311,508.4251709276231,202785.91718244238,"Hermann Lohmann Schiffahrts GmbH & Co. KG MS ""SANTA HELENA""",0.002325213049711824,98.88126435940956
5731326,1,3817.71922,169519.49325803152,33035.02413247817,274.65356489203765,202554.5173905097,G.HOUSE – KALAHARI N.V.,0.002322559740136,98.88358691914969
5340224,1,3703.51306,169295.56242053857,32654.038699699588,0.0,201949.60112023816,"MS ""Dutch Regina"" Shipping GmbH & Co.KG",0.002315623562194447,98.88590254271189
6512413,1,3149.8817,173005.83873163728,28765.26419887004,0.0,201771.10293050733,GOLDEN EMAN SHIPTRADE LTD,0.002313576840578475,98.88821611955247
0137899,1,2481.29011,178219.5244481996,23371.606139990257,0.0,201591.13058818987,AQUA ALLURE HOLDINGS LTD,0.002311513215822091,98.89052763276828
5891421,1,3837.2996,167763.76046406824,33817.616666127105,552.1862818302254,201581.37713019535,STENA BULK KFH IMOIIMAX VII Ltd,0.002311401379319222,98.8928390341476
6053856,2,3464.5950700000003,167349.04707751566,34213.340502984734,0.0,201562.3875805004,NOTUS SHIPPING LTD,0.0023111836386132977,98.89515021778621
5948085,1,2398.82538,178141.9009247254,23360.078987521047,257.5232878655501,201501.97991224646,"MS ""Rosi"" Interscan UG (haftungsbeschraenkt) & Co. KG",0.0023104909835193034,98.89746070876973
6141699,1,2486.83008,177994.55292146985,23340.735595770526,94.98103586390775,201335.28851724038,"MS ""WES PELEUS"" Schiffahrts GmbH & Co. KG",0.002308579642671141,98.8997692884124
0356858,1,22183.55444,173940.6979437085,26915.945817291777,2476.370219300033,200856.64376100028,Vitamodo Scheepsbeheer BV,0.002303091337325044,98.90207237974973
6510006,1,4016.1562,177539.97816374985,23281.774337953055,227.72998829494665,200821.7525017029,LIMOUSINE EXPRESS COMPANY,0.0023026912621493794,98.90437507101187
6140245,1,2384.55868,177518.189104529,23278.632225809022,276.3091060531503,200796.82133033802,"Hermann Lohmann Schiffahrts GmbH & Co. KG MS ""VERENA""",0.0023024053927664964,98.90667747640464
5810483,1,3835.04,164769.07566487096,35989.27518949598,0.0,200758.35085436696,HFR SHIPPING CO LTD.,0.0023019642770618193,98.9089794406817
1764916,2,3808.61902,166485.40414138883,33881.95573491117,116.0986919454079,200367.3598763,SHENLONG MARITIME PTE LTD,0.002297481040074002,98.91127692172178
5905037,1,3672.8528,167496.7298004114,32788.18131061784,237.3658577989557,200284.91111102924,MOSELA INVESTMENTS INC,0.0022965356541832854,98.91357345737596
6111108,1,3561.1875,166790.94030680734,33481.302941785696,143.60403054185016,200272.24324859303,ANGLO JESSICA SHIPPING LIMITED,0.0022963904001170373,98.91586984777608
6301781,2,3712.79111,168823.78698120426,31207.102337954362,71.21629935499766,200030.88931915862,Glorious Youth Shipping Co Ltd,0.002293622952978116,98.91816347072906
6067719,2,3366.7778,166507.78872971577,33288.764435344296,356.5124939537962,199796.55316506006,MATARACI MARINE LIMITED COMPANY,0.0022909359740640968,98.92045440670312
6332519,1,3616.27316,164837.0135573339,34579.82777856325,0.0,199416.84133589716,"Condor 240. Schifffahrts-GmbH & Co. KG MS ""GRAZ""",0.0022865820676756902,98.9227409887708
5716908,1,3731.49678,164681.67815799313,34578.161524702264,134.28172944989961,199259.8396826954,DEVI SHIPPING LTD.,0.0022847818327386524,98.92502577060354
6194307,1,3684.34469,163137.5671840926,35685.95159418218,832.6866536092477,198823.51877827477,"MS ""BELLATRIX J"" Shipping GmbH & Co. KG",0.0022797788272296052,98.92730554943077
6484661,1,2377.28106,175638.88274673218,23031.88582963965,524.9468910498027,198670.76857637183,C-BED III APS,0.002278027340894924,98.92958357677166
6114561,1,2690.9561,175599.93463346653,23027.91414689228,287.74135723278783,198627.84878035882,"Hermann Lohmann Schiffahrts GmbH & Co. KG MS ""NEPTUN""",0.0022775352077568493,98.93186111197942
5982665,1,3501.18656,165326.1230564133,33275.308574929026,0.0,198601.4316313423,GEM NO. 3 MARITIME CORPORATION,0.002277232299643294,98.93413834427906
6440721,5,4127.61851,172918.15662811097,25523.78263239922,334.0787889962901,198441.9392605102,ROSE SHIPS MANAGEMENT CO.,0.0022754035052815302,98.93641374778434
6188538,1,22617.79572,163427.31460708988,34942.155477499444,898.9128000042962,198369.47008458932,"Reederei Rambow GmbH & Co. KG MS ""EINSTEIN""",0.002274572548793553,98.93868832033314
1908115,1,3715.50118,162920.3698183473,35361.63027778973,146.24174142221494,198282.00009613702,DALIAN TIGER SHIPPING LIMITED,0.002273569587831405,98.94096188992097
5856121,2,5047.70009,170457.18314482688,27606.047360418284,0.0,198063.23050524516,Bright Denizcilik ve Gemi Isletmeciligi A.S.,0.0022710611004833204,98.94323295102146
5169694,1,2060.09224,175013.5364072774,22949.54063810806,0.0,197963.07704538546,Biostar AS,0.0022699127064770936,98.94550286372794
6249328,1,3877.84132,168396.40267222968,29564.094180532127,1576.3946070663583,197960.4968527618,Sirius Ship Management Co SA,0.0022698831211013302,98.94777274684904
6415838,1,3566.8256,164099.99913891457,33573.20585323397,239.25225421730255,197673.20499214856,Densay Tanker Management DMCC,0.002266588933848806,98.95003933578289
0128480,3,6389.15175,164412.32569541046,33122.08796299017,1113.949382320326,197534.41365840062,MTS MARINE LTD.,0.0022649975046958276,98.95230433328759
5290677,5,4180.6810399999995,172024.98190484152,25486.124233704337,341.453347680874,197511.10613854585,San Nikolla Shipmanagement Co,0.002264730252659415,98.95456906354025
5074559,1,3245.23776,165629.37735139093,30971.3477302235,261.43363132430255,196600.72508161442,Moyra Shipping Company Limited,0.002254291510446942,98.9568233550507
4131003,1,2858.76106,166575.8880352032,29843.893035950747,0.0,196419.78107115396,Briese Schiffahrts GmbH & Co. KG MS Spriekenborg,0.0022522167442095443,98.95907557179491
6334444,2,3434.4669000000004,170513.3999030856,24784.673070295095,259.6327860386239,195298.0729733807,ATHENA SHIPMANAGEMENT LTD.,0.0022393548534868114,98.9613149266484
0068211,1,3510.60178,161733.36562164553,33300.0508776948,0.0,195033.41649934032,"Briese Schiffahrts GmbH & Co. KG MS ""Holthusen""",0.002236320211359391,98.96355124685975
6115423,1,2739.58383,162404.91006779205,32475.384064697733,145.30070058507584,194880.29413248977,SP CLOVER SHIPPING CO LTD,0.0022345644576534603,98.9657858113174
0328458,1,3291.96364,161914.95697327418,32651.0025703843,144.17885737062582,194565.95954365848,S Fontvieille Shipping Company Limited,0.0022309601891811644,98.96801677150658
5910514,1,4214.06488,163093.1106389808,31419.12725401849,20.032655812850752,194512.2378929993,NSC Liquids Transport GmbH & Cie KG,0.0022303441982637457,98.97024711570485
1255464,3,3789.38709,167863.08724299763,26607.88251708926,197.8260131545674,194470.96976008688,AGENCY TRUST LTD,0.0022298710036626683,98.97247698670851
6435495,1,3745.8601,160502.37042897634,33800.77422713694,0.0,194303.1446561133,Briese Schiffahrts GmbH & Co. KG MS Beensley,0.002227946663317685,98.97470493337183
1659712,5,3683.08486,171577.94683444942,22501.040962970088,0.0,194078.9877974195,Black Sea Shipping Management,0.002225376403704695,98.97693030977553
5473457,1,3036.40516,161278.2004320729,32006.022663403546,269.3166965591855,193284.22309547642,Visentini Giovanni Trasporti Fluviomarittimi Srl,0.0022162633583705568,98.9791465731339
6354243,1,3066.79548,170167.10524990052,22314.075542589675,0.0,192481.1807924902,NS SHIPPING CORP.,0.002207055399216794,98.98135362853311
5178865,1,3034.1974,165958.94281890168,26502.894250095862,0.0,192461.83706899753,Malva Shipping and Engineering Ltd.,0.0022068335974323302,98.98356046213054
6212499,1,3719.38104,159771.18132165645,32259.65130568318,0.0,192030.83262733964,Hangang Global Shipping Co Ltd,0.0022018915523132647,98.98576235368286
5344553,2,3391.1144400000003,169403.12636097003,22215.044879849404,23.793163195353124,191618.17124081944,Erk Shipping & Trading Co Ltd,0.002197159834971248,98.98795951351784
0525801,1,3536.78763,159310.39046340936,31965.427101830453,0.0,191275.81756523982,"EHIME KAIUN CO., LTD.",0.0021932342900165738,98.99015274780785
5975986,1,2920.3454,169099.44134807968,22174.373377769545,0.0,191273.81472584922,Marine Repair & Supply Pte Ltd,0.0021932113247714905,98.99234595913262
5850166,1,3606.10184,157538.6828772756,33614.333788595955,0.0,191153.01666587155,Golden Aso Ltd.,0.0021918262126821375,98.9945377853453
6247746,1,3702.19508,160649.4763126952,30455.1432460083,0.0,191104.6195587035,Sunny Liger Shipping LLC,0.0021912712748111108,98.99672905662011
6407912,1,3177.0573,162394.63060675914,28325.435165324674,0.0,190720.06577208382,Briese Schiffahrts GmbH & Co. KG MS Neuschoo,0.0021868618488737083,98.99891591846898
5959867,1,2774.37306,158386.56255724822,32220.902805948215,0.0,190607.46536319645,Eemslift Dafne B.V.,0.0021855707338703312,99.00110148920285
6273671,1,3098.08762,161312.64342287098,29258.24847615825,0.0,190570.89189902923,"MR Diligence Co., Ltd.",0.0021851513699552415,99.00328664057281
6486844,1,3685.8993,158757.92720176236,31591.511520916392,127.23585789496444,190349.43872267875,Maritime Krait LLC,0.002182612111693599,99.0054692526845
6213302,1,2099.38498,168151.61727197343,22050.489744942835,163.70608566626382,190202.10701691627,Agaete Ship Management Limited,0.0021809227556986903,99.0076501754402
4094081,1,2918.078,160298.39958627417,29039.805732584133,0.0,189338.2053188583,HEROIC ATHENA INC,0.002171016961795924,99.009821192402
5055072,2,3471.17792,159744.4691651888,29376.792018363554,397.62885461866404,189121.26118355236,T VE O DENIZCILIK LIMITED SIRKETI,0.0021685294057492296,99.01198972180775
4005064,3,3743.00532,164248.66563171748,24528.88095836452,35.0757139996566,188777.546590082,"Komaya Shipping Co., (Pte) Ltd",0.0021645882560420993,99.01415431006379
6024886,1,3230.40936,156283.09428647073,32373.524562651546,0.0,188656.6188491223,MERIDIAN 3 LIMITED,0.0021632016569860186,99.01631751172077
5733574,4,6567.35138,158544.00991858303,30048.36429750928,0.0,188592.3742160923,Elkashawy Group Shipping Co,0.002162465005934649,99.01847997672671
6259267,1,3490.2682,155841.82845739057,32645.430127387153,0.0,188487.2585847777,CGM SHIPOWNING INC,0.0021612597139643915,99.02064123644067
5287426,1,3227.68855,158645.51237517403,29777.269545257976,0.0,188422.781920432,"MS ""Marga"" Jens u. Waller GmbH & Co. KG",0.0021605204023621774,99.02280175684302
4005926,2,3164.0014,166505.18148459925,21835.482394256374,229.7452740686453,188340.66387885562,KURUOGLU DENIZCILIK INSAAT SANAYI VE TICARET LIMITED SIRKETI,0.0021595788086630533,99.02496133565168
6259854,1,3237.20106,156296.04555783,31934.649385025983,541.3077920546218,188230.69494285597,Navios Maritime Management Inc,0.0021583178670325784,99.02711965351871
0555540,3,3274.9326,156470.2603342397,31535.45725110629,3.3225980637748878,188005.717585346,Azerbaijan Caspian Shipping,0.002155738199298052,99.029275391718
5147412,2,3636.32974,157011.3142436824,30725.448405913183,0.0,187736.7626495956,Sea Globe Management and Trading Inc.,0.002152654269530737,99.03142804598754
0564066,1,3374.73632,155806.8893339277,31737.120219530098,0.0,187544.0095534578,VERGOS MARINE MANAGEMENT S.A.,0.002150444096256679,99.0335784900838
5759409,3,2885.00295,163220.39500329303,24308.52058481476,0.0,187528.91558810777,HYDAR SHIPPING,0.0021502710236602613,99.03572876110746
0224875,1,3329.81682,156482.26096783896,30846.206672687516,0.0,187328.46764052648,"Briese Schiffahrts GmbH & Co. KG MS ""Westerriff""",0.0021479726185738533,99.03787673372604
6354637,1,3315.85762,154654.94744431277,32389.127509010556,0.0,187044.07495332332,CHEM TANK SHIPPING IX AS,0.002144711674240463,99.04002144540027
6395882,1,3335.58562,156816.09028782276,29993.46668860104,238.62823264392895,186809.5569764238,Marit Selmer LLC,0.0021420226104836926,99.04216346801076
6003165,3,3364.5126,156719.55425513245,30031.129093443727,84.381381254795,186750.6833485762,AMSON MARINE LTD,0.002141347545224442,99.04430481555598
6213506,2,3203.5046,156168.94724326703,30536.529148965667,36.14635833810071,186705.4763922327,PT TEMAS BULKER,0.00214082918671963,99.04644564474269
4280664,1,3485.338,158042.8224775611,28534.62009902488,364.5466786745465,186577.44257658598,GLORIA MARIS S.A.,0.0021393611069679265,99.04858500584966
6071835,1,2597.3231,159633.96580862728,26933.05598818968,0.0,186567.02179681696,Arrowstar Trading Petrol Denizcilik A.S.,0.0021392416187241484,99.05072424746838
6253550,1,3191.02026,158248.16193280247,27497.284902617313,0.0,185745.44683541977,CHAMPION ENDURANCE AS,0.002129821157737015,99.05285406862612
0606280,1,3468.35846,154765.45165041657,30837.529686908038,180.9522239893516,185602.9813373246,Poseidon Shipping Co Ltd-LIB,0.002128187599352354,99.05498225622547
5848735,1,3123.77739,153442.99898853266,32098.902808349478,0.0,185541.90179688216,Veritas Shipmanagement Ltd,0.0021274872403408383,99.05710974346582
0300389,1,4300.81979,156655.23031533347,28784.437046556824,0.0,185439.6673618903,SAL Shipping GmbH & Co KG ms 'Industrial Dawn',0.0021263149851582504,99.05923605845098
6219258,1,3537.23922,155046.66032441868,30227.1342406411,0.0,185273.79456505977,Stainless 24 Limited,0.0021244130306382254,99.06136047148162
5868389,1,3162.28312,154742.36364111977,30287.31497099692,0.0,185029.6786121167,Diana Wilhelmsen Management Limited,0.0021216139131880946,99.06348208539481
6186046,2,5397.967860000001,163468.33220523788,21437.427967888656,465.475943828769,184905.76017312653,SHN Group of Company,0.002120193021760114,99.06560227841658
6184549,1,2380.39088,163372.45966503242,21423.97852084189,407.55138284843616,184796.4381858743,JEB 1 Partnership GmbH & Co.,0.0021189394982664153,99.06772121791484
6016550,1,2896.08114,155230.3449481122,29319.889975545877,0.0,184550.23492365808,"NH Schifffahrts GmbH & Co.KG MS ""Donautal""",0.002116116447010486,99.06983733436185
6230274,1,3204.73214,154226.30071557828,30125.62543732008,113.81513772095356,184351.92615289835,TENTHONE CORP,0.0021138425704610208,99.07195117693232
5563631,3,6751.02268,155715.65444477837,28315.546643436985,0.0,184031.20108821534,ALLSEAS INC.,0.00211016502659539,99.07406134195891
5994549,1,3331.97948,152018.99884431937,31566.729895384517,0.0,183585.7287397039,MONTAUK TANKER CORP,0.0021050570874818833,99.07616639904639
1426697,1,3229.15122,154031.2475177077,29349.142737843424,0.0,183380.39025555112,"EAGLE SHIP MANAGEMENT CO., LTD.",0.0021027026058216478,99.07826910165221
6004221,1,1907.53794,162053.4043225428,21250.886163345735,65.76824381383182,183304.29048588854,Sea-Lake Shipping Oy Ltd,0.002101830019697532,99.08037093167191
0340747,6,15218.677759999999,151219.22619243854,32012.60149246858,63.98287122763348,183231.82768490713,Pacific Basin Shipping SG Pte. Ltd.,0.002100999136306803,99.08247193080821
5547821,1,2469.53138,153027.28993848167,29489.543078297294,119.88968475389096,182516.83301677895,MS „Rike“ Schifffahrtsgesellschaft mbH & Co. KG,0.0020928007616074873,99.08456473156981
6392450,1,7617.3387,155983.22966500724,26367.42797485351,206.71900191857904,182350.65763986076,NERO TANKERS AS,0.0020908953376001425,99.08665562690742
6271220,3,2892.50062,161032.49327849256,21128.108178972645,156.85989437353157,182160.6014574652,BABA GEMI ISLETMECILIGI,0.002088716088066325,99.08874434299548
6357194,1,3175.50004,151228.39445222923,30811.405926755113,0.0,182039.80037898434,ALLO SHIPPING LIMITED,0.0020873309413657762,99.09083167393685
0017724,1,3174.81932,150998.76233680305,30254.06592774147,1.358558472336245,181252.8282645445,Nordic Marburg GmbH & Co. KG,0.002078307248519254,99.09290998118537
5193805,3,3456.3136200000004,152314.76697312994,28877.45909953324,0.0,181192.22607266318,Tianjin Southwest Maritime Limited,0.002077612362950465,99.09498759354832
6340231,1,2542.863,154652.65368028064,26513.05161894997,0.0,181165.7052992306,LANG SON LIQUEFIED GAS COMMERCE COMPANY LIMITED,0.002077308266643726,99.09706490181497
6331555,1,2605.0353,160061.0672200379,20990.815499325377,0.0,181051.88271936326,"MS ""WES ESTHER"" Schiffahrts UG (haftungsbeschraenkt) & Co. KG",0.0020760031378076775,99.09914090495278
0341379,2,3096.77158,159991.20511441462,20980.48644144046,0.0,180971.6915558551,McKeil Marine Ltd,0.0020750836383549957,99.10121598859114
6331541,1,2229.58064,159648.43691104336,20933.864328823423,0.0,180582.3012398668,"MS ""WES ELISA"" Schiffahrts UG (haftungsbeschraenkt) & Co. KG",0.002070618755108923,99.10328660734625
5475246,1,3097.28454,159480.93351828321,20912.55476784628,29.771016059458308,180393.4882861295,Glorious Maritime Co SA,0.0020684537608623567,99.1053550611071
0086884,2,4017.77978,150857.28212175862,29497.562881473226,4.2738688641231235,180354.84500323184,Oceans Gate Shipmanagement Co,0.0020680106636940436,99.1074230717708
5949035,1,3307.50238,154917.7711748262,25322.318933971725,0.0,180240.09010879791,Mira Shipholding Ltd,0.0020666948446186194,99.10948976661541
0773205,2,7169.3981,155860.61183618708,24284.702831285027,628.0582768167692,180145.3146674721,Narval Shipping Corp,0.0020656081168220104,99.11155537473223
6264072,1,2324.25382,159135.03220315248,20867.274332311532,151.60408028758252,180002.306535464,"Hermann Lohmann Schiffahrts GmbH & Co. KG MS ""RUNA""",0.0020639683364103317,99.11361934306865
5586727,1,2386.73876,159073.75047409392,20860.753195904566,0.0,179934.5036699985,Eems Traveller B.V.,0.00206319088544244,99.11568253395409
6346186,1,3451.65318,150124.2962326135,29036.56168001761,169.59787234695318,179160.85791263112,PANORAMA MARITIME LIMITED,0.0020543199971880728,99.11773685395127
5783077,2,2342.43184,157948.8902918184,20714.409238872813,245.37106180434796,178663.2995306912,Atak International Marine Services Tourism and Trade Ltd. Co.,0.0020486148217066843,99.11978546877297
6274604,1,2882.63419,156594.57724752813,21855.337516773416,0.0,178449.91476430153,OCEANWE SHIPPING LIMITED,0.00204616807860779,99.12183163685158
0052998,1,3215.91917,150778.1353690586,27584.846365515987,0.0,178362.9817345746,Venice Maritime Co. Ltd.,0.0020451712745990077,99.12387680812618
6339710,1,3053.9298,149356.78324798908,28902.21131150197,0.0,178258.99455949105,Gemini 1 Ltd,0.002043978921895889,99.12592078704807
5940805,1,3025.27338,149640.26274838301,28545.641348912126,212.9327577615347,178185.90409729513,M PALLONJI LOGISTICS SINGAPORE PTE LTD,0.002043140841525868,99.1279639278896
6347096,1,2779.14617,153368.04982401148,24441.999726780617,376.6608514595466,177810.0495507921,SKIPPER PLANET SHIPPING LTD,0.0020388311640666774,99.13000275905367
5868888,1,2801.14896,150837.23972137115,26916.92410516441,0.0,177754.16382653557,MS “Caroda” Schiffahrts GmbH & Co. KG,0.0020381903591373245,99.13204094941281
5863051,1,3436.8878,146309.09380972027,31383.067217254462,0.0,177692.16102697473,Beach Road Park Shipping Co Pte Ltd,0.0020374794137193158,99.13407842882653
6371533,1,3289.99042,148240.21459791862,29269.18676669959,0.0,177509.4013646182,"XIAMEN ZHONGHUIYANG SHIPPING CO.,LTD",0.0020353838285930076,99.13611381265513
0012017,1,3050.11307,148947.32003244336,28100.906778918372,0.0,177048.22681136173,HEROIC OCTANS INC,0.00203009584260105,99.13814390849772
0115991,2,3104.94198,154540.056202112,22504.121016064426,185.01145270061102,177044.17721817642,Blue Marine Global Denizcilik Anonim Sirketi,0.0020300494085732277,99.1401739579063
0678691,1,3414.40808,145033.9224208766,31573.87600714691,0.0,176607.7984280235,Efshipping Co S.A.,0.002025045739326471,99.14219900364563
5953545,1,2690.9561,155889.82419544968,20442.00914076204,177.76126747263197,176331.8333362117,SKOTRA LTD,0.0020218814286994745,99.14422088507433
5865075,1,1961.05891,155762.90258567143,20426.698987938784,103.98636781705947,176189.6015736102,Eems Cobalt B.V.,0.0020202505504063484,99.14624113562473
5482115,1,2789.7009,155703.2553758713,20418.1032144218,0.0,176121.3585902931,"Briese Schiffahrts GmbH & Co.KG MS""Kukelborg""",0.0020194680528958456,99.14826060367763
0941637,1,3188.7522,148721.24410080924,26859.644640154238,0.0,175580.88874096348,HAYAMA SHIPPING LTD.,0.002013270839775241,99.1502738745174
6335151,1,3292.7122,149461.04416821426,25938.299685320017,644.2250118365448,175399.34385353426,SEA STAR MARE LTD,0.0020111891836759213,99.15228506370107
5858612,6,9973.70563,151417.7047445971,23799.75324755676,438.2751296481775,175217.45799215388,Dtschart Ltd,0.002009103617852042,99.15429416731892
5029147,2,3243.6535000000003,144155.8304704318,30663.608549666005,0.0,174819.4390200978,"MISUGA KAIUN PHILIPPINES, INC.",0.00200453979546873,99.15629870711439
6096710,2,3360.20664,149779.27164506837,24963.128397309778,0.0,174742.40004237814,Octo Maritime SA,0.0020036564400621065,99.15830236355445
6438631,1,1816.6799,154334.63009356274,20237.160844378646,0.0,174571.79093794138,Anassa MC,0.0020017001774105974,99.16030406373187
5362413,2,3272.12385,146052.26954646423,28423.00000573637,136.35920733105033,174475.2695522006,Livestock Express BV,0.0020005934300150233,99.16230465716188
1299459,1,3299.6584,143863.14533038888,30476.256633965204,114.64268962240538,174339.4019643541,AKMAR SHIPPING & TRADING S.A.,0.0019990355255378144,99.16430369268743
6009080,1,3209.93206,144651.63606140055,29575.743322821647,272.30302721632614,174227.3793842222,Valloeby Promise Limited,0.001997751036117621,99.16630144372354
6501688,1,3145.16166,145316.79959582654,28687.594593837166,298.511981170279,174004.3941896637,"SAL Shipping UG (haftungsbeschrankt) & Co. KG MS ""INDUSTRIAL URSULA""",0.0019951942112084553,99.16829663793474
6418541,1,2986.93012,145385.99820896494,28297.483640028644,0.0,173683.48184899357,STI Miracle Shipping Company Limited,0.001991514519971966,99.17028815245472
6123468,1,3319.0767,144253.1506306042,29385.18889271141,0.0,173638.33952331563,Anglo Cynosure Shipping Limited,0.0019909969025445865,99.17227914935727
6350841,1,3046.07568,146514.69747259645,26903.51801795725,2.7873442292453627,173418.2154905537,LYNN INTERNATIONAL MARITIME S.A.,0.0019884728847003263,99.17426762224197
5561211,2,2964.6408,146953.29064180807,26440.715333525586,249.768320108944,173394.00597533365,Anadoluhisarı Tankercilik A.S.,0.001988195290074925,99.17625581753205
6371785,1,3282.8946,145753.08965604144,27559.25070516645,29.981811477384525,173312.3403612079,UOG HERMES AS,0.0019872588840645065,99.17824307641612
0013514,1,2410.7517,153017.75382690362,20065.47430844849,0.0,173083.2281353521,REEDEREI M. LAUTERJUNG GMBH & CO. KG EUROCOASTER,0.0019846318045078468,99.18022770822063
6315060,1,3119.68852,143641.39611735317,29204.228214898976,0.0,172845.62433225213,Freedom HLMPP Shipping Ltd.,0.0019819073576068714,99.18220961557823
6297941,1,2677.74738,152787.60688888357,20035.343760206142,0.0,172822.9506490897,"BREB Schifffahrts GmbH & Co. KG MS ""Mellum""",0.0019816473733599038,99.18419126295159
6142286,1,2672.32938,143872.0833642341,28847.699996856612,0.0,172719.78336109073,Kramer Beteiligung GmbH & Co. KG,0.001980464421763996,99.18617172737335
6292821,1,3044.85644,145351.9256185809,27297.006140907815,22.78663555061055,172648.9317594887,YIHAI SHIP MANAGEMENT PTE LTD,0.001979652012939325,99.18815137938628
5430081,1,3250.45548,140999.82354776986,31236.224396847265,0.0,172236.04794461714,Taihua Ship Management Limited,0.0019749177451573543,99.19012629713144
0750619,2,14536.81655,146468.76357353956,25749.292751938538,137.82183190189713,172218.0563254781,Union Marine Enterprises SA,0.0019747114470663,99.1921010085785
0292931,1,3205.10402,144174.19162673794,27873.34622994772,0.0,172047.53785668567,OCEANIC POWER CORP.,0.001972756223674252,99.19407376480218
5865818,1,1928.82578,151946.0044764789,19926.16610102317,0.0,171872.17057750208,"Hermann Lohmann Schiffahrts GmbH & Co. KG MS ""HERMAS""",0.001970745402155106,99.19604451020435
5962248,1,4345.8965,151774.7257180303,19902.77352903581,0.0,171677.4992470661,Scheepvaartonderneming Jaguar B.V.,0.001968513233747044,99.1980130234381
5960459,1,2623.74722,147362.92291625837,24281.0130701921,337.540881640143,171643.93598645047,Oceanbulk International SA,0.0019681283858608662,99.19998115182395
6167188,2,2517.6718,151338.63445069818,19846.191176335178,0.0,171184.82562703337,BERCO SHIPPING LTD.,0.001962864068625197,99.20194401589258
6490988,1,2434.56706,141840.3393956571,29200.487068849467,0.0,171040.82646450656,YANGTZE ONE SHIPPING LIMITED,0.0019612129247168473,99.20390522881729
6091926,1,3317.5095,143029.03673003142,27949.939794700942,0.0,170978.97652473237,Balestier Park Shipping Co Pte. Ltd.,0.0019605037320417095,99.20586573254933
6429443,2,3278.58425,145707.4607426466,24775.814019452257,0.0,170483.27476209885,"QINGDAO BOHWA SHIPPING CO., LTD.",0.0019548198451956444,99.20782055239452
6454322,1,2934.85434,142237.78243813216,27821.752835120064,0.0,170059.53527325223,RIVIERA ONE SHIPPING INC,0.0019499611025234006,99.20977051349705
6470472,1,3048.59234,142326.43386934756,27346.28841530134,315.4800070675748,169672.7222846489,"Condor 246. Schifffahrts-GmbH & Co. KG MS ""KOBE""",0.0019455257717992788,99.21171603926885
6350342,1,1904.01134,149920.98378514274,19659.67063198507,0.0,169580.6544171278,Blue Fin Shipping GmbH & Co KG,0.0019444700899748522,99.21366050935883
6085763,1,2068.06236,149703.0931929344,19630.877782805524,0.0,169333.97097573994,Briese Chartering Carriers GmbH & Co. KG,0.0019416415328194418,99.21560215089166
6155755,1,3176.94154,140666.92872424357,28664.23571080447,0.0,169331.16443504803,"NH Schifffahrts GmbH & Co. KG MS ""Fuldatal""",0.0019416093520589033,99.21754376024371
6444119,1,2258.1819,145574.80472278802,23573.590801644237,0.0,169148.39552443224,LORD MARINE SA,0.0019395136608888746,99.2194832739046
5776044,1,2865.39949,142874.92127333887,26205.646841184316,0.0,169080.5681145232,STI Duchessa Shipping Company Limited,0.0019387359284859542,99.22142200983309
0111693,1,9949.18141,142935.11219016885,26070.772829581496,384.25641068686383,169005.88501975033,HEROIC HERCULES LTD,0.0019378795864432154,99.22335988941954
6301984,2,4302.3825400000005,140508.9622926037,28374.049120957992,55.70813782869965,168883.0114135617,"Tianjin Hangan International Shipmanagement Co., Ltd.",0.0019364706754273783,99.22529636009497
6414225,1,3394.8828,138064.66957108662,30586.11542565798,424.79478831695616,168650.7849967446,EF Emma GmbH & Co. KG,0.001933807887486413,99.22723016798246
6405258,1,2305.08194,148933.66703919874,19530.378816963766,0.0,168464.0458561625,"MS ""WES MADITA"" Schiffahrts UG (haftungsbeschraenkt) & Co. KG",0.0019316666722945179,99.22916183465475
1610571,1,3060.77528,141853.94481453657,26382.682368754973,389.61316030703193,168236.62718329154,UNIT MARITIME INC,0.001929059011598672,99.23109089366635
0064704,1,2968.94705,142996.90279502564,25066.769775096418,5.415987022865579,168063.67257012206,BYZANTINE MARITIME CORPORATION,0.0019270758545375845,99.23301796952089
6335028,1,3100.4519,139160.99447926012,28604.169267541532,483.88837747526566,167765.16374680164,Petra Shipping Services llc,0.0019236530497339633,99.23494162257062
0018943,1,3148.59762,142046.19707166127,25449.32302681593,183.24983009082567,167495.5200984772,TARIEL INVESTMENTS LTD.,0.001920561222951476,99.23686218379356
1812532,1,2333.4871,147974.9484334821,19405.402613603186,51.63577914008894,167380.35104708528,Master Deniz Acenteligi AS,0.0019192406550099731,99.23878142444858
4130623,1,2983.90648,139600.35478510914,27537.861214288532,166.69429153324245,167138.21599939768,"MS ""Stella Friederich"" Schifffahrtsgesellschaft mbH & Co. KG",0.0019164642513005907,99.24069788869987
6339533,1,3022.35393,137353.8728755546,29368.582759396388,0.0,166722.45563495098,Astra 16 Limited,0.001911697000012156,99.24260958569988
6237930,1,3210.24059,137054.91301657047,28941.506105720924,128.23252067998604,165996.41912229138,BARRAL MARINE CORP.,0.0019033720157269577,99.24451295771561
6486610,1,3194.4424,135690.68666395018,30047.077558864872,0.0,165737.76422281505,Alpha 7 Limited,0.001900406189716993,99.24641336390533
0216212,1,2265.46984,136671.15694902936,28722.756951568972,6.676031955967703,165393.91390059833,"HAKUYO KISEN CO.,LTD.",0.00189646348369739,99.24830982738904
6332584,1,2976.40044,137390.8942270333,27953.732130437147,0.0,165344.62635747046,Pacific Tanker Ltd,0.0018958983357814918,99.25020572572481
5466322,1,3165.13054,137821.54587544035,27385.883641728455,0.0,165207.4295171688,Briese Schiffahrts GmbH & Co. KG MS Nuettermoor,0.0018943251896385985,99.25210005091445
6448421,1,3011.3245,136355.62761831086,28633.425481340415,0.0,164989.05309965127,STI Galata Chartering Limited,0.0018918212105516075,99.253991872125
5816275,1,2362.53346,145439.24666665765,19072.722821672156,146.63080282514838,164511.9694883298,"Hermann Lohmann Schiffahrts GmbH & Co. KG MS ""LINDLOH""",0.0018863508058299117,99.25587822293083
1368491,1,2523.36039,139100.088247869,25178.91957300786,0.0,164279.00782087684,"SHINSUNG SHIPPING CO., LTD",0.0018836795872523566,99.25776190251808
5875624,1,3194.01732,137331.322626492,26700.02715426895,86.85189409826067,164031.34978076097,FENG SEA SHIPPING PTE LTD,0.0018808398550128373,99.2596427423731
6115251,1,4831.86569,144460.9605546624,19155.974177136126,0.0,163616.9347317985,SIA TB Marine Shipmanagement (Riga),0.0018760880295743008,99.26151883040268
0235217,1,3590.34557,138445.86681741854,24824.748438717565,0.0,163270.6152561361,ADW 29. Schifffahrtsgesellschaft mbH & Co. KG,0.0018721170113923278,99.26339094741407
6341551,1,2962.26152,135361.35312146935,27884.677194630312,153.3721041255993,163246.03031609967,MS TABIT GmbH & Co. KG,0.0018718351120169008,99.26526278252608
6286173,1,3184.78671,135866.12223255038,27350.864997631492,194.2487689888925,163216.98723018187,"NingBo Safety Developing Ship Management Co., Ltd",0.0018715020940079665,99.26713428462008
6251227,1,3139.53732,135650.4141143415,27462.964821351743,115.34628197464022,163113.37893569324,"Xiang H31 International Ship Lease Co., Limited",0.0018703140856800185,99.26900459870576
6300491,1,2300.81161,140442.9078352738,22545.12632116405,0.0,162988.03415643785,"MS ""Friedrich"" Jens u. Waller GmbH & Co. KG",0.0018688768393441417,99.2708734755451
6251258,1,3113.2784,135395.6788754392,27267.608244445186,76.38413289245167,162663.28711988436,"Xiang H34 International Ship Lease Co., Limited",0.001865153178166181,99.27273862872327
5487717,1,2804.8921,138221.03121744623,24377.14061269543,200.62771523458247,162598.17183014165,Crowley Government Services,0.0018644065438655885,99.27460303526713
5891641,1,6402.32452,162329.85301140713,0.0,0.0,162329.85301140713,Partenreederei ms 'Splittnes' Hans-Jurgen Hartmann,0.0018613299080346918,99.27646436517517
6063336,2,4285.6967,133512.81888247697,28541.642363955994,0.0,162054.46124643297,"JW SHIPPING CO., LTD.",0.0018581721713703404,99.27832253734654
6484905,1,3035.6962,136196.07933903104,25734.076726653875,0.0,161930.15606568492,SARKAS SHIPHOLDING LTD,0.001856746845428391,99.28017928419197
0032346,1,3147.68458,136817.66135684642,24898.89307565304,382.8980354763623,161716.55443249946,Golden Pioneer (Shanghai) Shipping Co. Ltd.,0.001854297615660252,99.28203358180764
0216420,1,3039.70157,142901.09482003,18739.838100536523,273.85150062803604,161640.93292056653,"Hermann Lohmann Schiffahrts GmbH & Co.KG MS ""MARAS""",0.0018534305134037027,99.28388701232105
0056491,3,28685.167220000003,142075.01524332725,19123.93013647563,202.6508356149928,161198.94537980287,Cloud Ship Management DMCC,0.001848362532294003,99.28573537485335
5840712,1,2384.3022,142432.3564941827,18676.95461747742,190.42652843633152,161109.31111166012,BARLA DENIZCILIK VE TICARET LIMITED SIRKETI,0.0018473347549567858,99.2875827096083
6263061,1,2960.30208,132744.81741106795,28068.748254018818,77.37221670883898,160813.56566508676,CL OUJIANG LTD.,0.0018439436359810708,99.28942665324428
1763161,1,1987.14292,142012.9171041817,18623.076910065076,226.30118161173007,160635.99401424677,"Baltic Forest Line MS ""Baltic Carrier"" Schiffahrtsgesellschaft mbH & Co. KG",0.0018419075383785898,99.29126856078265
6203955,1,2356.607,138174.54001868377,22427.89040373251,0.0,160602.43042241628,Briese Schiffahrts GmbH & Co. KG MS Bentum,0.0018415226866945883,99.29311008346934
0056307,2,5337.96498,140247.60062427522,20254.65801234335,41.88482496515176,160502.25863661856,HLY Denizcilik Sanayi ve Tic,0.001840374082556855,99.2949504575519
0026427,1,2197.97824,137356.1454010309,22768.41507983786,0.0,160124.56048086876,Hydrus Shipping & Trading SA,0.0018360432656401586,99.29678650081755
6137056,1,3143.08978,133509.37568780206,26331.78589674229,28.225988286937614,159841.16158454434,SINGAPORE STRAIT SHIPMANAGER PTE LTD,0.0018327937164546765,99.298619294534
0056770,3,10174.16746,132167.84995321988,27502.2058619512,0.0,159670.05581517107,"SHANGHAI SEACON OCEAN SHIPS MANAGEMENT CO., LTD.",0.0018308317588722387,99.30045012629287
1763175,1,2025.03784,140683.78449171086,18449.08683236687,213.12421063940207,159132.8713240777,"Baltic Forest Line MS ""Baltic Merchant"" Schiffahrtsgesellschaft mbH & Co. KG",0.0018246722167987654,99.30227479850967
6332448,1,2478.8164,133582.64105961524,25488.026947640235,0.0,159070.66800725547,TROPIC 7 LIMITED,0.0018239589721808945,99.30409875748185
6067515,2,2655.8439900000003,140503.4801965669,18424.5590411501,51.250655674705094,158928.039237717,Caspian Marine Services B.V,0.0018223235416697271,99.30592108102353
5957548,1,1954.36157,140397.39445962282,18409.7436167523,5.976530293075906,158807.13807637512,Fluvius Tavy Ltd.,0.0018209372473846832,99.30774201827091
6148206,1,2073.2656,137829.55366053918,20651.571994678055,0.0,158481.12565521724,Sonay Denizcilik A.S.,0.0018171990768717748,99.30955921734778
6494495,1,4529.27625,136421.27854307956,21532.694616825214,335.9606215069118,157953.97315990477,Emerald Marine Shipping Management LTD,0.0018111545651111976,99.3113703719129
0005046,2,11135.07391,135510.82328122575,22369.260010172162,795.3404335633353,157880.0832913979,Anglo-Eastern (UK) Limited,0.0018103073184735571,99.31318067923138
5950965,1,2359.35952,139575.26610385097,18303.386915358045,241.70214680702182,157878.653019209,Spanaco Four Limited,0.0018102909184808732,99.31499097014986
1482817,3,3028.8113599999997,138092.54560041497,19050.984247094926,179.89842396792903,157143.5298475099,AKAR DENIZ TASIMACILIGI VE TICARET ANONIM SIRKETI,0.0018018617434388878,99.31679283189331
5480652,1,3006.37492,130139.77430800977,26887.589462384898,8.260145392180501,157027.36377039467,DRAGON WEALTH SHIPPING LIMITED,0.001800529743257637,99.31859336163657
6404131,1,3028.34312,130224.50849998364,26702.941186174347,0.0,156927.44968615798,BUKIT BATOK PARK SHIPPING PTE LTD,0.001799384094014607,99.32039274573059
5885413,1,2514.33832,132280.04899608073,24438.70753957981,0.0,156718.75653566053,PINZA SHIPPING PTE. LTD.,0.0017969911465966384,99.32218973687718
1958271,1,2541.52444,138257.02802099058,18128.68798821544,371.074660261212,156385.71600920602,Namar Denizcilik Tasimacilik Sanayi ve Ticaret Limited Sirketi,0.0017931723894119458,99.32398290926659
6402664,1,3050.0144,130958.47306178245,25188.089082152073,327.84169553458304,156146.56214393454,Riviera Shipping Investments S.A,0.0017904301689651582,99.32577333943556
6433128,1,2015.00306,137945.1721108924,18089.005038621108,0.0,156034.1771495135,Schifffahrtsgesellschaft Heide B mbH & Co. KG,0.0017891415239781178,99.32756248095953
0292975,1,2739.8393,128353.54804509481,26305.367858475576,0.0,154658.9159035704,OCEANIC OPPORTUNITIES CORP.,0.00177337230568002,99.3293358532652
0073251,2,2775.1399499999998,126944.10055935208,26656.844789578703,205.652662318108,153600.94534893078,GRECOMAR SHIPPING AGENCY LTD.,0.001761241251541553,99.33109709451675
6514026,2,6289.73789,132621.29481976843,20964.781503655133,1116.8085084482796,153586.07632342356,Maryam Shipmanagement DMCC,0.0017610707581827132,99.33285816527493
4018391,1,2538.31844,135751.2862105948,17802.137597011137,415.10092614748083,153553.42380760593,"MS ""PINTA“ INTERSCAN Shipping GmbH & Co. KG",0.0017606963532095278,99.33461886162814
0213646,2,11201.76951,128021.1901322605,25251.26222477785,610.7820591755233,153272.45235703833,NYN TPM Ship Management Ltd,0.0017574746379517149,99.3363763362661
5865941,2,2688.0327,132346.765246811,20894.477595751276,200.1641969587455,153241.24284256226,AKSON DENIZCILIK TIC LTD STI,0.0017571167789280548,99.33813345304503
6459323,1,2701.67,128127.63692465413,24789.397487813512,0.0,152917.03441246765,Briese Schiffahrts GmbH & Co. KG MS Cleverns,0.001753399293596939,99.33988685233862
6342546,1,2900.277,132221.49599667813,20656.477839470153,309.0811390158576,152877.97383614827,SOHO MARINE S.A.,0.0017529514115987755,99.34163980375023
6069542,1,2700.7142,129341.73896999772,23291.448504584172,467.77832851489075,152633.18747458188,UNITED SHIPPING AND PETROLEUM LTD,0.0017501446070128655,99.34338994835724
5886341,1,2006.8713,134467.09353276694,18109.704417832265,0.0,152576.7979505992,Anglo-Eastern Cruise Management Inc.,0.0017494980253426324,99.34513944638259
5797972,1,2738.3542,125414.09538470692,27121.588736755566,0.0,152535.6841214625,"KORIN STAR CO., LTD.",0.0017490266000417013,99.34688847298263
6505677,1,2315.1505,126725.87099979234,25606.905136748785,0.0,152332.77613654113,Palma One Shipping Inc.,0.001746699987321325,99.34863517296995
0269501,1,7863.2487,127012.45982476318,25284.421313599436,311.72513588648116,152296.88113836263,Premuda S.p.A.,0.0017462884029305365,99.35038146137288
5980213,2,4668.5772,134125.27766624012,17589.137420008916,426.98414231975204,151714.41508624904,Trim Ship Management BV,0.0017396096469093766,99.35212107101978
6478756,1,2814.5053,124386.98777960098,27310.573872822533,0.0,151697.56165242352,HARRISON TANKER CORP,0.0017394163996424655,99.35386048741942
5884154,1,2759.8246,125408.44592885,26129.73946918483,162.49351093139634,151538.1853980348,"Qingdao Lizhou Ships Management Co.,Ltd",0.001737588936711766,99.35559807635613
6292852,1,2653.32192,129532.58608426714,21786.560935954192,0.0,151319.14702022134,HAROUN SHIPHOLDING LTD,0.001735077367360422,99.35733315372349
0049251,1,2553.56992,129924.77385848195,21360.79980413428,571.0026335417316,151285.57366261623,Promar-K Ltd,0.001734692403698691,99.35906784612719
6324023,1,2582.6884,125982.78915073689,25071.815657459345,78.27318444598811,151054.60480819625,MS NORDERNEY GmbH & Co. KG,0.0017320440354005556,99.3607998901626
1730857,1,2906.57668,123462.98231911293,26992.081020864916,0.0,150455.06333997785,KCC Shipowning AS,0.001725169486787347,99.36252505964939
6297924,1,2438.13094,133003.14111636722,17441.264504646133,0.0,150444.40562101334,"BREB Schifffahrts GmbH & Co. KG MS""Neuwerk""",0.001725047281717287,99.36425010693111
6059886,1,1888.75078,132373.98203136568,17359.587476470428,18.263504014436617,149733.5695078361,Scheepvaartonderneming Alinda B.V.,0.001716896590438863,99.36596700352155
6498334,1,1780.80476,132269.1221838654,17344.407036078832,0.0,149613.52921994423,Anka Shipping & Trading Ltd.,0.0017155201672247884,99.36768252368877
6480774,1,2785.58262,127154.88218214526,22148.48988706086,142.12008872284815,149303.37206920612,"JIN HE STEAMSHIP CO.,LIMITED",0.0017119637986939852,99.36939448748747
6346929,1,2208.24915,126906.33415933404,22272.012792839887,0.0,149178.34695217392,"MS ""Brigitte"" Jens u. Waller GmbH & Co. KG",0.001710530217715068,99.37110501770519
6025368,1,2958.21514,126167.1185769861,22968.170082417553,0.0,149135.28865940365,"MV ""JSP VENTO""  SCHIFFFAHRTS GMBH & CO. KG",0.0017100364965255553,99.37281505420171
0046552,1,2518.34031,123432.81252575242,25345.651788088937,79.98562175295038,148778.46431384137,SeaWave GmbH & Co. KG,0.001705945025893451,99.3745209992276
6511914,1,1882.8838,131198.734649642,17205.406872634423,64.30140109403395,148404.14152227642,ARJUVE 2024 SAS,0.0017016529120630398,99.37622265213966
6191829,1,3389.55138,148199.9828263372,0.0,0.0,148199.9828263372,Hyperion Shipping Pte. Ltd.,0.0016993119582601039,99.37792196409792
6273637,1,2771.65836,122457.54398777279,25503.952964247044,450.7010661461348,147961.49695201984,SAPPHIRE SHIPPING LTD,0.0016965773972272699,99.37961854149515
1927070,1,2014.26568,130772.48617863444,17148.638367889667,0.0,147921.1245465241,Rederi AB Swedish Bulk,0.0016961144733447279,99.3813146559685
0224901,1,2522.8195,122532.0377976565,25235.79884012706,0.0,147767.83663778356,HARRIER SHIPPING AND TRADING LTD,0.0016943568214785687,99.38300901278997
6194355,1,2324.86772,123070.9083835575,24584.058724839953,341.1676223547982,147654.96710839745,"MS ""CASTOR J"" Shipping GmbH & Co. KG",0.0016930626206470222,99.38470207541062
5028268,1,2844.20304,120813.5302453081,26763.73374998177,259.98903664846455,147577.26399528986,Transmed Shipping Co Ltd,0.001692171650035693,99.38639424706065
0052193,1,2864.67296,124001.30834844185,23121.339458957158,388.23912507480657,147122.64780739901,Apeejay Shipping Limited,0.0016869588645159618,99.38808120592516
5756483,1,2699.27978,122842.50895391304,24260.16264919607,0.0,147102.6716031091,United Ship Management Pte Ltd,0.001686729810489213,99.38976793573565
0007949,2,3004.6086999999998,129854.96782264614,17028.046720755057,0.0,146883.0145434012,Isle of Man Steam Packet Co,0.0016842111471185477,99.39145214688277
6170505,2,2802.6688400000003,125452.53717080108,21404.281057924632,0.0,146856.81822872572,United Marine Muhendislik San.Tic.Ltd. Sti.,0.0016839107711674752,99.39313605765393
6270592,1,1991.29789,129615.89644345663,16996.885765993055,37.425003788819424,146612.78220944968,Fluvius Plym B.V.,0.0016811125702642545,99.3948171702242
0140867,1,2435.41558,128831.45123256385,17725.005610111537,0.0,146556.4568426754,Anaella Oceanway Limited,0.0016804667242426318,99.39649763694844
6040285,1,2972.34672,129501.9116628196,16981.80047276298,0.0,146483.71213558258,Dragonet Shipping Inc,0.0016796326084195026,99.39817726955685
6270575,1,1894.21701,129449.89079365523,16975.249690556284,42.818878285116,146425.1404842115,Fluvius Axe B.V.,0.0016789610057263594,99.39985623056258
6232956,1,2751.80494,121938.22051913677,24471.18158489845,0.0,146409.40210403522,"HS Schiffahrts UG (haftungsbeschrankt) & Co. KG MS ""Thekla""",0.0016787805440479763,99.40153501110663
1916631,1,2682.78363,122764.54901171412,23569.31150912434,641.9975506830285,146333.86052083847,"BLUE FLEET MANAGEMENT CO., LTD",0.0016779143582817972,99.40321292546491
6028950,1,2832.70912,120325.30172152551,25505.53581823952,102.95829374438166,145830.83753976502,Anglo-Eastern Tanker Management (Singapore) Pte Ltd,0.001672146523827866,99.40488507198874
0955790,1,2936.64746,124857.41839357866,20650.397418508102,0.0,145507.81581208674,Dongbang Transport Logistics Co. Ltd,0.0016684426456346766,99.40655351463438
5301071,1,2043.37295,128560.62396466274,16857.87832173255,157.48245844167153,145418.5022863953,Amny Eems B.V.,0.001667418546040686,99.40822093318042
0224889,1,2690.36996,119292.79952323288,25850.59093690337,0.0,145143.39046013626,HAWK SHIPPING AND TRADING LTD (FME),0.0016642640192498928,99.40988519719967
5948108,1,1978.64702,128210.90990398527,16812.643820241672,289.3069405858362,145023.55372422695,"MS ""Indi"" Interscan UG (haftungsbeschraenkt) & Co. KG",0.001662889930032837,99.4115480871297
6167815,1,2779.98129,120413.19196289913,24547.613097309124,226.26496136138965,144960.80506020825,East 33 Maritime Ltd,0.0016621704322765062,99.41321025756199
6212471,1,2741.3565,121445.44184714822,23427.68547452052,123.4661336313409,144873.12732166873,"MS ""BF TROUT"" Schiffahrts GmbH & Co. KG",0.0016611650891804278,99.41487142265116
6076283,1,2138.5623,128029.65242245462,16789.01925443737,9.26736320026234,144818.67167689197,NH Shipping GmbH & Co. KG,0.0016605406820340899,99.4165319633332
6499006,1,2537.58308,126329.52131817258,18050.516391286223,0.0,144380.03770945882,Gas Lisbon Inc,0.0016555111541492475,99.41818747448735
0051748,1,2381.5474,123535.5068900979,20680.330373457266,0.0,144215.83726355515,HONGKONG HUAFA SHIPPING LIMITED,0.0016536283753799496,99.41984110286273
5880474,1,2758.93556,119058.6639844236,24631.796971782966,0.0,143690.46095620657,HEUNG-A MARINE,0.001647604230001268,99.42148870709273
5936017,2,2462.72096,126662.52488310481,16609.774078963073,83.62883663861732,143272.29896206787,Franklin Shipping Ltd,0.0016428094408010392,99.42313151653353
6250970,1,2554.02784,126567.19774901366,16596.62293484738,0.0,143163.82068386103,Tesla Shipping Ltd,0.0016415655915653457,99.4247730821251
6506905,2,2783.73774,126407.86525346135,16577.03983907296,437.5073568070601,142984.90509253432,West Denizcilik Ticaret AS,0.001639514083879161,99.42641259620898
6201565,1,1501.81864,125624.82093771263,16473.67642840279,0.0,142098.49736611542,Schifffahrtsgesellschaft Nina B mbH & Co. KG,0.0016293502281170258,99.42804194643709
6273226,1,2325.54021,119836.26443353602,22070.19818100721,0.0,141906.46261454324,JUDGE SHIPTRADE LTD,0.0016271482916287436,99.42966909472872
6433145,1,1715.91532,125002.4709337176,16390.563797738007,0.0,141393.0347314556,Schifffahrtsgesellschaft Emma B mbH & Co. KG,0.0016212611509908304,99.43129035587971
6339547,1,1955.09538,123603.05484267541,17665.271883302194,76.67198410387427,141268.3267259776,Astra 18 Limited,0.001619831206122025,99.43291018708584
0221116,1,2120.8179,121273.21330048185,19661.342048370672,176.5234115225483,140934.55534885253,"HISAMOTO KISEN CO., LTD.",0.0016160040687522579,99.43452619115459
6270589,1,1619.85715,124243.39475302029,16293.085521780544,0.0,140536.48027480082,Fluvius Otter B.V.,0.0016114396030841745,99.43613763075767
6108090,3,3119.81561,124118.35063157947,16287.79215582923,0.0,140406.1427874087,Ind Shipping Co,0.0016099451086401735,99.43774757586631
6038695,1,2717.50631,117481.35290001346,22356.29662854898,499.37273688592876,139837.64952856244,Dawson Ship Management SIA,0.0016034265694708423,99.43935100243579
6363122,4,7325.1649800000005,123471.78952345408,16191.534564292626,621.6426900344095,139663.3240877467,Idea Denizcilik AS,0.0016014276940286346,99.44095243012981
6232148,1,1659.01202,122880.761292089,16112.984547374916,0.0,138993.7458394639,General Partner ms Hanze Pathfinder B.V.,0.001593750079614663,99.44254618020943
0136900,1,2437.6971,118262.88248195869,20581.27300888613,87.59291589817634,138844.15549084483,HALFF SHIPPING LTD,0.0015920348252441779,99.44413821503468
6220851,1,2400.58954,119793.82894939926,18821.676526702122,362.49434797992524,138615.5054761014,RIZIK SHIP TRADE LTD,0.0015894130455590537,99.44572762808025
6249380,1,2410.97612,122525.32726354914,16067.874144380894,0.0,138593.20140793003,DCC DENIZCILIK SAN. VE TIC. LTD. STI.,0.0015891572994446573,99.4473167853797
6511741,2,2506.36268,114512.06941361651,24045.773812611664,124.38982102055854,138557.84322622817,CHINALAND SHIPMANAGEMENT PTE. LTD.,0.001588751870376162,99.44890553725007
6102471,1,2634.19278,114383.66280401302,24043.913510511466,151.3287529150946,138427.5763145245,New Navigator Ship Management (Hong Kong) Ltd,0.0015872581851772705,99.45049279543525
6465769,1,2586.43384,113311.66198908698,24883.482188289552,419.8697294275204,138195.14417737653,"FJ FORTUNE SHIPPING CO., LIMITED",0.0015845930383762594,99.45207738847363
6178647,1,2062.1416,115172.35402699192,22962.664096375112,0.0,138135.01812336704,JUPITER 16 LTD,0.0015839036123680187,99.453661292086
6415427,1,2643.7761,115173.40491073554,22807.719256093023,461.9235571093354,137981.12416682855,Su-Nav SMEA Private Ltd,0.0015821390113494324,99.45524343109734
0056806,1,2464.8656,114922.16383904216,22927.56162223107,0.0,137849.72546127322,GOLDEN FAITH LTD,0.0015806323486130967,99.45682406344595
6309375,1,2246.90727,116631.73080891864,21163.20112325173,323.66524355253637,137794.93193217038,ATLAS STAR SHIPPING LTD.,0.001580004067168902,99.45840406751311
5817671,1,2387.44408,121768.15745562519,15966.650444665453,315.3164245596844,137734.80790029065,Spanaco Two Limited,0.001579314664347096,99.45998338217746
0172933,1,2220.21328,115608.41725943031,22114.108894809124,222.94916345763656,137722.52615423943,AOSTA MARITIME INC,0.0015791738376240757,99.46156255601508
0046858,1,2313.04881,114543.05816569067,23177.22267096742,0.0,137720.2808366581,"MS ""Maximilian"" Jens u. Waller GmbH & Co. KG",0.001579148092040687,99.46314170410712
6290255,1,2136.8817,115983.95145722954,21490.75351143764,0.0,137474.70496866718,Alder Shipping Limited,0.0015763322347026596,99.46471803634182
0106790,1,2426.10316,115809.23375181721,21330.729948289754,188.42742851021114,137139.96370010698,PERA BULK SHIPPING CO,0.001572493976224222,99.46629053031805
5878371,1,2458.70119,116645.84595313862,20027.230976096544,458.2567009494418,136673.07692923516,"Anji Shipping Co., Ltd.",0.0015671404919810718,99.46785767081003
6493948,1,2294.62002,117396.33750956012,19257.134623209462,0.0,136653.4721327696,SAFI INTERNATIONAL SHIPPING DENIZCILIK ANONIM SIRKETI,0.0015669156966441368,99.46942458650668
6338787,1,2661.68658,113060.75818566057,23461.418679340157,0.0,136522.1768650007,Fleet Management Middle East DMCC,0.001565410219961025,99.47098999672664
0126470,1,3961.36764,114995.21767483905,21523.0494246551,0.0,136518.26709949414,Clearwater Tanker Management,0.0015653653892454434,99.47255536211588
6356899,1,2132.34266,120650.10635435622,15821.304537730566,0.0,136471.41089208677,AK GROUP CO. LTD,0.0015648281198608754,99.47412019023575
5078256,17,26794.68508,115763.70508440598,20685.581330187757,1377.1277103240477,136449.28641459375,EMS Shipmanagement GmbH & Co. KG,0.0015645744329949452,99.47568476466874
6504210,1,2580.26184,119595.96461627596,16632.469498451268,418.6808463663955,136228.43411472722,RABIE SHIPPING SA,0.0015620420645896652,99.47724680673333
5119128,1,2436.08896,113359.36123690639,22396.64457936589,0.0,135756.00581627229,"DALIAN TRAWIND INTERNATIONAL SHIP MANAGEMENT CO.,LTD",0.0015566250392859196,99.47880343177262
0047927,1,2104.471,118312.74041659503,17365.32201699195,0.0,135678.06243358698,Golden Sun Shipping Co Ltd,0.0015557313136610011,99.48035916308628
6460241,1,2029.84738,114777.80282628181,20854.003322765544,0.0,135631.80614904736,Heng Hui Shipping Company Limited,0.0015552009231983048,99.48191436400947
6147066,1,2381.74336,114115.0035678934,21513.843436631007,0.0,135628.8470045244,Canada Jupiter Maritime Co. Limited,0.0015551669926297702,99.4834695310021
5775899,1,1839.86028,112518.57608413095,23086.34443866138,54.60787469466945,135604.92052279232,STI Battersea Shipping Company Limited,0.0015548926433636568,99.48502442364547
0115943,1,2282.19717,112930.20988008483,22484.455822182925,0.0,135414.66570226775,Blue Bulk 4 (Liberia) Ltd.,0.001552711116176755,99.48657713476165
5898635,1,2327.34458,113107.56031688073,22242.003238812686,0.0,135349.56355569343,Kmarin No 17H SA,0.0015519646325802502,99.48812909939423
5823745,1,2627.298,112471.59300041491,22790.43616452719,0.0,135262.0291649421,Earth Summit Shipping Pte. Ltd,0.001550960933159198,99.48968006032739
5876392,2,2152.21421,117679.1959945809,17532.1081321076,0.0,135211.3041266885,Mody Shipping Co SAL Off-shore,0.0015503793024299385,99.49123043962982
6247715,1,1697.06404,119522.5225396781,15674.640163546566,127.64509092039114,135197.16270322466,dship Carriers GmbH & Co. KG,0.0015502171520062973,99.49278065678182
6222005,1,2565.08899,111678.48075964961,23476.49984146937,356.7683820179463,135154.980601119,POOLVILLE SHIPPING INC,0.0015497334775202028,99.49433039025934
5992159,1,2621.4314,111350.83440804576,23792.482072077746,0.0,135143.3164801235,Front Prince I Inc,0.0015495997326984273,99.49587998999203
6183316,3,7426.10682,113814.48989616301,21105.899740412464,230.50675714959925,134920.38963657548,NEPTUNE TRADEBULK INC,0.0015470435768620112,99.4974270335689
5677312,1,1731.55048,134890.93100291406,0.0,57.31454788524937,134890.93100291406,PENINSULA PETROLEUM S.L.,0.0015467057940397723,99.49897373936294
6442259,1,2519.2586,117409.60396108821,17151.378128087512,0.0,134560.98208917573,SELINI SHIPPING CO LLC,0.0015429224863494637,99.50051666184929
6356219,1,1466.80912,118844.33807142968,15583.751299551806,0.0,134428.0893709815,"MS ""Mina"" Schiffahrts GmbH & Co. KG",0.001541398692750528,99.50205806054204
6416204,1,1965.21388,118825.27264461145,15582.25053202741,0.0,134407.52317663888,Vega Shipping LLC,0.00154116287369498,99.50359922341573
6235301,1,2513.67526,112229.10051464857,22166.555889909636,361.44056355417786,134395.65640455822,PELAGOS MARINE S.A.,0.0015410268052061852,99.50514025022093
5883187,1,2621.5406,113112.21580832374,20871.437673722514,502.5832937900263,133983.65348204627,Brisbane Investments Inc.,0.001536302638038885,99.50667655285898
4079336,6,2658.77482,116359.31914475089,17559.844157272644,336.3869639585892,133919.16330202355,Palmali Gemicilik ve Acentelik A.S.,0.0015355631714612714,99.50821211603044
6462702,1,2283.39805,111095.25897187389,22707.824049338225,217.04051429908117,133803.0830212121,MARITIME FEELING LLC,0.0015342321550499388,99.50974634818549
0117278,1,2242.27904,113155.3283776211,20423.37497686181,0.0,133578.70335448292,"SAL Shipping UG (haftungsbeschrankt) & Co. KG MS ""EVA""",0.0015316593406434072,99.51127800752613
5829276,1,2524.09122,113667.02805424809,19602.71986136022,95.51526202836746,133269.7479156083,Ocean Freighters Ltd.,0.0015281167513540121,99.51280612427749
6226382,5,2486.8942,117470.2655243159,15403.840765000321,33.941801563270964,132874.1062893162,STAR SHIP DENIZCILIK,0.0015235801884346256,99.51432970446592
4195273,1,2035.18562,112529.0857711093,19851.583344140367,18.053759344323346,132380.66911524965,CORETALENT MARITIME S.A. PANAMA,0.001517922268139696,99.51584762673406
6320082,1,2122.6756,111987.73622096912,20378.03092186806,0.0,132365.76714283717,HS Schiffahrts UG (haftungsbeschrankt) & Co KG ms 'Eider',0.0015177513970003123,99.51736537813106
6508521,1,2298.58674,112185.19532244676,19674.81755612344,0.0,131860.01287857018,Interorient Shipmanagement Cyprus Limited,0.0015119522447141949,99.51887733037577
0117030,2,3145.9445,111815.6300083845,19949.364099853912,548.9857333508504,131764.9941082384,AETHER TANKER VE DENIZCILIK AS,0.0015108627268235406,99.52038819310259
0339727,1,12892.57262,109365.44571147376,22375.21228949121,428.758884906822,131740.65800096496,"MS ""Erik Schepers"" HS Schiffahrts UG (haftungsbeschrankt) & Co. KG",0.0015105836806501296,99.52189877678325
1728198,1,2488.96182,108651.81409350646,22920.104358654495,0.0,131571.91845216096,SEASTAR CHARTERING LTD,0.0015086488549663096,99.52340742563821
0118541,1,2346.8882,109683.40133481294,21844.131041606473,0.0,131527.5323764194,BETA SEAWAYS MR TANKER CORP,0.0015081399089607204,99.52491556554718
5928754,1,2398.73782,108761.22323967045,22623.330779423937,800.9643760434433,131384.5540190944,United Marine Agency Ltd.,0.001506500469955795,99.52642206601713
6471281,2,2482.68104,109365.53236478163,21733.811448809047,0.0,131099.34381359068,AKKAD SHIPPING (AK SHIPS),0.0015032301516764855,99.5279252961688
6211911,1,2497.9099,111835.44303236874,19202.067161249146,342.11108871200537,131037.51019361788,ORTSA MARINE INC,0.0015025211461298022,99.52942781731494
0217595,1,2052.89798,115657.68816038284,15166.54739845709,0.0,130824.23555883992,"FUJITA SHOJI, LTD. & NEXIA S.A.",0.0015000756658378345,99.53092789298077
4308218,1,1897.44865,115584.69549162684,15156.748884163628,0.0,130741.44437579047,Eems Bison B.V.,0.0014991263536671354,99.53242701933443
0271444,1,1357.45246,115321.31955866124,15121.976281544821,0.0,130443.29584020606,Redwise Maritime Services B.V.,0.0014957076800465722,99.53392272701448
5967062,1,2552.0906,110112.66907892056,20165.494304607677,96.29589024990146,130278.16338352824,Merman Maritime Co,0.0014938142145212872,99.53541654122901
0351239,1,13697.35001,107290.06925375207,22974.80987894396,1136.3411455378753,130264.87913269602,"L&B Schiffahrts-Gesellschaft ""HANSA MUNKSUND"" mbH & Co. KG",0.0014936618927337594,99.53691020312175
5776319,1,2293.17502,108114.05046113652,22091.518703717175,0.0,130205.56916485369,STI Regina Shipping Company Limited,0.0014929818242501037,99.538403184946
6414826,1,2496.14574,107092.63988625264,22959.24314800365,0.0,130051.88303425629,EF Eldra GmbH & Co. KG,0.0014912196062352142,99.53989440455224
5091319,1,2641.4383,112200.66973424132,17714.047422779524,1211.7953304295957,129914.71715702084,Blue Marlin B.V.,0.001489646815125484,99.54138405136737
0177585,1,5829.30472,109630.65155841166,19746.88497912701,1586.025335358885,129377.53653753866,CROMA SHIPPING & LOGISTICS LTD,0.0014834873174452358,99.54286753868482
6408181,1,2432.95132,105752.74272413325,23135.631674718436,61.60017115016668,128888.37439885168,"JERA CO., LTD.",0.0014778784161758414,99.544345417101
6498025,1,5126.18946,107177.80819430812,21705.414871132347,388.7883018885984,128883.22306544047,GOLDEN WAVE LTD.,0.0014778193492157804,99.54582323645022
5924460,1,2174.24508,113559.12939417637,14891.128511701234,113.25571041281728,128450.2579058776,Spanaco Three Limited,0.0014728548218310685,99.54729609127205
5775721,2,2490.16474,107967.53076155925,20315.088773405307,109.10271742403206,128282.61953496456,ZODIAC SHIPTRADE S.A,0.0014709326226315612,99.54876702389468
6510289,1,2537.69424,106288.98737498854,21930.01466375782,184.87705286652343,128219.00203874636,Vernon Maritime Co. Ltd.,0.001470203162546503,99.55023722705722
5440820,1,2268.7705,110380.33859833743,17594.237520568822,97.6306363300399,127974.57611890626,Unimar Shipping Management,0.0014674004909093561,99.55170462754813
6147481,1,2585.27863,107832.43655548875,20015.065395613954,0.0,127847.5019511027,Santa Marta Maritime Co. Ltd,0.0014659434148097754,99.55317057096295
6361086,1,2008.30252,113014.9474702276,14820.48610468922,220.30613817628873,127835.43357491682,"MS ""Julieta"" Interscan UG (haftungsbeschraenkt) & Co. KG",0.0014658050346589933,99.5546363759976
6254615,1,2362.49202,110468.22544154212,17255.35959500823,0.0,127723.58503655036,THOR SHIPPING & TRADING LTD,0.0014645225408615222,99.55610089853846
6266119,1,2498.41988,108729.4529087409,18812.497202317383,0.0,127541.95011105828,NAVE SHIPPING S.A.,0.0014624398523548168,99.55756333839082
0337133,1,3542.45564,107770.77423150925,19695.680009436226,0.0,127466.45424094547,"YAN KIT PARK SHIPPING PTE.LTD,",0.0014615741907505757,99.55902491258158
6138641,1,2164.15506,108856.4552250314,18266.526031896563,0.0,127122.98125692796,FLORA K SHIPPING A/S,0.001457635811420504,99.560482548393
5425111,1,1850.88471,112280.92853772582,14723.9878076815,0.0,127004.91634540731,UGUR DENIZCILIK SANAYI VE TICARET LTD. STI.,0.0014562820385510896,99.56193883043154
5754181,2,2362.4493899999998,108048.92625255299,18948.56395288231,0.0,126997.4902054353,TOLUNAY SHIP MANAGEMENT,0.0014561968878768622,99.56339502731942
5170723,2,2409.40518,112152.37325823134,14706.493586336794,0.0,126858.86684456814,Lider Gemi Sanayi Turizm Nakliyat ve Ticaret Ltd. Sti,0.0014546073847586884,99.56484963470417
6234161,1,2432.79989,105049.16288988011,21574.821166453898,219.14385251521395,126623.98405633401,MARALDI MARINE CORP.,0.0014519141379497232,99.56630154884212
0018767,1,1507.97416,111641.69218274308,14639.252252911412,95.47485371316229,126280.94443565448,Karl Meyer & Prahm Reederei GmbH & Co. KG,0.001447980727712687,99.56774952956984
0177744,1,2364.76958,107019.34478046128,18927.288574895785,79.33232367668695,125946.63335535707,ANJI NO 3 SHIPPING SHANGHAI,0.0014441474019207807,99.56919367697176
6490546,1,2232.49292,103789.23993459674,21764.01750407468,82.10172103823217,125553.25743867143,"SEASHIN SHIPPING CO.,LIMITED",0.0014396368184067545,99.57063331379017
6412175,1,2041.5547,104600.63092607148,20951.595619366195,0.0,125552.22654543768,Maria Maritime Enterprises SA,0.001439624997830487,99.572072938788
6413584,1,2397.9196,103578.03439022874,21694.10672498162,0.0,125272.14111521037,"VANWAY SHIP MANAGEMENT CO.,LIMITED",0.001436413441986534,99.57350935222999
6413289,1,2417.4342,102685.62255588554,22496.512323081337,0.0,125182.13487896687,Briese Schiffahrts GmbH & Co. KG MS Eversmeer,0.0014353813995351809,99.57494473362952
5698123,3,2293.28386,110507.29928705846,14491.601549795265,161.25194262457507,124998.90083685372,Safir Gemi Tasimacilik Sanayi,0.0014332803750074785,99.57637801400453
6244976,1,1554.1085,110456.91208761027,14483.894507389305,0.0,124940.80659499957,RS SENTINEL SHIPPING GMBH & CO,0.001432614246456003,99.57781062825099
5841106,2,2214.8651,110319.36865127877,14467.200687964778,44.26129495339426,124786.56933924355,TBS Shipping Co LLC,0.001430845709050553,99.57924147396004
6167421,1,2415.0467,103033.60779811656,21666.72517775282,0.0,124700.33297586939,"NH Schifffahrts GmbH & Co.KG MS ""Sinus Aestuum""",0.0014298568932577043,99.58067133085329
6428431,1,1969.6119,109660.49597709646,14958.484645572333,41.0049633296801,124618.9806226688,HMO Ship Management LLC,0.001428924079204761,99.5821002549325
1035079,1,2347.19648,102875.15882648769,21437.276813603345,0.0,124312.43564009103,TA-HO MARITIME CORPORATION,0.0014254091290360458,99.58352566406154
5510520,2,2150.10102,106269.23891621406,18016.464473039156,67.50238650463406,124285.70338925322,Hat Denizcilik Nakliyat ve Dis,0.0014251026078566666,99.5849507666694
0154530,3,22293.23478,102692.94730902817,21557.723831275776,0.0,124250.67114030395,Mutualista Acoreana de Transportes Maritimos S.A.,0.001424700916045177,99.58637546758544
1916676,1,2333.8574,102854.64153199135,21307.67960329172,104.40830750163101,124162.32113528307,KOUROS MARITIME ENTERPRISES INC,0.00142368786451048,99.58779915544996
6443610,1,1843.35382,109740.5967657254,14391.412348750102,362.0196668766604,124132.0091144755,Wellship Management Inc,0.0014233402964578053,99.58922249574641
6217163,2,2264.30162,109737.87313332278,14389.712227082226,72.8438804473262,124127.585360405,Diamond MC,0.0014232895721726264,99.59064578531859
5939215,1,1581.48774,109645.26963163423,14377.761353314861,0.0,124023.03098494909,Scheepvaartonderneming Greetje B.V.,0.0014220907157550193,99.59206787603433
5517337,3,1841.94318,109487.2989522832,14358.182899136864,0.0,123845.48185142007,Vega Reederei GmbH & Co. KG,0.0014200548763437682,99.59348793091068
5817640,1,2060.20766,109340.2228025426,14337.200877262678,185.29832655331668,123677.42367980527,Spanaco One Limited,0.0014181278635650755,99.59490605877424
6341843,1,1543.49664,109234.00113884102,14324.281522320902,0.0,123558.28266116192,ASSC Offshore Invest ONE GmbH & Cie.KG,0.0014167617516813978,99.59632282052593
5783081,7,5286.4388,104729.45126274298,18778.813135845485,187.8258294737331,123508.26439858846,White Star Shipmanagement Inc,0.0014161882250850952,99.597739008751
0133468,1,2054.94234,105162.73139482239,18308.432319352483,0.0,123471.16371417488,SAMTUSTA MARINE S.A.,0.0014157628158813877,99.59915477156689
0115621,1,2313.66768,105250.41944514426,18040.620115911264,0.0,123291.03956105553,"Silver Moon Shipping Co., Ltd",0.001413697450410152,99.6005684690173
0114843,1,3397.88012,103602.86226202104,19386.151412149793,0.0,122989.01367417083,"MS ""Lana Marie"" Jens u. Waller GmbH & Co. KG",0.0014102343177464411,99.60197870333505
0244847,2,11426.08531,103028.74841653736,19564.83351847638,153.42730455937743,122593.58193501373,Genships Management Ltd,0.00140570016146511,99.60338440349652
5485812,1,1894.37549,108143.33333240458,14426.958147276851,0.0,122570.29147968143,Oceanwide Marine Services B.V.,0.0014054331050963795,99.60478983660161
6002269,1,2024.97372,108143.18636159805,14180.975912299347,149.7493867767508,122324.1622738974,NEFES SHIPPING LTD.,0.0014026109029969638,99.60619244750461
5897172,1,2313.45264,100736.39717313573,21463.02356681429,290.3224197959302,122199.42073995002,BW Constellation Pte. Ltd,0.0014011805736792006,99.60759362807829
5898785,1,1277.16618,105425.2662809762,16600.33369899542,0.0,122025.59997997162,"Jaune International, S.A.",0.0013991874850809972,99.60899281556337
6052699,1,2013.70736,102589.19101689002,19241.97232780943,0.0,121831.16334469945,MS „BF Lara“ Schiffahrts GmbH & Co. KG,0.0013969580077683782,99.61038977357114
6328591,1,1415.74916,100780.10612108147,20998.16562635109,306.0577206932049,121778.27174743256,SCL MERCURY PTE. LTD.,0.0013963515345285502,99.61178612510567
6369696,1,2669.53377,121445.1648963799,0.0,0.0,121445.1648963799,Xiang T139 SG International Ship Lease Pte. Ltd,0.001392532016843211,99.6131786571225
0170486,1,1939.54128,99868.66284160937,21561.62421314431,0.0,121430.28705475369,"TA TONG MARINE CO., LTD.",0.0013923614223957195,99.6145710185449
0094076,1,2311.55083,103826.33094853864,17444.356291777465,0.0,121270.68724031611,GOLDEN MALAK SHIPTRADE LTD,0.0013905313960486335,99.61596154994095
0308680,2,4369.117920000001,101396.24682088729,19749.753549418943,95.05024415034079,121146.00037030622,Vulcania Shipmanagement Srl,0.0013891016935263728,99.61735065163448
5980567,1,2205.5662,100808.3805857176,20209.216746076312,0.0,121017.59733179392,SFL Sabine Inc.,0.0013876293801383438,99.61873828101461
5933750,1,2325.6279,98785.95609544891,21851.857965574636,53.24280889703765,120637.81406102356,Front Capella Inc.,0.0013832746545759025,99.62012155566919
6393461,1,2114.1967,106578.45954630201,13975.84269521304,171.70926834387427,120554.30224151505,Yason Denizcilik A.S.,0.0013823170793397896,99.62150387274852
5936683,1,2249.80326,98885.10871822032,21638.073791313476,0.0,120523.1825095338,Hong Kong Haichang holdings Group Limited,0.0013819602497930847,99.6228858329983
6049111,1,2318.0184,99642.05934424789,20843.646878305357,155.46900795863556,120485.70622255324,"""AS PENELOPE"" Schifffahrtsgesellschaft mbH & Co. KG",0.0013815305338012018,99.62426736353211
4101582,1,2241.63366,99810.42162420673,19879.20129466494,0.0,119689.62291887167,"M Pallonji Shipping Pvt Ltd, India",0.001372402368926159,99.62563976590104
5823847,1,2247.906,99515.5302229818,20035.416770488577,0.0,119550.94699347038,Sansovino Shipping PTE. LTD.,0.0013708122630849639,99.62701057816413
6389929,1,2196.32128,102871.03769710996,16645.797140220267,0.0,119516.83483733023,OSMAN SHIPHOLDING LTD,0.0013704211213739763,99.62838099928551
6397331,1,1978.54383,103390.49284479227,16110.454188575446,128.1579306489643,119500.94703336772,HOUSTON MARITIME CO. LTD,0.0013702389463510843,99.62975123823186
6047101,1,3440.94276,104957.89826675256,14451.457536369562,0.0,119409.35580312212,Avin Hellas Shipping Co,0.0013691887298135394,99.63112042696167
5901913,6,4025.93481,103177.89575024479,15869.477858389688,123.56632943665886,119047.37360863447,Cedar Marine Services SAL,0.0013650381175122485,99.63248546507918
6141535,1,1796.80938,101714.33582235723,17037.46524821047,134.67212762837926,118751.8010705677,"Briese Schiffahrts GmbH & Co. KG MS ""Nortmoor""",0.0013616489811649204,99.63384711406034
6256541,2,2052.88354,97635.80164269458,20357.827647752427,0.0,117993.62929044702,Chemtankers Shipping S.A,0.0013529555228540366,99.63520006958319
6486274,1,2264.4988,97891.63873787457,20090.581665345737,0.0,117982.2204032203,GREENGLOBAL SHIP MANAGEMENT CO LTD,0.0013528247046304103,99.63655289428782
5703062,3,2202.6894,97908.07738010488,19958.770208949463,119.16237584610114,117866.84758905435,Unifleet Management Co SA,0.001351501800274881,99.63790439608809
6103482,1,1606.6711,102776.95939010299,15063.051166377005,0.0,117840.01055647999,Briese Schiffahrts GmbH & Co. KG MS Nesseborg,0.001351194077632084,99.63925559016572
6361007,1,1374.19938,102081.98711776601,15721.020674744295,110.88756769465333,117803.00779251031,"Xingtong Pioneer Shipping Co., Limited",0.0013507697912178537,99.64060635995693
6409508,2,1861.7931199999998,103172.76111698174,14268.255199792737,86.80907634529834,117441.01631677448,T Maritime Corp,0.0013466190724945799,99.64195297902943
6225407,1,1559.62923,103790.00622169193,13609.74485845044,49.75280180240506,117399.75108014238,Sky Shipping Ltd.,0.0013461459111032488,99.64329912494053
4112406,1,2093.29607,98590.08733703358,18700.534544223658,0.0,117290.62188125723,GREEN WAVE SHIPPING PTE LTD,0.0013448945981872538,99.64464401953872
1252076,1,2236.13204,96478.34282581125,20774.250053362994,0.0,117252.59287917425,J G ROUSSOS SHIPPING SA,0.0013444585445739677,99.6459884780833
0126245,1,2105.25088,96544.69292383861,20683.7777937412,0.0,117228.47071757981,"Briese Schiffahrts GmbH & Co. KG MS ""Landtief""",0.0013441819515752726,99.64733266003488
5168736,1,1911.51338,103413.74396619805,13560.916202033803,0.0,116974.66016823184,IT International Telecom Marine SRL,0.0013412716725494985,99.64867393170742
6484613,1,2061.57544,100958.42673510873,15976.56875207616,0.0,116934.99548718489,MIRAL SHIPPING SA,0.0013408168636788213,99.6500147485711
6464006,1,3708.95734,96204.94824127862,20632.83976788121,0.0,116837.78800915982,QINGDAO PROSPERITY SHIPPING MANAGEMENT CO LTD,0.0013397022493132184,99.6513544508204
6395437,1,2305.2764,100536.17026305934,15642.160108102118,0.0,116178.33037116146,"HENGAN STEAMSHIP CO.,LIMITED",0.0013321406812965087,99.6526865915017
6394460,6,6348.4175,99230.05090016873,16041.101584880878,531.8178539755097,115271.1524850496,SATA CHARTERING AND SHIPPING CO.,0.00132173866774199,99.65400833016945
0154013,1,3003.72176,94733.33380346932,20495.00281142096,565.1093098114502,115228.33661489027,NH Schifffahrts GmbH & Co KG ms 'Edertal',0.0013212477262534855,99.6553295778957
6254178,1,2200.2769,94519.59747278586,20594.51703655364,105.73101029833204,115114.1145093395,"Briese Schiffahrts GmbH & Co. KG MS ""Westerfeld""",0.0013199380163185829,99.65664951591202
6147401,1,2157.13954,95598.55773769385,19263.197096238873,27.837394271856763,114861.75483393272,Salaverry Maritime Co. Ltd,0.0013170443735122683,99.65796656028553
5836998,1,1759.0835,96414.674732617,18077.27924606807,0.0,114491.95397868507,ALLEGRO SHIPPING & TRADING LTD,0.0013128041097584355,99.65927936439529
5776221,1,2119.0014,94870.74301212782,19374.095728298704,0.0,114244.83874042652,STI Orchard Shipping Company Limited,0.0013099706014716424,99.66058933499676
6501215,1,2067.19664,95376.15522668006,18686.37117143953,52.28636880118184,114062.52639811959,LEADER MARINE SA,0.0013078801454708235,99.66189721514223
0200526,1,2223.6334,99138.1720580059,14815.511216893854,31.884901649434514,113953.68327489975,SEAS LAND SHIP MANAGEMENT CO.,0.0013066321127967672,99.66320384725503
5465121,1,2195.99471,93279.51302775378,20491.465040943,0.0,113770.97806869679,"GREEN MARITIME CO., LTD.",0.0013045371520834389,99.66450838440711
6373248,1,1887.6476,95978.88590232022,17505.221399279824,0.0,113484.10730160004,ZOBU SHIPPING CO INC,0.001301247793233958,99.66580963220035
6407740,1,2199.03822,95230.90219457386,17990.089738828276,0.0,113220.99193340214,ZBB DENIZCILIK AS,0.0012982308219560016,99.66710786302231
5405992,1,2032.8458,94479.46084993464,18610.74395755412,0.0,113090.20480748876,Briese Schiffahrts GmbH & Co. KG MS Ostermoor,0.0012967311718021176,99.66840459419412
6254297,1,7612.80108,93379.28666589833,19678.085856153484,0.0,113057.37252205181,RIGHT COURSE SHIPPING(HK) LIMITED,0.0012963547055286676,99.66970094889965
6003426,1,5836.92731,94539.0987147702,18466.83980336109,0.0,113005.93851813128,Destan Ship Management Pvt Ltd,0.0012957649455553094,99.6709967138452
5082576,1,2162.51982,93285.7325264498,19625.920492702342,130.07014387018043,112911.65301915215,COBELFRET NV,0.001294683835606103,99.67229139768081
6134825,1,1174.58222,99785.99218772225,13085.8163063678,34.5056119886023,112871.80849409004,M/S Brigitte F Schifffahrts-GmbH & Co. KG,0.0012942269645821126,99.6735856246454
6031242,2,1779.568,95944.01219360941,16878.431072539417,112.46780602325589,112822.44326614882,VRS MARITIME SERVICES LTD,0.0012936609259054344,99.67487928557131
5952520,1,2096.57804,94558.31705919058,17839.15610726725,139.9845069032859,112397.47316645783,Ritelane Marine Inc.,0.0012887880726261318,99.67616807364394
4321505,1,1950.3772,93155.33883756067,19195.51529165747,89.68294217815745,112350.85412921815,Fifth New Horizons Shipping UG (haftungsbeschrankt) & Co KG,0.0012882535227162523,99.67745632716665
0253160,1,2007.76711,99266.45973169661,13016.553458359784,0.0,112283.0131900564,Neoline Developpement,0.0012874756351822691,99.67874380280183
6460431,1,1803.2113,95754.5472845549,16409.365245880912,250.3056028422156,112163.9125304358,Pewter Maritime Corp,0.0012861099860690226,99.6800299127879
0221323,1,1263.6449,99023.10326147816,12985.719542807878,0.0,112008.82280428603,Purus Wind SPV2 Ltd,0.0012843316739449353,99.68131424446184
6339635,1,1569.15704,95702.34376381015,16208.129149778353,0.0,111910.4729135885,Astra 14 Limited,0.0012832039602828375,99.68259744842213
0213703,1,2168.67806,93308.04575322909,18319.1890532171,0.0,111627.23480644618,SINGAPORE HARMONY STAR TRADE PTE.LTD.,0.0012799562547614013,99.68387740467689
5468417,1,2092.87336,92426.31946110669,18987.925531212528,7.596862165059619,111414.24499231922,HONG KONG SHUN XIN MARINE LTD,0.0012775140403209469,99.68515491871722
5716939,1,1736.3943,93264.6562331634,18067.742191212415,0.0,111332.39842437582,MS Active Schiffahrts GmbH & Co. KG,0.0012765755594318382,99.68643149427665
5958841,1,1820.40527,98353.63424700963,12896.867954017885,0.0,111250.50220102751,Scheepvaartonderneming Eems Dublin B.V.,0.0012756365091767838,99.68770713078582
0215554,2,1842.15,93500.94111382499,17721.23256866685,131.7028812647929,111222.17368249183,AIO Shipmanagement Ltd,0.0012753116846431407,99.68898244247046
5219122,1,1870.63047,98199.3412359901,12877.55970738297,229.47741764428048,111076.90094337307,Shannon Shipping B.V.,0.0012736459374676973,99.69025608840793
5798715,1,1661.39802,92633.25605574824,18159.142589882038,77.6871277054974,110792.39864563028,FH Bertling Cumbria Shipping Pte Ltd,0.0012703837363021728,99.69152647214423
6454150,1,1993.26117,94267.81779131606,16301.621016826999,165.13232475906497,110569.43880814307,Muitalpa International SA,0.0012678272021459055,99.69279429934637
5473165,1,1993.93598,93662.23010514255,16592.45930847936,154.80363300483387,110254.6894136219,PT GEMILANG BINA LINTAS TIRTA,0.0012642181773689482,99.69405851752374
0281009,1,1147.17092,97457.01462998078,12780.232513920144,0.0,110237.24714390092,Windward One GmbH & Co. KG,0.001264018178307202,99.69532253570205
5010527,1,2081.62826,95767.56821837733,14417.32329956059,358.9537935905218,110184.89151793793,Karma Gemi Isletmeciligi,0.001263417850698626,99.69658595355274
6331379,1,2132.77393,92772.98281562144,17157.404233487836,0.0,109930.38704910927,SEARISE SHIP MANAGEMENT PTE.LTD,0.001260499614953498,99.6978464531677
6252622,1,1954.34254,92633.33421363376,17219.549978847615,0.0,109852.88419248138,Bayshore Park Shipping Co. Pte. Ltd,0.0012596109405518187,99.69910606410825
5644781,1,1982.83434,90385.93224983968,19023.568234239134,352.6738544037201,109409.50048407882,DELEK TRANSPORT AGENCY INC,0.0012545269505039314,99.70036059105875
5152642,1,2239.04155,96061.28979994587,12596.792578193925,734.7313272527722,108658.08237813979,Transshelf B.V.,0.001245910932143311,99.7016065019909
5888608,1,2158.65536,91693.44486199427,16847.92866792537,5.411193459764074,108541.37352991964,Crowley Global Ship Management,0.0012445727083619516,99.70285107469925
5901931,1,1567.07562,92801.9598516852,15552.465314510007,0.0,108354.4251661952,Caribe Tankers Ltd,0.0012424290941455696,99.7040935037934
4098769,1,1611.07271,95721.51623294987,12552.989003885634,0.0,108274.50523683551,SUMER DENIZCILIK VE TICARET  LTD. STI.,0.0012415127047568921,99.70533501649815
0192074,1,1734.43356,91815.63707015514,16417.161596546135,0.0,108232.79866670127,Hexmar Shipping Limited,0.001241034482883883,99.70657605098104
6450934,2,6278.30339,95520.51199172926,12525.530977960745,0.0,108046.04296969001,Nordic Cruise Management GmbH & Co. KG,0.0012388930778502783,99.7078149440589
1887008,1,2131.63286,91321.84234565456,16404.291556839016,74.82064852333856,107726.13390249357,"FAIR SHIPMANAGEMENT CO., LTD",0.0012352248904923906,99.70905016894939
6381251,1,1344.85288,95205.93244922848,12485.100631219568,56.46133065094867,107691.03308044805,Project-B GmbH & Co. KG,0.0012348224123982022,99.71028499136179
5932181,1,1717.92363,93670.06203499893,13648.677708477602,0.0,107318.73974347653,Mini Project Shipping Ltd,0.0012305535689919407,99.71151554493078
5936184,1,1109.72484,94275.81198373919,12361.860490370256,0.0,106637.67247410944,Original Shipping Co,0.0012227442175119798,99.71273828914829
5552040,1,1595.08118,93582.64753727643,12271.20139304882,0.0,105853.84893032524,"Hermann Lohmann Schiffahrts GmbH & Co. KG MS ""HELEN-ANNA""",0.0012137566272591583,99.71395204577556
6332482,1,1148.32508,93397.44053389932,12247.30077177728,0.0,105644.74130567661,"MS ""Mieke"" Schiffahrts GmbH & Co. KG",0.0012113589273380647,99.71516340470289
4172554,1,1344.82082,93287.54120186625,12233.7821927374,0.0,105521.32339460365,"Hermann Lohmann Schiffahrts GmbH & Co. KG MS ""MARTEN""",0.0012099437751352771,99.71637334847803
6148838,1,1932.63382,87353.39864502767,17524.462225071067,0.0,104877.86087009874,Courageous & KSK (Panama) S.A,0.001202565612589437,99.71757591409062
6087813,2,1678.71128,88852.17379760416,15967.58592952117,0.0,104819.75972712533,Meadway Bulkers Ltd,0.0012018994049073552,99.71877781349552
6311875,1,1114.21324,92410.12378795537,12118.370090600414,0.0,104528.49387855578,COE 2 SEA GmbH,0.001198559650542559,99.71997637314607
6274551,1,2012.71695,85494.40314296428,18838.06141617728,0.0,104332.46455914156,JUTHA MARINE COMPANY LIMITED,0.001196311910965959,99.72117268505703
6359191,1,2092.6234,88888.59792089228,15419.519250561103,66.87482690315319,104308.11717145338,"ROYAL JASMINE SHIPPING CO., LTD",0.0011960327354474342,99.72236871779248
6063075,1,1530.80088,92035.62433259726,12069.30080908068,126.27657551656107,104104.92514167794,"MS ""Rhodanus"" Interscan UG (haftungsbeschraenkt) & Co. KG",0.0011937028657710985,99.72356242065825
6352009,1,2051.5269,89199.38595640214,14702.527331411227,68.02999244351315,103901.91328781337,CONWAY SEAWAYS LTD,0.001191375062053706,99.7247537957203
6119253,2,3194.7270399999998,89383.3228941392,14510.296658412599,290.03752359458724,103893.6195525518,Kfs Maritime Co.,0.001191279963233586,99.72594507568354
5788206,1,1710.27766,85640.14636093956,18160.91959072306,102.26087897423902,103801.06595166262,JANUARY MARINE INC.,0.0011902187118233525,99.72713529439537
6175191,1,1917.89542,90583.40154582412,13099.01334321989,71.29156474965028,103682.41488904401,Delta Agence LLC,0.0011888582179439145,99.72832415261331
6002167,1,1978.65104,84977.07864720517,18665.29856847111,109.53859084397922,103642.37721567627,MPCC ALVA AS,0.001188399132215042,99.72951255174553
6476091,1,1997.219,84836.09456482546,18519.10003595195,0.0,103355.19460077741,SOHO SHIPPING &TRADING CO,0.00118510619761144,99.73069765794314
6513782,1,1795.97698,89129.90189707307,13670.928743557766,217.4915514508582,102800.83064063084,RIHAND CO.SA.,0.0011787496698390356,99.73187640761297
6235329,1,1926.33796,86494.94046515573,16166.98917968257,17.01036738735133,102661.9296448383,FANTASEA MARITIME S.A.,0.0011771569832633487,99.73305356459623
6027143,1,1923.5422,84838.69416406185,17762.50760926016,171.93920927067683,102601.20177332201,Ocean Summit Shipping SA,0.001176460656608654,99.73423002525284
6266330,2,1921.9789799999999,86923.9626915577,15210.748066767577,94.12729420062207,102134.71075832527,"STANDARD (SHANGHAI) SHIPPING SERVICE CO., LTD",0.001171111710238439,99.73540113696308
6355153,3,2391.3554,89375.99729145436,11719.194262998335,0.0,101095.1915544527,VESTRA MARINE DOO,0.0011591922256319418,99.7365603291887
5899868,1,1928.7207,85084.29682394734,16003.400026911357,307.5455182098249,101087.6968508587,Liberty Navigation C. Ltd.,0.0011591062887836507,99.73771943547749
6096105,1,1580.36808,85228.91100029346,15822.520033085884,544.7768287971629,101051.43103337934,SHANGHAI QIYONG SHIP MANAGEMENT LIMITED,0.0011586904524512607,99.73887812592994
5705449,1,1465.9435,89226.19750931111,11701.084888668514,0.0,100927.28239797962,Scheepvaartonderneming Alma B.V.,0.0011572669215120998,99.74003539285145
5108401,2,1046.82539,88970.50313722648,11661.240482027464,0.0,100631.74361925395,Wasa Dredging Oy Ltd,0.001153878172260984,99.74118927102371
5963586,1,1740.51574,85037.55670931026,15472.244967875136,359.5597969946077,100509.8016771854,Ningbo Zrich Shipping Co Ltd,0.0011524799440262793,99.74234175096774
6018406,1,1843.15475,86457.3405754156,13676.317662065458,158.53045030432386,100133.65823748105,BALKAN DENIZCILIK TICARET LIMITED STI,0.0011481669540183135,99.74348991792176
6001040,1,1710.49168,84218.71523244226,15793.509878882167,0.0,100012.22511132443,"MS ""PATAGONIA"" Schifffahrtsgesellschaft mbH & Co. KG",0.0011467745600417995,99.7446366924818
0108080,4,18012.86906,84284.12318813201,15582.119198792148,2556.4066128480454,99866.24238692416,Lea Shipping Corporation Ltd.,0.0011451006719310063,99.74578179315374
6330265,1,1921.38796,81615.01100794507,18065.825108368797,0.0,99680.83611631386,TROPIC 8 LIMITED,0.0011429747398844844,99.74692476789362
5297277,1,1775.78098,84025.83091589539,15567.243040298741,283.7644350080232,99593.07395619413,"TIANJIN XINHAI INTERNATIONAL SHIP MANAGEMENT CO., LTD",0.0011419684287815408,99.7480667363224
1599130,3,6217.37339,82736.2122118182,16828.43525479462,341.4050279134121,99564.64746661282,"SHANGHAI ZHENGDONG SHIPPING CO.,LTD.",0.0011416424808782034,99.74920837880327
6370756,3,1890.68822,84887.10957598464,14557.750268201311,190.4403605554091,99444.85984418595,DALCO SHIPPING DENIZCILIK SANAYI VE TICARET LIMITED SIRKETI,0.0011402689548132238,99.75034864775809
5781901,1,1032.77475,87738.57769581092,11506.35961892811,0.0,99244.93731473903,DBB Dredging ApS,0.0011379765743517976,99.75148662433244
6171300,1,2359.8435,83571.47618961407,15550.576676159764,0.0,99122.05286577383,Erm Marine Ltd,0.0011365675390089566,99.75262319187145
6132497,1,1871.49954,84138.32644899597,14741.81331902565,0.0,98880.13976802162,Singapore Strait Shipping Pte Ltd,0.0011337936802538458,99.7537569855517
6026088,1,1390.78365,82837.78348133016,15584.087426361537,0.0,98421.8709076917,BLUE VIPER INC.,0.0011285390119360405,99.75488552456363
5892809,2,1648.72397,86901.7140299882,11395.192236457036,110.11462982077883,98296.90626644524,Maldia Shipping & Trading Co,0.001127106124393276,99.75601263068803
0179238,1,3114.6227,81558.13075720148,16279.200056598187,0.0,97837.33081379966,MDS Sofia Inc,0.0011218364742387372,99.75713446716227
6073567,1,1411.61292,82236.13002524285,15566.687980203551,32.44774826511827,97802.8180054464,O. Tide Shipping Company Limited,0.0011214407385117192,99.75825590790079
5630102,1,1893.81626,86275.14180108956,11313.67767369652,926.3153960283393,97588.81947478608,Mighty Servant 3 B.V.,0.0011189869577806696,99.75937489485857
1980331,1,1925.2674,84448.95816873477,13061.197735632182,0.0,97510.15590436695,Corral Line ApS,0.001118084974235575,99.7604929798328
6435521,1,1377.68458,80130.85732676009,16537.287083970925,0.0,96668.14441073101,Briese Schiffahrts GmbH & Co. KG MS Apen,0.0011084301809431581,99.76160141001375
0237231,1,1618.54008,81882.25915441381,14764.90010146645,0.0,96647.15925588027,"HK XINGYAO SHIPPING CO., LIMITED",0.001108189557942374,99.76270959957169
6133071,1,1005.27336,85402.21761605494,11200.64970032958,0.0,96602.86731638452,Krisamar Maritime Co,0.0011076816913353459,99.76381728126303
5896262,1,2717.57787,79876.86798593933,16389.89404564634,0.0,96266.76203158568,Rightway Shipping Services Company Limited,0.0011038277925777302,99.7649211090556
5486413,2,1818.65322,79911.71620838314,16214.423224923139,0.0,96126.13943330628,Nhat Viet Transportation Corporation,0.0011022153655159954,99.76602332442113
1116290,1,1733.29911,78522.31367165459,17395.168863719322,46.945569196590384,95917.48253537391,Leros Management,0.0010998228337824028,99.7671231472549
6108506,1,1738.09467,80293.78338596279,15252.20060115964,0.0,95545.98398712242,Oryx Shipping Company N.V.,0.001095563103696875,99.76821871035861
6464845,1,1722.93726,80326.76261549152,14824.12334715133,291.4892474906913,95150.88596264285,WINDBELL SHIPPING LTD,0.001091032773902776,99.76930974313251
6298865,2,1859.78108,81132.09467175246,13812.805744103376,569.3770040697079,94944.90041585584,Sena Ship Management SA,0.001088670872799899,99.77039841400531
0055992,2,5335.08298,82772.99399238687,12134.219380585077,116.54329673478065,94907.21337297195,Devon Ship Management Ltd,0.001088238740208365,99.77148665274552
0224053,1,1514.64848,79020.01968860107,15678.127778981445,0.0,94698.14746758252,HK SENYI SHIPPING LIMITED,0.0010858415186546415,99.77257249426418
6388815,2,1406.35772,81073.3904538322,13623.157532171743,80.09125026789332,94696.54798600393,"True North Shipmanagement（HK）Co., Ltd",0.0010858231784489163,99.77365831744262
5892300,1,1376.13334,78850.52242021741,15063.085957234689,0.0,93913.6083774521,MIMISU SHIPHOLDING CORP.,0.00107684572370139,99.77473516316633
5911954,1,2085.86352,92944.82651965572,921.5051965155158,158.29075479610432,93866.33171617123,Mari Boyle Ltd.,0.0010763036332481454,99.77581146679958
0034081,1,1651.09,82447.07645922946,10811.44016451127,0.0,93258.51662374072,KC MARITIME LTD,0.001069334216415024,99.77688080101599
5815762,1,1503.4779,80566.02769031042,12680.101730885372,0.0,93246.1294211958,Fisher Ship Corp.,0.0010691921804915879,99.77794999319649
5292452,2,1533.3977399999999,81966.35534016983,10747.234733277033,72.06663915349681,92713.59007344686,A B DENIZCILIK VE TIC.LTD.STI.,0.0010630859012288282,99.77901307909771
6000713,1,1818.2014,77735.81596672417,14923.848812415645,0.0,92659.66477913981,"Briese Schiffahrts GmbH & Co. KG MS ""Carina""",0.001062467575263325,99.78007554667298
5664489,1,1616.19178,77303.29192723315,15254.294006517099,0.0,92557.58593375025,YILDIZLAR DENIZ ISLETMECILIGI A.S.,0.0010612971041246127,99.7811368437771
6387953,1,959.41473,81506.33331764465,10687.108233805062,0.0,92193.44155144971,HOJ Nordic Marine Contractor A/S,0.0010571216994344403,99.78219396547654
4233931,2,1806.0790000000002,78201.39909271392,13951.463686288429,119.63249187920172,92152.86277900235,SARFO DENIZCILIK VE TICARET A.S.,0.0010566564092774763,99.78325062188581
5874590,1,1772.18062,81303.15085013573,10661.680364410726,77.45029064317673,91964.83121454646,Benjamin Shipping Ltd,0.0010545003747090738,99.78430512226052
6184071,1,1755.8534,79662.98553399161,12117.293199044316,0.0,91780.27873303593,HELLAS SHIPPING MANAGEMENT CO S.A,0.0010523842325019259,99.78535750649303
4318660,1,972.92482,80385.28673045813,10542.001308936748,0.0,90927.28803939487,Philotes Vermoegensverwaltungs GmbH & Co. KG,0.0010426035479273038,99.78640011004096
6192950,1,1685.633,78905.60334050913,11664.65413133487,549.4282191438068,90570.257471844,PACIFIC SHIPPING AND TRADING LTD,0.0010385097126829736,99.78743861975364
5708562,1,1629.1445,78992.17849050433,11484.530081878238,60.14077443205165,90476.70857238257,FARIDA SHIPPING CO-MAI,0.0010374370488371002,99.78847605680248
0047021,2,3698.49526,76646.79117496853,13664.433367937409,322.45009532999194,90311.22454290594,YICHEN SHIPPING COMPANY LIMITED,0.0010355395520572238,99.78951159635454
6010238,1,1585.39906,79441.5481029558,10417.288735359938,32.5771929738786,89858.83683831574,ISTKUM DENIZCILIK INSAAT SANAYI VE TICARET AS,0.0010303523190932308,99.79054194867363
6270425,1,1700.13363,74702.08110919311,15154.140688917609,130.55681997307101,89856.22179811072,GUERNICA MARINE CORP.,0.0010303223341431183,99.79157227100778
5794346,1,1507.6215,78917.24886545452,10348.230140827118,0.0,89265.47900628163,ALACIA MARITIME LTD,0.0010235486741786129,99.79259581968196
5919950,1,1724.08532,75657.92911170065,13329.38687359697,14.903888717661223,88987.31598529762,Formentera Shipping A/S,0.0010203591613400199,99.79361617884331
6254734,1,1711.0988,76447.3577373388,12488.640533007709,669.2278937910934,88935.9982703465,MANISSA MARITIME LTD,0.0010197707347759683,99.79463594957808
6226524,1,1549.72038,76721.62735037257,11847.929365064618,219.69845812534916,88569.55671543718,Karmate Shipping Ltd,0.0010155689899148332,99.795651518568
5442432,1,1689.30512,73023.2913553745,15307.711402545687,0.0,88331.00275792019,Intergis Co Ltd,0.001012833648216623,99.79666435221621
0659290,1,1051.2474,78071.56100444593,10237.396929392196,0.0,88308.95793383813,UNGE SJØMENNS KRISTELIGE FORENING,0.0010125808746840898,99.7976769330909
0354057,1,1336.29286,78027.98288600426,10232.6587032862,0.0,88260.64158929046,Akyuz Denizcilik Isletmeciligi Sanayi ve Ticaret Ltd Sti,0.0010120268628650369,99.79868895995376
5927433,1,1131.81418,77638.50345243188,10180.224402204241,0.0,87818.72785463612,Sophie-B Schifffahrts GmbH & Co. KG,0.0010069597280415634,99.79969591968181
5112991,1,1673.68289,71940.265181334,15428.292976824569,93.75608105567522,87368.55815815857,CSL MARITIME S.A.-TOKYO BRANCH,0.0010017979275212014,99.80069771760932
0126982,1,1627.62348,75523.66235976617,11336.755713216302,0.0,86860.41807298247,ALVIN DENIZCILIK ANONIM SIRKETI,0.00099597141859223,99.80169368902791
5001926,1,1535.91992,73024.22160412087,13625.62672363778,28.02857160025072,86649.84832775865,Mediterranean Line Inc,0.0009935569534939045,99.8026872459814
6260185,1,1526.18424,75421.46667671212,9889.630942520926,110.40301781747895,85311.09761923304,TETA SHIP MANAGEMENT SRL,0.000978206377571149,99.80366545235897
6364050,2,3471.38966,72069.47630743321,13046.53426204082,0.0,85116.01056947403,"XIAMEN XINGJIAYU SHIPPING CO.,LTD",0.0009759694423823937,99.80464142180135
0249511,1,1639.08872,69623.75465587834,15423.878209389673,0.0,85047.63286526801,GOLDEN ZHEJIANG LTD,0.0009751854001158584,99.80561660720147
4019179,1,1484.24976,74718.76951684026,9796.849178945029,110.141207798394,84515.61869578529,"MS ""WES ORPHEUS"" Schiffahrts GmbH & Co. KG",0.0009690851427276696,99.8065856923442
6236891,1,1362.22585,74339.21698427362,9748.202055126389,123.91923479294972,84087.4190394,SCR Shipping Ltd,0.000964175258240901,99.80754986760245
0118877,1,1559.0788,71617.95650358716,12337.97421053156,36.62540494680183,83955.93071411873,"Briese Schiffahrts GmbH & Co. KG MS ""Oldendorp""",0.0009626675678939738,99.80851253517034
6089783,4,1470.54766,70833.94880694499,12873.822357844778,39.10745123206856,83707.77116478977,Oslo Bulk Beta AS,0.0009598220851773847,99.80947235725552
6279097,2,1311.8606,72556.09749730885,11002.223355747861,0.0,83558.3208530567,sailing int'l shipping management limited,0.0009581084365179832,99.81043046569204
5410511,1,1422.13672,73636.39833986227,9656.53821893093,0.0,83292.9365587932,Charente Shipping B.V.,0.0009550654489536401,99.81138553114098
1588961,1,1462.95398,69062.80956456585,14139.22344081704,0.0,83202.0330053829,OTAMAY SHIPPING INC.,0.0009540231175551306,99.81233955425854
5651409,1,3503.08094,68447.39267474349,14309.888897495986,248.18517640991445,82757.28157223947,Juengerhans Heavy-Lift-Fleet Services GmbH & Co. KG,0.0009489234447051036,99.81328847770325
0302235,1,1231.174,72154.75845414808,10552.523375362722,7.747246533736656,82707.2818295108,DUBAI TOWER LIMITED,0.000948350130463709,99.81423682783371
1886455,1,1588.8489,68919.6192210041,13631.228763960995,0.0,82550.8479849651,"Nakaei Marine Co., Ltd",0.0009465564062159499,99.81518338423993
6108231,1,1461.5561,69341.16207757684,13120.309018451946,0.0,82461.47109602878,Mari Kokako Ltd,0.0009455315800772076,99.81612891582
0243115,1,1601.56532,69673.8428164601,12749.639936562417,189.38502863274084,82423.48275302252,HORIZON SHIPPING INVESTMENTS S.A.,0.0009450959926748752,99.81707401181268
0097708,1,1495.0907,68671.0338183346,13747.46537515457,49.67215416835831,82418.49919348917,Ethiopian Shipping & Logistics,0.0009450388494677829,99.81801905066214
0138486,1,4907.32802,72530.51778063935,9511.157902295477,1083.0187987490149,82041.67568293483,Su-Nav Sagar Pvt Ltd,0.0009407180615336243,99.81895976872367
4208448,1,1549.7704,67804.40389171262,14171.209270086441,58.25690023920017,81975.61316179906,Sati Shipping Limited,0.0009399605659521953,99.81989972928963
0151071,1,1555.6563,71264.01087304151,10366.403838709466,247.70965553777035,81630.41471175097,Gasmaris Navigation FZC,0.0009360024018353548,99.82083573169146
5347487,1,1396.213,72121.78602095722,9457.611265486923,0.0,81579.39728644415,Seahorse Shipping & Engineering Ltd. STI,0.0009354174184956124,99.82177114910995
6441967,1,846.92902,71948.29080681979,9434.73161171569,0.0,81383.02241853547,GROWTH SHIPPING LTD,0.0009331657167411662,99.8227043148267
6303257,1,1503.55698,67298.53462343842,13948.28830188539,0.0,81246.82292532381,MONTONE SHIPPING S.A.,0.0009316040065229217,99.82363591883322
5351569,1,1471.70626,70644.3301307461,10528.977226413017,29.16325357471388,81173.30735715911,MEGATRANS ULUSLARARASI DENIZ NAKLIYAT SANAYI VE TICARET A.S.,0.0009307610517416991,99.82456667988497
1272312,3,12981.62919,67623.80990266684,13464.284421359773,1282.2662519802616,81088.0943240266,Anbros Maritime SA,0.0009297839698052501,99.82549646385478
6152764,1,1567.55393,66585.16381493703,14417.820971038025,0.0,81002.98478597504,"CHS International Ship Management Co., Ltd.",0.0009288080745789834,99.82642527192935
5912144,1,1061.3463,70705.49717160307,9270.609020962773,0.0,79976.10619256584,Lily-B Schifffahrts GmbH & Co KG,0.000917033531558244,99.82734230546092
4066940,1,1541.4434,65476.063490646775,14379.207968130751,80.96801269152634,79855.27145877753,Achilleas Maritime Corp,0.0009156479989543686,99.82825795345987
6276013,1,1649.01892,70315.74503497353,9219.584512224053,7.38483212534371,79535.32954719759,"SEACON STAR FUJIAN SHIPS CO.,LTD",0.0009119794349914869,99.82916993289486
6349971,1,1496.872,65527.40132785493,13968.408652179678,0.0,79495.80998003461,Karamel Maritime Ltd,0.0009115262900464972,99.8300814591849
6059740,1,1276.47648,67204.94650230055,12179.666629271078,117.50479908684366,79384.61313157162,"NINGBO U-LINKSHIPPING TECH CO.,LTD",0.0009102512687495283,99.83099171045365
6152866,1,1456.7541,65419.42875760884,13856.394262417043,4.010439635239823,79275.82302002588,DSD SHIPS 5 AS,0.0009090038439255541,99.83190071429757
5910770,1,3980.42849,66603.32023156474,12358.938498770925,0.0,78962.25873033566,TW Ship Management Private Limited,0.0009054084079680593,99.83280612270555
0138353,1,1452.89508,69613.32057815882,9129.347296308559,119.20457889557963,78742.66787446738,Sea Direction Shipping Service,0.000902890503713382,99.83370901320926
0249281,1,1387.36628,65641.52543341833,13073.81072517689,32.91958892465555,78715.33615859522,En Shipping Co Ltd,0.0009025771088618067,99.83461159031812
1568279,3,1298.96138,67926.8976873666,10529.56195212464,26.16147200728439,78456.45963949124,Misha Shipping Agency & Trade,0.0008996087416849923,99.83551119905981
5541031,1,816.34378,69351.85186750883,9093.90478228245,0.0,78445.75664979128,Partenreederei M/S FREDO,0.0008994860175251145,99.83641068507734
6417777,1,1499.5641,65583.26722517099,12738.27419814149,0.0,78321.54142331248,Oceans Gate Shipping Co,0.0008980617230297448,99.83730874680037
5997662,1,1514.4994,64331.56019283383,13818.340932047833,0.0,78149.90112488167,New Reference Point Shipping,0.0008960936363533477,99.83820484043673
6308964,1,1089.57202,66366.01250205324,11745.856595732752,0.0,78111.869097786,EFRAMAR SHIPPING & MANAGEMENT LTD,0.0008956575480542264,99.83910049798479
0331620,1,1082.1492,67760.448576519,10286.180480095916,75.28069614540978,78046.62905661493,Bright Chemthree Shipping Ltd.,0.0008949094833108634,99.8399954074681
6397155,1,1418.6583,65816.7171833973,12127.371694808513,0.0,77944.0888782058,RANIA SHIPPING LTD,0.0008937337223691302,99.84088914119046
6448292,1,1452.4783,68390.40962938957,8968.417532837253,21.412897525240957,77358.82716222682,Vasto Marine Gemi Isletmeciligi Ve Denizcilik Ltd Sti,0.0008870229103048647,99.84177616410076
0171983,1,1101.48542,68323.68063552577,8960.430616741456,110.65255679554971,77284.11125226723,Anji No. 2 Shipping (Shanghai) CO. Ltd,0.0008861661919919119,99.84266233029275
5654859,1,1445.80653,65108.915973782816,12138.125955860005,82.49061962623927,77247.04192964282,"SHANGHAI ANRITA SHIPPING CO., LTD.",0.000885741142393262,99.84354807143515
1241788,1,809.38676,67957.35207737552,8910.942002230195,0.0,76868.29407960571,Reederei Thordsen MS 'Ilka' GmbH & Co. KG,0.0008813982893209538,99.84442946972447
6280700,1,1497.23754,64830.76820045024,11873.113959737615,74.26050378510234,76703.88216018786,Jessica B Ltd.,0.000879513085723632,99.8453089828102
6460710,1,1399.95728,62931.71338387894,13684.862472968001,69.40060181093013,76616.57585684693,Norbulk Shipping - FZCO,0.0008785120016312501,99.84618749481183
0518169,1,1473.78113,62601.9661143301,13173.468734113138,0.0,75775.43484844324,Fundador Compania Naviera SA,0.0008688671896218027,99.84705636200145
0533660,1,1494.14961,63950.48782921034,11588.344032056466,0.0,75538.83186126681,NAVEGADORA TRANSPACIFICA SA,0.000866154218420314,99.84792251621987
6417088,1,1345.84628,63809.24038873804,11698.873869150162,0.0,75508.1142578882,Briese Schiffahrts GmbH & Co. KG MS Roggsand,0.0008658019998184297,99.84878831821969
0791759,2,1427.97332,63230.685985996606,12247.332496460527,0.0,75478.01848245713,Navesco SA,0.0008654569113095932,99.849653775131
0354919,1,11135.3919,63407.64648290704,12061.158900682247,1984.5689937037794,75468.8053835893,Ruby Shiptrade SA,0.0008653512707502614,99.85051912640175
6269674,1,1419.7771,66349.04714363777,8700.25670133381,4.461015613859375,75049.30384497158,Jasoniol BVBA,0.0008605411218724647,99.85137966752362
6284296,1,1376.53438,61421.57135620985,13600.818303237565,135.78441873281668,75022.38965944742,Condor 236. Schifffahrts-GmbH & Co. KG MS “ROM”,0.0008602325145674178,99.85223990003819
6147446,1,1531.18624,62504.36050796703,12453.131811545136,72.9987853909414,74957.49231951217,Tampa Maritime Co. Ltd,0.0008594883793542547,99.85309938841753
5791616,1,1067.12689,64413.14428220353,10452.237086920886,195.69709247945138,74865.38136912441,PIMLICO SHIPPING LIMITED,0.0008584322035268659,99.85395782062106
6131896,1,1355.4682,63514.56392169834,10732.99178533403,0.0,74247.55570703237,Hiroki Ship Management LTD,0.0008513480020601003,99.85480916862312
1387946,1,1186.43755,62392.076510882755,11810.664035513619,3.1510705036944007,74202.74054639638,"KYOWA SANSHO CO., LTD.",0.0008508341360195804,99.85566000275914
0108473,1,3578.09075,62267.74175720742,11912.605202141543,0.0,74180.34695934896,ELVERA MARINE LTD,0.000850577363450972,99.85651058012259
1145711,1,1420.87134,61558.35615132629,12256.809934498004,60.80036653950738,73815.1660858243,Parakou Shipping Ltd.,0.0008463900739960502,99.85735697019659
1623039,1,1358.04352,61156.645008666965,12607.475149351487,13.286628104075385,73764.12015801846,EFNAV COMPANY LTD.,0.0008458047638368541,99.85820277496043
0259831,1,9378.17568,61486.25040466271,11907.099888253593,543.5502485033389,73393.3502929163,Hornbill Shipping Limited,0.0008415533890828577,99.85904432834951
6326152,1,800.6985,64784.32032834171,8496.217907918952,0.0,73280.53823626066,BAT Agrar GmbH & Co. KG,0.0008402598472533997,99.85988458819676
6266105,1,1410.3306,59906.770438928834,13271.169780208318,0.0,73177.94021913715,H4 JUNIPER SA,0.0008390834231130806,99.86072367161988
6433971,1,1327.60028,62178.42088671154,10825.551415894697,0.0,73003.97230260624,Astro Marine LTD,0.0008370886471672495,99.86156076026705
5910253,1,18890.69748,59887.28873641588,13040.111850372956,0.0,72927.40058678883,"MS ""Dream"" Schiffahrtsgesellschaft mbH & Co. KG",0.0008362106495462546,99.8623969709166
6413978,1,755.39772,64174.22667015839,8415.080806268592,0.0,72589.30747642698,Long Island Shipping Company Limited,0.0008323339576972651,99.86322930487431
6117362,1,1266.05846,60249.421405471796,11353.111492397114,0.0,71602.5328978689,Xiamen Hongrun Shipping Ltd,0.0008210192610996565,99.8640503241354
6328180,1,1311.59786,60821.06478213863,10243.425256786746,167.39590074819978,71064.49003892537,NOURSEEN MARITIME LTD,0.000814849876685283,99.8648651740121
5790238,1,1343.2432,60533.808216971775,10505.342823475396,0.0,71039.15104044718,PTC Ship Management Inc.,0.0008145593310164973,99.86567973334311
6489954,1,1145.4895,61030.68593023998,9926.970927845285,27.242319142046945,70957.65685808526,Xingtong Exploration Shipping Co. Limited,0.0008136248907016255,99.86649335823381
6236375,1,1372.8092,62698.01790794695,8222.151456501757,14.902187219400403,70920.16936444871,Istmarine Ship Management SA,0.0008131950462103719,99.86730655328002
5305159,1,1375.94488,58446.164369389335,12346.15874423151,130.13162113401793,70792.32311362085,Executive Ship Management,0.0008117291171413713,99.86811828239716
6279790,1,1184.08476,60070.750780044065,10541.748953028002,0.0,70612.49973307207,"SAL Shipping GmbH & Co. KG IMC “INDUSTRIAL CONSTANT""",0.0008096672004318438,99.86892794959759
0212210,2,4600.1376900000005,60525.736716205356,9988.546977450844,589.1899715076215,70514.2836936562,"HONG KONG HIGHSOAR SHIPPING CO., LIMITED",0.0008085410215545634,99.86973649061915
6328560,2,1252.52999,61818.43416133903,8591.380288496463,9.854184896558323,70409.8144498355,Reform Shipping SA,0.000807343141285556,99.87054383376044
5942055,1,1317.92809,59803.85859177142,10599.279275582077,99.87306809802912,70403.13786735351,ZHOUSHAN JIANYANG INT'L SHPG,0.0008072665852952274,99.87135110034573
0204722,1,1647.65048,58748.63198825819,11645.099956117854,156.39452606610047,70393.73194437605,Lena S.A.,0.0008071587337483565,99.87215825907948
6266931,1,1340.79011,60434.78302553548,9908.997548286117,0.0,70343.7805738216,WG SHIPPING SA,0.0008065859741589433,99.87296484505364
5854637,1,1256.12054,58065.53291818535,12131.612748325535,0.0,70197.14566651089,Anosis Maritime S.A,0.0008049046078946607,99.87376974966153
5949049,1,1275.70138,59732.251526399275,10176.545608622786,0.0,69908.79713502206,Bella Shipholding Ltd,0.0008015983044905646,99.87457134796603
6275165,1,1175.1296,58468.31703268637,11127.399650411358,0.0,69595.71668309772,"SAL Shipping GmbH & Co. KG IMC “INDUSTRIAL COURAGE""",0.00079800841638325,99.87536935638241
6035656,1,1338.69338,56863.82824266433,12586.258318749226,160.09459848955544,69450.08656141355,Valloeby Progress Limited,0.000796338571336434,99.87616569495374
5837691,2,1280.0981000000002,61149.49780985127,8019.49610450344,0.0,69168.99391435471,FORTIUS SHIPPING & TRADING CO,0.0007931154663979818,99.87695881042013
0118881,1,2562.9915,57080.346824164546,12047.522779629191,513.1662784614839,69127.86960379373,"Briese Schiffahrts GmbH & Co. KG MS ""Marienhafe""",0.0007926439209134364,99.87775145434105
5340238,1,1327.11912,56862.440940196,12156.518771642099,0.0,69018.9597118381,"MS ""Dutch Verena"" Shipping GmbH & Co.KG",0.0007913951226460986,99.8785428494637
5902298,1,1300.7079,59294.90888335629,9670.698127621765,0.0,68965.60701097806,Layla Shipholding Co,0.0007907833622339318,99.87933363282593
5856205,1,1226.48798,58894.49159351955,9950.691758971892,0.0,68845.18335249144,Mastermind Shipmanagement doo,0.0007894025431608046,99.8801230353691
6110144,1,7633.97573,57015.43415159731,11815.353513027936,1161.9556304031478,68830.78766462524,INTEGRATED MARITIME MANAGEMENT (SG) PTE LTD,0.0007892374772541029,99.88091227284634
0204577,1,7104.84427,58213.557157059266,10579.724776386842,107.27090723407849,68793.28193344611,Chant S.A.,0.0007888074236449154,99.88170108026999
6085370,1,1262.08412,56905.15082647438,11855.272381354487,0.0,68760.42320782886,Doric Courage Navigation Inc,0.000788430654199267,99.88248951092419
0133304,3,1127.81496,60300.211287938946,8151.386500679965,0.0,68451.5977886189,ENKA DENIZCILIK VE TICARET LTD. STI.,0.0007848895557600511,99.88327440047995
6206566,1,1276.30218,56855.55370130395,11543.332691101226,129.4036033568232,68398.88639240517,ABK SHIPPING MANAGEMENT-LIB,0.0007842851487674569,99.88405868562872
5910271,1,20002.74424,56199.32565209648,11745.006850388745,186.78204251676522,67944.33250248522,"MS ""Meandi"" Schiffahrtsgesellschaft mbH & Co. KG",0.0007790730775776798,99.8848377587063
5862583,2,2386.0622,57708.75831200006,9861.21262015117,0.0,67569.97093215123,Romarine Europe Ltd,0.0007747805190965696,99.88561253922539
6397932,1,1337.47908,59636.65508741991,7820.139347311674,0.0,67456.79443473158,Cilicia Shipping Co,0.0007734827984640065,99.88638602202386
5537551,1,1261.89602,57067.520435513725,10099.589268067855,0.0,67167.10970358158,Maa Shipping (Pvt) Ltd.,0.0007701611737351737,99.88715618319759
5795256,1,1305.4604,56296.51328368036,10867.228229251661,0.0,67163.74151293203,Brook Ocean Shipping LLC,0.0007701225529031108,99.8879263057505
6009663,1,1295.51478,55747.403165231444,11136.058410012478,0.0,66883.46157524393,"MS ""Flora"" Schifffahrts GmbH & Co. KG",0.0007669087667697351,99.88869321451726
1215132,1,1319.538,56050.16302662884,10037.628280452956,0.0,66087.7913070818,Carbofin S.p.A.,0.0007577853379019712,99.88945099985516
2078213,1,1263.61712,55406.355284884274,10594.966764446419,0.0,66001.32204933069,"JEBSEN PTC, INC.",0.000756793851662121,99.89020779370682
0275583,1,1695.00638,54975.84296140365,10700.421253739809,0.0,65676.26421514346,ADW 26. Schifffahrtsgesellschaft mbH & Co. KG,0.0007530666267716312,99.89096086033359
4039291,1,1276.34928,55716.35239657418,9875.217804037853,0.0,65591.57020061203,SANKALPA S.A.,0.0007520954960809147,99.89171295582968
6030862,1,1287.2074,56660.35523171133,8909.911706919826,48.30988605217141,65570.26693863116,OCEANA SHIPMANAGEMENT LTD,0.000751851225554403,99.89246480705523
5817358,1,1344.94906,57915.31940897411,7594.414713223589,241.2927836667477,65509.7341221977,Tunch Denizcilik ve Ticaret,0.0007511571354683528,99.8932159641907
6101954,1,1158.2609,55271.44712856302,10000.306889103475,0.0,65271.75401766649,Erkul S Shipping Corp,0.000748428373765784,99.89396439256447
6344971,1,1242.78058,57623.83722073471,7556.782322954621,78.06643298320077,65180.61954368933,Aegina Maritime PC,0.0007473833945526581,99.89471177595902
6367788,1,1203.6581,56282.393891749205,8892.792583730798,0.0,65175.186475480004,KARIKA MARINE INC.,0.0007473210971245338,99.89545909705615
6430724,1,1023.70786,57440.04555471969,7531.700874588101,0.0,64971.746429307794,Sed Denizcilik ve Dis Ticaret,0.0007449883836069181,99.89620408543975
6357177,1,1132.53224,55554.47127431946,9071.510840337523,32.34002590081259,64625.98211465699,OKEE Ship Twelve GmbH & Co KG,0.0007410237310919832,99.89694510917084
6369427,1,1224.5196,52749.43658438374,11589.39744753889,0.0,64338.834031922626,"NH Schifffahrts GmbH & Co. KG MS ""Elbetal""",0.0007377311924460527,99.89768284036329
6036583,1,1094.00754,52652.12491963367,11548.60911173168,0.0,64200.734031365355,"""AS FREYA"" Schifffahrtsgesellschaft mbH & Co. KG",0.0007361476903571375,99.89841898805365
6280228,1,1204.24568,53794.80170164325,9984.626259020202,0.0,63779.42796066345,KIVA MARINE LTD,0.0007313168500940165,99.89915030490374
0057248,2,1170.2407,52888.99513489459,10253.71746731313,86.46771975646499,63142.71260220772,PARADIS GEMI ISLETME KIRALAMA ACENTELIK HIZMETLERI TIC.LTD.STI.,0.0007240160528739548,99.89987432095661
6265606,1,4137.73866,53781.288033325014,9083.857765169098,358.3051654988947,62865.14579849411,An Binh Logistics & Intl Trdg,0.0007208333764675798,99.90059515433308
6191090,1,1216.61165,53012.7292622104,9617.51542788802,220.25045091414012,62630.24469009842,LONGYANG SHIPPING COMPANY LIMITED,0.0007181399195933431,99.90131329425267
0289004,1,2590.39634,52182.15645663137,10131.94254170444,25.675127119313192,62314.09899833581,SAL Shipping GmbH & Co KG ms 'Industrial Destiny',0.0007145148843921302,99.90202780913707
6282255,1,1084.81422,54691.90046049212,7172.171743503681,0.0,61864.072203995805,PANICI DENIZCILIK TICARET LTD. STI.,0.0007093547224368112,99.9027371638595
6373132,2,1173.6083,53268.24777905259,8353.239150003696,50.306281078440534,61621.486929056286,Nordic Shipping and Ship Management Co.,0.000706573156266958,99.90344373701576
6154638,2,912.47175,53800.561597990614,7507.758739088611,81.58417105921095,61308.320337079225,"NANTONG AMIGER SHIPPING CO., LTD",0.0007029822804481815,99.90414671929621
6385413,1,1085.46233,53267.77883173935,7932.372355352295,142.41767261975687,61200.151187091644,YASMINA SHIPPING LTD,0.0007017419757829366,99.904848461272
6487048,1,862.79872,54070.912272698384,7090.342586811087,5.279579567155375,61161.25485950947,Goodfellas Denizcilik Ticaret,0.0007012959771172671,99.90554975724912
0957721,1,1188.1089,51829.25066578028,8975.431161104163,33.03279029900118,60804.68182688444,KHANA MARINE LTD,0.0006972073881257096,99.90624696463725
6196714,1,632.2232,53710.03097935334,7043.840454234954,0.0,60753.87143358829,Alka Marine Solutions,0.0006966247786861847,99.90694358941593
5477415,1,1133.80784,51660.74991043726,9029.995167802643,0.0,60690.7450782399,Pacific Light Operation & Ship Management LLC,0.0006959009501912071,99.90763949036612
6333684,1,913.271,51766.85603639499,8823.487003383012,0.0,60590.343039778,AYANA SHIPPING LTD,0.0006947497058972592,99.90833424007202
6418608,1,1202.0897,53518.96893089867,7018.04598453336,0.0,60537.01491543203,Eems Coast B.V,0.0006941382272878529,99.90902837829931
5534264,1,969.966,53506.72702730493,7016.703518777954,0.0,60523.430546082884,Sekstant Sp/f,0.0006939824642382209,99.90972236076355
6055821,1,1195.07977,50763.537312929024,9380.436031361303,0.0,60143.97334429032,Transmed Maritime Ltd,0.0006896314774947905,99.91041199224105
0395784,4,32172.18547,49928.70405304585,10082.993898691177,1475.2622704178384,60011.69795173702,Oslo Bulk Gamma AS,0.000688114762363907,99.91110010700342
0842264,1,1088.96857,49762.91673559862,9737.981735138199,97.06593052572593,59500.89847073682,TRADE FORTUNE INC.,0.0006822577598880441,99.91178236476331
0298824,1,5270.10634,49826.50921953404,9673.806919323242,0.0,59500.316138857284,Searoad Maritime Company Limited,0.0006822510826704919,99.91246461584598
6327341,1,1147.1417,50048.22784904933,9160.660752355661,6.947310788203398,59208.88860140499,MIRA SHIPPING LTD,0.0006789094743253729,99.91314352532031
5936198,4,42581.30877,51941.86258616693,6811.216842046194,3497.1713423556766,58753.079428213125,caronte & tourist isole minori spa,0.0006736830096259995,99.91381720832993
1337207,1,959.36888,49812.510462600134,8621.05333259561,45.578798886796285,58433.56379519575,TSANGARIS BROS LTD,0.0006700193335196822,99.91448722766346
5436080,1,1074.11482,49822.411027796625,8446.553332936064,0.0,58268.96436073269,Navarro International Ltd,0.0006681319798103793,99.91515535964326
5197683,1,1145.08421,49141.70002094391,9109.38868669569,0.0,58251.088707639596,"Zhejiang Shipping Group Co., Ltd.",0.0006679270114258796,99.91582328665469
6213086,1,5438.23248,48186.32946117194,9958.232108069764,859.2183153880634,58144.561569241705,GOLDEN FROST LTD.,0.0006667055346300902,99.91648999218931
5914755,1,1169.8409,50590.26128068799,7494.705306330752,0.0,58084.966587018745,Mary Marine Ltd,0.0006660221980735506,99.91715601438739
0240261,1,1467.25796,51329.57625947733,6731.070430964997,0.0,58060.64669044233,COE 2 SEA Carrier GmbH & Co. KG,0.0006657433377775654,99.91782175772516
6128764,1,1089.7194,51285.99814103566,6725.156998902282,0.0,58011.155139937946,ROMA SHIP DENIZCILIK LOJISTIK ITH IHR SAN VE TIC LTD,0.0006651758506429448,99.9184869335758
5652031,1,1089.7194,51285.99814103566,6725.156998902282,0.0,58011.155139937946,Star Maritime Shipping Ltd,0.0006651758506429448,99.91915210942645
5960309,1,1132.65752,48588.65567240877,9334.115170213083,0.0,57922.77084262185,Elocin Ltd.,0.000664162405901,99.91981627183235
6423563,2,3858.67914,51126.66564548332,6704.181549378633,0.0,57830.847194861955,TTS DENIZCILIK AS.,0.0006631083777499419,99.9204793802101
6099997,2,1115.1259300000002,49223.48460228087,8566.975290047463,91.06870266192401,57790.459892328334,Nova Gemi Acenteligi ve Denizcilik Ltd. Sti,0.0006626452830528416,99.92114202549315
5665558,1,1133.4033,48756.515872907265,8420.304993730639,175.79399641343343,57176.82086663791,Moon Light Shipping Co SA,0.000655609086998536,99.92179763458016
5522669,1,955.65519,48543.7556662508,8200.3721314764,31.365942791974796,56744.1277977272,"Tianjin Huihang International Shipping & Management Co.,Ltd",0.0006506476794987939,99.92244828225965
6445165,3,5557.065060000001,50129.13570280068,6574.273209632243,53.27450533543403,56703.408912432926,TQ Ship Management Denizcilik Ltd. Sti.,0.0006501807827597528,99.92309846304241
0730267,2,1105.35434,47726.899569583955,8709.477933949891,25.30427670977984,56436.37750353385,Unison Marine Corp,0.0006471189088126756,99.92374558195122
6287358,1,789.70192,49762.125811778664,6524.56619881186,0.0,56286.69201059052,ARGO SHIPPING CO LTD-BUL,0.0006454025634846555,99.9243909845147
4176282,1,1087.474,47218.202175212355,8759.541092469251,0.0,55977.74326768161,FH Bertling Dalarna Shipping Pte Ltd,0.0006418600509735052,99.92503284456568
6050397,1,1053.8011,48439.33078437442,7445.048252483723,177.9245170471689,55884.37903685814,Razoni Shipping Ltd,0.0006407895046017287,99.92567363407028
6158423,1,1033.34189,49333.83504124027,6468.608414277528,0.0,55802.4434555178,Sera Shipping Co,0.0006398500030544054,99.92631348407333
6252415,1,1035.808,47535.88509549439,8233.432947529482,0.0,55769.31804302387,AMIN SHIP TRADE LTD,0.0006394701756853348,99.92695295424902
5335419,1,1018.159,47790.61183897437,7854.2852942412,0.0,55644.89713321557,GMZ SHIP MANAGEMENT CO. S.A.,0.0006380435227541898,99.92759099777177
6136101,1,974.94781,49178.04258817754,6449.107885080106,0.0,55627.15047325764,Klausen Maritime LTD,0.0006378400334493291,99.92822883780522
6438702,1,1025.98412,48837.45261109456,6404.804060208043,0.0,55242.2566713026,Thunder Shipping Ltd,0.0006334267087791851,99.928862264514
6355741,1,994.44495,45502.01812087429,9433.029338634482,15.762206258724092,54935.04745950877,CLEANWATER MARITIME INC,0.0006299041423298984,99.92949216865632
6371900,1,1068.8578,48295.85159645309,6627.59410289672,62.11169653019474,54923.44569934981,Ocean Star Maritime Corp,0.000629771112558916,99.93012193976888
6490308,1,1077.216,48480.656766353415,6358.315055873917,191.93053130658572,54838.97182222733,VV Odyssey LLC,0.0006288025060394198,99.93075074227492
6482696,1,2235.30717,46880.03254395441,7874.496231764206,0.0,54754.528775718616,Cetus Management SA,0.0006278342530343413,99.93137857652796
6433591,1,965.60693,45855.50754724021,8879.275618294747,65.94010828737403,54734.78316553496,Archer Denizcilik ve Gemi,0.0006276078430788992,99.93200618437105
6418523,1,1045.3735,45384.95459918082,9137.881771741067,0.0,54522.83637092188,STI MAVERICK SHIPPING COMPANY LIMITED,0.0006251775882588096,99.93263136195931
5838005,1,1048.6283,45140.72819771463,9373.933179238747,0.0,54514.66137695337,"MS ""Colleen"" Interscan UG (haftungsbeschraenkt) & Co. KG",0.000625083850967182,99.93325644581027
6308261,1,1013.24082,46410.03859468507,7977.63672089265,0.0,54387.675315577726,Briese Schiffahrts GmbH & Co. KG MS Marientief,0.0006236277851261971,99.9338800735954
0931732,1,1476.59292,51982.12324218434,1636.1338630613532,9.114685379214661,53618.25710524569,"KASUGA SHIPPING CO., LTD.",0.0006148053713796825,99.93449487896679
6169737,1,1020.0981,43853.3021621437,9241.185736907753,104.66749759775705,53094.487899051455,DSD SHIPS 4 AS,0.0006087996535754015,99.93510367862037
6025235,1,1013.0308,43371.076503787444,9119.881469823818,0.0,52490.957973611265,"""AS SABRINA"" Schifffahrtsgesellschaft mbH & Co. KG",0.0006018793719403479,99.9357055579923
0011019,1,1003.61973,44408.85520889621,8081.777973134601,0.0,52490.63318203081,Maritime Wasp LLC,0.0006018756477684144,99.93630743364008
0302805,1,5257.53704,44965.02587285293,7460.47587017593,0.0,52425.50174302886,Ngol Okavango Ltd,0.0006011288282948627,99.93690856246837
6307379,1,917.1318,44687.229810005294,7454.247489020113,2.877939264498727,52141.477299025406,OCM Maritime Gas 4 LLC,0.0005978721063646125,99.93750643457474
0657789,2,958.6668900000001,45510.9085803544,6594.968319360983,0.0,52105.87689971538,ATLANTIS MANAGEMENT INC.,0.0005974638999457411,99.9381038984747
6410908,1,756.34434,44961.04746657053,7114.356840747822,12.626425886744313,52075.40430731836,VALUE SHIPPING LIMITED,0.0005971144907240131,99.93870101296542
6511521,1,921.37234,45955.8495291394,6026.216128819762,86.14009380501551,51982.06565795916,Goodfellas Can Berat Denicilik,0.0005960442376781015,99.9392970572031
6335632,1,873.112,43760.17534243894,8042.053472279881,70.48824851578308,51802.22881471882,Condor 239 Schifffahrts-GmbH & Co KG ms 'Linz',0.0005939821666007239,99.93989103936971
6387613,2,943.6768,44728.45809462737,6822.5251330173105,5.524220220094256,51550.98322764468,Hellenic Glamor Ship Management LLC,0.0005911012983142851,99.94048214066802
6400623,1,989.16312,43321.412264780505,8107.1307614103225,0.0,51428.543026190826,Gemini 8 Limited,0.0005896973568661533,99.9410718380249
1813425,1,1021.34504,45204.94424564988,5927.603983747285,0.0,51132.548229397165,Gloria Private Enterprise Shipping Co.,0.0005863033787550786,99.94165814140365
6171208,1,834.73446,44301.56057335295,6602.700363037369,3.7970698623693346,50904.26093639032,Laussane Ship Trade Ltd,0.0005836857581620995,99.94224182716181
5931648,1,982.50469,43526.112014719576,7004.997865529937,0.0,50531.10988024951,EBE NV,0.0005794070798529359,99.94282123424166
0320381,1,6503.35688,42985.48202685171,7192.1642435242275,0.0,50177.64627037593,AK Courage Shipping Co Ltd,0.0005753541445717503,99.94339658838624
0016638,1,920.0047,42097.973750283854,8024.786601174772,89.45455844842378,50122.76035145862,Volos Maritime Co. Ltd.,0.000574724803754177,99.94397131318999
5992281,1,991.677,43158.55501849877,6598.5223324501885,149.2075668980273,49757.07735094896,Blue Bay Investments Ltd,0.0005705317567386003,99.94454184494673
0179119,1,5081.91462,43657.23885855674,5859.666236674817,55.050009604080486,49516.90509523156,Schiffahrts UG (haftungsbeschraenkt) & Co. KG MS ”Alexander“,0.0005677778590768095,99.9451096228058
5158920,1,759.00447,43627.82515778464,5721.640234300527,0.0,49349.46539208516,Seta Uluslararasi Denizcilik ve Ticaret ltd. Sti.,0.000565857937870222,99.94567548074367
5898771,1,911.79216,41810.72568053934,7435.8290493337145,0.0,49246.55472987305,Constantia Holdings Ltd.,0.0005646779288338212,99.94624015867251
6413505,1,946.4634,40203.031567667946,8643.662284197542,0.0,48846.693851865486,STI MARVEL SHIPPING COMPANY LIMITED,0.0005600929865235722,99.94680025165903
6177706,1,940.57628,43158.67905166496,5659.689011641425,0.0,48818.36806330639,BREADBOX VIPER B.V.,0.0005597681932927794,99.94736001985233
0262671,1,2315.39371,40813.30787743161,7573.281255913268,181.92925074507812,48386.589133344874,"SAL Shipping GmbH & Co. KG MS ""INDUSTRIAL DOLPHIN""",0.0005548172676245345,99.94791483711995
1332988,1,660.7566,42543.13812867643,5579.139040852423,0.0,48122.277169528854,Herbosch-Kiere NV,0.0005517865757697988,99.94846662369572
0250430,1,1359.76078,41961.642610720446,5502.441475926279,0.0,47464.084086646726,MedBulk Shipping Limited,0.00054423950757684,99.9490108632033
6389111,1,742.118,40458.709798450145,6984.580530339917,120.95932093881721,47443.29032879006,BMA Gemi Isletmeciligi Ltd Sti,0.0005440010791997976,99.9495548642825
6233941,1,683.42302,41888.104535850136,5492.865405550757,0.0,47380.969941400894,GMM Owner Lda,0.000543286492210554,99.95009815077472
0093886,1,924.18668,39257.32540035138,8018.063259585863,147.34892745983532,47275.38865993724,CALOBRA SHIPPING A/S,0.0005420758609355838,99.95064022663566
6491195,1,924.16155,39255.713818733246,7658.44792957569,4.437538902114199,46914.161748308936,XIN RUNCHANG SHIPPING PTE.LTD.,0.0005379339089672449,99.95117816054463
6156311,2,891.66112,40856.20466300151,5691.536236746992,8.95243577606208,46547.7408997485,"FUSCO Zhongping Ship Management Co., Ltd",0.0005337324015322258,99.95171189294616
6511534,1,2292.62127,40249.47264343861,6071.396211148481,287.1742191109894,46320.86885458709,Goodfellas Queen Denizcilik Ticaret Ltd.Sti.,0.0005311310086576431,99.95224302395482
6147477,1,773.42972,39436.08013046029,6815.477322496692,0.0,46251.55745295698,Santos Maritime Co. Ltd,0.0005303362602954126,99.95277336021512
5776132,1,885.2304,38718.71987162742,7096.7687349717025,0.0,45815.48860659912,STI Madison Shipping Company Limited,0.0005253361449707777,99.9532986963601
5564586,1,799.72348,37500.55276669353,8010.1738294275265,46.804668079564266,45510.72659612106,"DD SHIPPING PTE., LTD.",0.0005218416389731918,99.95382053799906
5851337,2,834.95802,38441.98998428362,6953.868551249065,0.0,45395.85853553268,Vantage Shipping Lines SA,0.0005205245222957309,99.95434106252137
0132408,1,873.93057,39073.53118570965,6152.4046530697915,0.0,45225.93583877944,ELNEHESI SHIPPING CO,0.0005185761302307269,99.9548596386516
6129317,1,743.2195,39012.47883305427,5729.4256925261025,223.12724857932548,44741.90452558037,VALMIERA MARITIME COMPANY LTD,0.0005130260607704938,99.95537266471237
0104351,1,861.45908,36592.29357151495,8098.630084911429,0.0,44690.92365642638,Tai Chong Cheang Steamship Co. (Shanghai) Ltd,0.0005124414965961687,99.95588510620897
6177927,1,634.38967,39177.239903482674,5493.346501838407,23.057993265458514,44670.58640532108,"MARINENET SHIPPING CO., LIMITED",0.0005122083026824968,99.95639731451165
6305647,1,878.9525,37703.053901330684,6885.921524431757,165.97181412038816,44588.975425762445,MS EAGLE TRADER SHIPPING LTD,0.0005112725231308094,99.95690858703477
5783735,1,821.88132,38254.40681127769,6305.236182738276,0.0,44559.642994015965,New Horizon Shipmanagement SA,0.0005109361873831187,99.95741952322216
5993877,1,1683.47896,44551.421988458096,0.0,389.6047982062917,44551.421988458096,SAL Shipping UG (haftungsbeschrankt) & Co. KG ACM MS “KLARA”,0.0005108419225067875,99.95793036514466
6253051,1,855.78072,36351.093239486705,7788.785278197503,0.0,44139.87851768421,FRUIZ MARINE CORP.,0.0005061230235710877,99.95843648816823
5776177,1,550.779,38050.418977730806,6016.213961274203,0.0,44066.63293900501,STI Meraux Shipping Company Limited,0.0005052831645821356,99.95894177133282
0161355,2,749.3118099999999,37101.6247243932,6728.577321426167,33.30691661245939,43830.202045819366,CSS Deniz Isletmeleri Ltd Sti,0.0005025721666695159,99.95944434349948
6403557,1,636.28458,37692.91461476641,5215.180726484749,51.804368433753936,42908.09534125116,Lyngate Marine Ltd.,0.000491998974149644,99.95993634247364
0115651,1,772.6292,35249.588672311766,7225.723501026384,56.75334886666413,42475.31217333815,"MS ""Sophia"" Jens u. Waller GmbH & Co. KG",0.0004870365335437631,99.96042337900718
0174577,1,849.65412,37285.16577544916,4889.869811146557,0.0,42175.03558659572,THE FIRST PORT FZCO,0.0004835934589569403,99.96090697246613
0044216,1,819.6164,36193.09537478418,5814.394636657043,92.98945281839487,42007.49001144122,MERKEM LTD,0.0004816723237855062,99.96138864478992
6217061,1,747.9655,35890.90810485258,5914.079435003667,0.0,41804.98753985624,MILESTONE GEMI ISLETMECILIGI VE ACENTELIGI TICARET LIMITED SIRKETI,0.0004793503608204712,99.96186799515074
6472125,1,804.88046,34188.998908674504,7565.067822255675,54.09297291740266,41754.06673093018,Crux Mare S.A.,0.00047876648531736983,99.96234676163606
6452961,1,697.25126,36594.81586240807,4814.670492027455,0.0,41409.486354435525,Gemkin Shipping Ltd,0.0004748154082444036,99.9628215770443
5875139,1,5738.80515,34488.83379615981,6223.7853211791935,0.0,40712.619117339,Arcadia Shipping Pte Ltd,0.0004668248889019995,99.9632884019332
6029401,1,762.47144,33329.96134099889,6732.386541606756,16.33244027323266,40062.347882605645,"Briese Schiffahrts GmbH & Co. KG MS ""Lepus""",0.0004593686553436608,99.96374777058854
6034922,1,775.5314,35162.12829930861,4610.788175891761,0.0,39772.91647520037,PHONIC SHIPPING CO.,0.00045604993531198453,99.96420382052385
6395176,2,747.7092,33782.85825280646,5760.243943166783,134.71907082694804,39543.10219597324,NEW ASOURA MARITIME COMPANY LTD,0.00045341480576998445,99.96465723532962
6244035,1,777.90465,34647.63447827358,4721.110078504509,46.38589684303646,39368.744556778096,OCEAN COMMANDER LTD,0.00045141556113008797,99.96510865089076
0396531,1,2252.64716,33554.141094366445,5775.204371902373,107.97334416567584,39329.34546626882,Skibsinvest I Aps,0.0004509637976118327,99.96555961468837
6477231,1,789.04018,33516.14786657191,5702.704017185128,71.14334220154548,39218.85188375704,FUSHUN SHIP MANAGEMENT LIMITED,0.00044969684020406233,99.96600931152858
1157850,1,722.24707,32032.615200760087,6662.798488900026,0.0,38695.41368966011,"SHIH WEI NAVIGATION CO., LTD.",0.00044369491789830013,99.96645300644649
4194584,1,744.80652,31637.229749576058,7008.482330093435,0.0,38645.712079669494,SFL Somme Inc.,0.0004431250221493862,99.96689613146863
5941220,1,635.25836,31812.940569860093,6452.080871389611,67.70826630158818,38265.0214412497,Rum Shipping Pte Ltd,0.00043875989239749893,99.96733489136103
6438941,1,435.9199,32660.444752165233,5518.914682507734,0.0,38179.359434672966,Alpha 2 Limited,0.0004377776623771691,99.96777266902342
0056050,1,730.69732,31905.566159646725,5837.907209465895,62.544764546441215,37743.47336911262,FIVE STAR SHIPPING LTD.,0.0004327796428800034,99.9682054486663
6456377,1,720.33386,32806.52014115406,4854.843232133945,27.98125066504737,37661.363373288004,Hasan Mansour Company HMC,0.000431838141436235,99.96863728680773
5094097,1,728.7238,33029.490146380216,4330.948633874502,0.0,37360.43878025472,ALPMAR SHIPPING AGENCY,0.00042838763658647913,99.96906567444432
5547910,1,725.818,30885.124912451967,6311.330849887686,0.0,37196.455762339654,"Marship GmbH & Co. KG MS ""SINUS FIDEI""",0.00042650735092125615,99.96949218179525
0126231,1,766.02784,30559.688220199077,6531.670467219127,121.42637189739135,37091.35868741821,"Briese Schiffahrts GmbH & Co. KG MS ""Landbalje""",0.0004253022717249822,99.96991748406697
1425380,1,713.19694,30294.546088928728,6703.158275228824,0.0,36997.70436415755,"Ocean Longevity Shipping & Management Co., Ltd",0.00042422839905357926,99.97034171246602
6441366,1,549.1878,32600.518042970067,4275.653694527831,0.0,36876.1717374979,PULY MARINE & LOGISTICS LTD.,0.0004228348641700866,99.97076454733019
6286607,1,711.9368,30241.01898138322,6606.651300596877,0.0,36847.6702819801,H4 NERIUM SA,0.00042250805668154616,99.97118705538688
6242440,1,516.5461,31513.327412897892,5326.40896334755,0.0,36839.73637624544,Hamburg Shipping Co Ltd,0.0004224170837905006,99.97160947247067
0295802,1,595.93439,32359.740782974415,4243.542433641441,0.0,36603.283216615855,FFH Global Marine Services LLC,0.0004197058305631788,99.97202917830124
6451739,1,1345.07504,32120.533477027428,4436.605680568973,113.32131147292493,36557.1391575964,"MY SHIPPING MANAGEMENT JIANGSU CO.,LTD",0.00041917672691688286,99.97244835502816
5542485,2,1017.4304,31677.206658487274,4152.779261491066,70.65595579286713,35829.98591997834,Pacship Pte Ltd,0.0004108389378793504,99.97285919396604
0011861,1,660.782,31295.615224558725,4522.37595829144,0.0,35817.991182850164,European Shipmanagement SA,0.0004107014020993229,99.97326989536815
6345086,1,444.06306,31588.68860540264,4141.987900854535,0.0,35730.67650625717,VIS MARITIME INC,0.00040970022199635385,99.97367959559014
6327491,1,531.67984,30891.98241736582,4050.8241005392574,0.0,34942.806517905075,LIPSOS BULK CARRIERS DENIZCILIK VE TIC.A.S.,0.00040066623381883944,99.97408026182396
6416062,1,683.1534,29917.181977157186,4493.314486819263,0.0,34410.49646397645,BRAVE HEART MARITIME SHIPPING CO. LTD,0.0003945625837178609,99.97447482440768
0197659,1,2136.66417,28493.185231112828,5901.788202672463,88.18615221277167,34394.97343378529,Carissa Oceanway Limited,0.0003943845913164503,99.974869208999
6493863,1,640.52674,30132.907086210733,3952.1567057629254,62.716619582861746,34085.06379197366,ZAHARATTI MUCEVHERAT,0.0003908310608080984,99.97526004005981
6051404,1,640.97512,28641.698806313587,5275.391671282924,0.0,33917.09047759651,"Daishan Zhongchang Marine Co.,Ltd.",0.00038890502103166907,99.97564894508083
4158785,1,352.66,29959.956428645375,3928.7434963236283,59.68962329567193,33888.699924969005,Sales SpA,0.00038857948519380013,99.97603752456602
5908898,1,575.53642,28051.052868953848,5792.72692892137,2.835196599473571,33843.77979787522,THEOMAR SHIPMANAGEMENT CORP.,0.0003880644155717848,99.9764255889816
6326550,1,637.10667,27062.45161515186,5988.42980374183,0.0,33050.88141889369,UOG IOANNIS V LLC,0.00037897277013841625,99.97680456175173
0332075,1,1090.43166,30916.376173076485,2116.5445335183863,0.0,33032.92070659487,PRIDE S.A.,0.000378766826435818,99.97718332857816
6472160,1,585.10186,27401.3951793851,5486.468935393082,0.0,32887.86411477818,Bulktech Denizcilik Gemi Insa Sanayı ve Ticaret Limited Sirketi,0.0003771035576796576,99.97756043213585
5664121,1,546.99806,27523.21188987849,5094.34305650274,0.0,32617.55494638123,Navigator Pegasus L.L.C.,0.0003740040998151952,99.97793443623566
5709115,1,601.41778,26350.173317963534,5811.018076505805,0.0,32161.191394469337,Fairmont Shipping Singapore,0.0003687712784188076,99.97830320751407
6435504,1,615.32556,26137.25254782483,5625.748834828575,0.0,31763.001382653405,Briese Schiffahrts GmbH & Co. KG MS Coldeborg,0.00036420549483480105,99.9786674130089
0976950,1,601.05363,26715.802702855104,4614.516954951782,0.0,31330.319657806886,"Salter Shipping, S.A.",0.0003592442174099994,99.97902665722631
6278598,1,594.7478,26979.057151281235,3892.9302567804602,9.173692723257759,30871.987408061694,AHM SHIPPING LTD,0.0003539888222473634,99.97938064604855
0019116,1,1072.7448,26191.19168335389,4385.295135353205,149.1403595933196,30576.486818707093,Treymen Progress LLC,0.0003506005108887069,99.97973124655944
6464831,1,371.40426,24994.591057575482,5099.704031553025,80.71895406890484,30094.295089128507,United Hong Kong Ship Mgmt Ltd,0.00034507153472676505,99.98007631809416
6407719,1,565.1084,25434.079644301863,4194.719177953009,0.0,29628.798822254874,K&I MARINE SOLUTIONS CO,0.000339733994480551,99.98041605208864
6204043,1,616.3535,26180.91647003215,3433.5855709543002,32.81144072851672,29614.50204098645,SR Navigation SA,0.0003395700626709061,99.9807556221513
6318237,1,509.5804,24682.35370301419,4787.721665589234,90.47397725946352,29470.075368603422,ALKAID LIMITED,0.0003379140167875555,99.98109353616809
6468777,1,550.64706,25134.39937350317,4330.73593386276,93.46868153137167,29465.13530736593,CHEMGASFLEET GEMI ISLETMECILIGI LIMITED SIRKETI,0.00033785737234687935,99.98143139354043
0110430,1,538.30663,25515.125123895137,3345.735924556192,0.0,28860.86104845133,SAL Shipping UG (haftungsbeschrankt) & Co. KG MS ''ORCA I'',0.0003309285559282863,99.98176232209636
6240271,2,5613.8333999999995,25067.102885426968,3505.4469416920147,16.874306647341715,28572.549827118983,SPANISH MKK SHIPPING SA,0.00032762268033527256,99.98208994477669
6438720,1,508.85486,23861.681462631648,4693.582594903493,60.57788297422565,28555.26405753514,MANASSA QUEEN SHIPPING CO.,0.00032742447575790783,99.98241736925245
6394442,1,554.04272,23724.788775651472,4822.112150813817,0.0,28546.90092646529,Mukan Denizcilik ve Tic Ltd,0.0003273285812215897,99.98274469783367
6267103,1,422.8714,25043.799941944926,3283.89931602708,0.0,28327.699257972006,NEW RAOUF SHIPPING LTD.,0.00032481513952316727,99.98306951297319
0199880,1,505.80101,24432.753946917146,3204.1496890632743,110.52330478544152,27636.90363598042,4 WINDS B.V.,0.00031689423940714235,99.98338640721259
0331841,1,15937.4734,23109.20367646677,4334.720977846012,686.8133352128814,27443.92465431278,"SAL Shipping UG (haftungsbeschrankt) & Co KG MS “LUISA""",0.00031468147605193364,99.98370108868865
5977214,1,9799.0972,23511.756715480107,3881.7541675988437,895.4225321095402,27393.51088307895,Eos Shipping  And Trading Ltd,0.00031410341441734477,99.98401519210306
0112008,1,305.82034,23760.969080318384,3115.8280433634477,0.0,26876.79712368183,MS HESTIA GMBH & CO. KG,0.00030817859679189345,99.98432337069985
6176420,3,1262.4234099999999,23495.41492106448,3080.7721118763566,0.0,26576.187032940834,Kodiak Shipping Co,0.0003047316981335554,99.98462810239799
5747919,40,78113.29508,21677.643455911995,4800.537446983424,4173.8078497513,26478.18090289542,Rix Shipmanagement,0.00030360792614928916,99.98493171032415
6456536,1,491.92864,23137.257260122038,3034.2151310154104,0.0,26171.47239113745,Marlinship Management Ltd,0.0003000911008987679,99.98523180142504
6035894,1,525.94014,22471.152432900635,3378.3544678027206,97.50508602084086,25849.506900703356,"Safety Sailing Ship Management(Tianjin)Co.,Ltd",0.0002963993338849832,99.98552820075894
6397402,1,478.9548,21651.960095089937,3823.625521977392,0.0,25475.58561706733,SARA RS LTD.,0.00029211182388253436,99.98582031258282
0178257,1,3984.67772,21492.183288949145,3815.2281490430855,61.668962571809885,25307.411437992232,Anlan Yunda Shipping Co Ltd,0.00029018348092241556,99.98611049606374
0054107,1,434.5099,21925.886493061138,3310.4024875874143,71.51269836566145,25236.28898064855,GOLDEN OCEAN LIMITED,0.0002893679663726832,99.98639986403012
6462764,1,2894.36156,21857.150030898098,3335.662423713389,453.41033565865007,25192.812454611485,Century Shipmanagement SA,0.0002888694495767335,99.9866887334797
0333847,1,489.6842,20800.37046418089,4380.381136026369,0.0,25180.75160020726,Neofelis Shipowning Inc,0.0002887311556732858,99.98697746463537
6393206,1,495.9473,21436.822869262407,3731.517390268713,0.0,25168.34025953112,NORTHWIND DENIZCILIK SANAYI VE TIC LTD STI.,0.0002885888429737377,99.98726605347835
6378972,1,462.1449,22230.287670054866,2915.439486730888,0.0,25145.727156785753,PROSPERITAS SHIPPING LTD.,0.00028832955336266134,99.9875543830317
6242215,2,686.0134700000001,22051.88804859983,2891.7575658351993,0.0,24943.64561443503,Aegean Sun Shipping Corp,0.00028601241691695315,99.98784039544863
6395304,1,446.9499,21041.483293359022,3891.7190530031057,0.0,24933.20234636213,ORI TRADING LIMITED,0.0002858926708145505,99.98812628811945
5367737,1,683.93598,21684.19937333274,2843.578457231914,0.0,24527.777830564653,MORGAN NAVIGATION CO. SA,0.0002812439339204729,99.98840753205337
5601716,2,12089.336350000001,20775.178138770152,3514.073696402483,1050.2566473717534,24289.251835172636,Doorae Shipping Co Ltd,0.0002785089128456019,99.98868604096621
6211632,2,2446.84129,20833.297871633335,3100.3064760745174,96.57938050420239,23933.604347707853,Royal Maritime Inc,0.0002744309364730792,99.98896047190269
0056797,1,382.4758,20890.260527973638,2739.029127655744,0.0,23629.28965562938,NAOME SHIP MANAGEMENT LLC,0.0002709415595820632,99.98923141346226
6469497,1,435.3952,19175.238647411847,4154.655090115969,14.84181147631244,23329.893737527815,HONGKONG AMIGER SHIPPING GROUP LIMITED,0.00026750858304467435,99.98949892204531
6339516,1,307.15246,19643.108741095864,3600.1457765757605,8.448678093628367,23243.254517671623,Astra 13 Limited,0.0002665151479608898,99.98976543719327
5999571,1,303.7622,19006.230715355054,4182.954067819263,0.0,23189.184783174318,Neptune Dry Management Company,0.0002658951657945025,99.99003133235907
6348718,1,443.06936,19708.386716823785,3355.00517062484,0.0,23063.391887448626,Safer Management SA,0.00026445278120110265,99.99029578514026
5031695,1,8060.37838,19811.95865829711,3106.3800274980017,0.0,22918.33868579511,IMPERIAL RO-RO LIM,0.00026278955131771883,99.99055857469158
5318835,1,419.44098,20179.39247089396,2645.274082390781,0.0,22824.66655328474,Daylight Shipping & Trading,0.00026171547443933535,99.99082029016601
5555852,1,438.35638,20096.321682614533,2635.104001885461,82.96499531519797,22731.425684499995,DATO MARINE LIMITED COMPANY,0.0002606463425791101,99.9910809365086
6260962,1,420.6272,19942.4364518674,2615.4911489639117,0.0,22557.927600831314,Maide Shipping and Trading Limited,0.0002586569538984185,99.9913395934625
6215900,1,359.4106,18969.182178524872,3525.024788348367,27.76204974733054,22494.20696687324,Dandiship OU,0.00025792631120057313,99.9915975197737
0944132,1,354.39124,18940.139727709084,2484.1231674977453,62.07641148330821,21424.26289520683,IMAMOGULLARI KUM CAKIL SATIS VE DENIZ NAKLIYAT ISLERI LIMITED SIRKETI,0.000245657964599057,99.9918431777383
4163114,1,382.60038,18298.568830666965,3113.672347745966,23.83294303301498,21412.241178412933,"XINGTONG SHIPPING CO., LTD.",0.00024552011946090595,99.99208869785777
0118072,1,383.05562,17921.617596421213,3350.295466380914,85.9467253358805,21271.913062802127,Hong Shipping Ltd,0.00024391106903870054,99.9923326089268
6179906,1,368.5588,17507.383351688663,3622.6081670544695,0.0,21129.991518743132,Montara Marine Ltd,0.00024228374781804434,99.99257489267463
0385571,1,7555.2165,18302.809745499715,2797.077224532607,678.8162735624677,21099.886970032323,Arcemay Shipping Company Limited,0.00024193855871176593,99.99281683123334
6441777,1,426.0123,18340.898971566705,2584.0693517109644,110.36228607721256,20924.96832327767,Queen Star Shipping Corp. Ltd.,0.00023993288136630247,99.99305676411471
6398754,1,369.9724,18357.2823935518,2407.0512150056056,44.00424934724654,20764.333608557405,Lahay Shipping Co,0.00023809098849674853,99.99329485510322
5885047,1,298.79063,18069.7633198346,2688.134960510279,0.0,20757.89828034488,SEA BLUE NAVIGATION CO.,0.00023801719881082336,99.99353287230203
6009681,1,394.21258,16745.01179666517,3699.6222638930717,0.0,20444.63406055824,Viridian Maritime Pte Ltd,0.00023442520355801516,99.99376729750558
6457429,1,386.0229,16725.56747401052,3691.349072311028,0.0,20416.916546321547,BSH (SINGAPORE) Ship Management Pte Ltd,0.0002341073850097441,99.9940014048906
5535642,1,343.6832,16845.66641010651,2208.4412841967473,0.0,19054.107694303257,IST DENIZCILIK LTD STI,0.00021848095014185932,99.99421988584074
6421448,1,341.99731,14527.058364874792,3211.28352540514,0.0,17738.34189027993,Kinsley Marine Corp.,0.0002033939270369605,99.99442327976777
5817888,1,249.1401,14259.133133245447,2906.138761989979,0.0,17165.271895235426,Boybeyi Denizcilik,0.00019682290943677408,99.9946201026772
5908252,1,353.00304,15165.866550571534,1988.7630439648558,0.0,17154.62959453639,RIVERWIND TRADE LTD.,0.00019670088115784733,99.99481680355836
6162709,1,346.17355,14704.45297786686,2361.9917557062936,0.0,17066.444733573153,MISC Shipmanagement Venture (S) Pte Ltd,0.00019568972322169605,99.99501249328159
0345871,1,1823.99428,14563.033929863275,2287.8954755965665,0.0,16850.929405459843,Wilma S Shipping Corporation,0.0001932185503695342,99.99520571183196
5113282,1,288.31558,14719.871319873992,1930.5642183828465,0.0,16650.43553825684,"SHANGHAI MING WAH SHIPPING CO., LTD",0.00019091961875295556,99.99539663145072
6350206,1,292.6026,13831.584013077456,2574.233555244329,0.0,16405.817568321785,KMC Maritime Group LTD.,0.00018811474500338805,99.99558474619572
0075757,1,290.77632,13616.329550421615,1925.7587628818374,0.0,15542.088313303451,"XIE HAI SHIP MANAGEMENT (HONG  KONG) CO.,LIMITED",0.00017821092839180537,99.99576295712411
0328930,1,295.5932,13729.830941527392,1800.8049628912643,0.0,15530.635904418657,Trio Tahir Denizcilik Ticaret LTD STI,0.00017807961113388358,99.99594103673525
6375584,1,285.334,13577.307526981562,1780.534966431465,0.0,15357.842493413027,BARAKA SHIPPING COMPANY LTD.,0.00017609830247223212,99.99611713503772
0393584,1,2930.62413,12016.18022213148,2312.244279139306,0.0,14328.424501270785,OTTO GEMI ISLETMECILIGI TICARET LIMITED SIRKETI,0.00016429464183250535,99.99628142967956
6263905,1,261.9284,11125.961905836777,2336.034920522124,0.0,13461.996826358902,POLAR 20 LIMITED,0.00015435988421063328,99.99643578956376
5141957,1,268.75578,11786.520071811583,1545.7520684593235,0.0,13332.272140270907,KUTLU DENIZ NAKLIYAT TICARET LTD,0.0001528724163570831,99.99658866198011
4107961,3,1733.4523400000003,11493.728738989406,1507.2544599376683,19.81433041771024,13000.983198927075,TEMEL KUM CAKIL VE INSAAT,0.00014907374344951205,99.99673773572356
6442571,3,5713.56814,11126.107177558815,1844.8990205020561,12.626854727942481,12971.006198060872,Retro Management Ltd,0.00014873001685067425,99.9968864657404
6458254,1,1535.0465,10780.754666711335,1877.755796782364,49.37979570721437,12658.510463493698,GARGANEY MARITIME INC,0.00014514683331361852,99.99703161257372
6029414,1,245.3654,10422.41350464632,2022.0482342599587,0.0,12444.461738906279,"Briese Schiffahrts GmbH & Co. KG MS ""Hydra""",0.00014269247704174262,99.99717430505076
0256955,1,650.41725,10405.228964334445,1364.2195996450196,0.0,11769.448563979464,Black Sea Tankers Gemi Isletmeciligi ve Ticaret LTD STI.,0.00013495254389019566,99.99730925759465
6087570,1,210.1598,9757.689183555367,1623.1545761234727,35.50424487627711,11380.843759678839,DIABCO MANAGEMENT LTD.,0.0001304966675912139,99.99743975426225
6281597,1,205.7736,9680.321372293622,1463.380146662295,0.0,11143.701518955917,Stellar Rioni Company Ltd,0.00012777751312315115,99.99756753177537
6139211,1,208.0694,9764.222163335786,1280.2760681378838,30.106503600003837,11044.49823147367,Friends Marine SR Ltd,0.00012664001412009905,99.99769417178949
6498189,1,210.9548,9696.131353270683,1271.119145333489,10.580691794547889,10967.250498604171,ARCHBULK GEMI ISLETMECILIGI LTD.STI.,0.00012575426505515185,99.99781992605455
6511494,1,203.6504,9426.095858731773,1500.9245458952491,31.376207174349958,10927.020404627023,FAST SHIPPING LOJISTIK TICARET A.S.,0.0001252929729654125,99.99794521902751
5962265,1,2703.63904,9448.826210748017,1239.0920526129346,0.0,10687.91826336095,Scheepvaartonderneming Eems Dover B.V.,0.00012255134560385504,99.99806777037311
6513677,1,198.9846,8452.291082021533,1872.3348929513566,0.0,10324.625974972889,AKROTIRI TANKERS LTD.,0.00011838571131545616,99.99818615608443
0109335,1,182.1008,8879.041632489447,1165.01999607455,0.0,10044.061628563997,EGE SHIP DENIZCILIK SANAYI TICARET LIMITED SIRKETI,0.00011516866405390052,99.99830132474848
0760456,1,1588.36128,8249.882547487894,1539.65198570807,0.0,9789.534533195963,ARION SHIPPING LTD-LIB,0.00011225016886509242,99.99841357491735
6402616,1,167.8569,8301.238225082972,1109.5054042515187,23.17669591540578,9410.74362933449,TAJ MANAGEMENT MARITIME CO,0.00010790682212283111,99.99852148173947
6091033,1,157.95962,7985.690204435294,1047.2921493506926,34.28948790131907,9032.982353785987,Samburco Denizcilik San ve Tic,0.00010357528145282044,99.99862505702093
0138968,2,26391.054920000002,7489.989107161344,1510.0119983730845,877.7967616179454,9000.001105534428,PROPONTIS SHIPPING LTD.,0.00010319710712052044,99.99872825412805
0234081,1,4381.77114,7285.7166769660325,1318.4605068201508,129.9552096821094,8604.177183786183,MDS Anna Inc,9.865845393875593e-05,99.99882691258199
0578913,1,167.39935,7110.641314273125,1306.7633322938213,0.0,8417.404646566947,Hsin Chien Marine Co Ltd-CHT,9.651685580953654e-05,99.9989234294378
6286227,1,728.94181,7081.444246770724,928.5155034599309,0.0,8009.959750230655,NEW PARIS SHIIPPING LTD,9.184495253753923e-05,99.99901527439033
6499191,1,143.58308,6098.99452828603,1326.830495407449,14.787071301008506,7425.825023693479,Brilliant Crescendo Corporation,8.514706292170309e-05,99.99910042145325
0111804,1,137.2976,6240.55035258931,1165.4817927185559,0.0,7406.032145307866,Ocean Star Shipping Company S.A.,8.492011097280527e-05,99.99918534156423
6042278,1,126.98966,6248.012731573863,819.4392164083168,1.5785970052196634,7067.451947982179,Solent Shipping & Trade Inc,8.103783401721472e-05,99.99926637939825
6271091,1,134.6882,5721.165716912427,1039.0139209214658,0.0,6760.179637833893,SFL Tiger Inc.,7.751454406050092e-05,99.99934389394231
6436286,1,100.0272,5923.9004756639715,776.2383344525016,1.59799763399631,6700.138810116473,Kerim Shipping Co,7.682609528622809e-05,99.99942072003759
6456448,1,112.5364,5270.475066286877,1104.501175936703,12.177309125286023,6374.97624222358,UNIGLORY SHIPPING LTD,7.309766948305883e-05,99.99949381770708
6327310,1,120.3853,5113.619835889244,670.6717206080957,0.0,5784.29155649734,Tengda Shipping Limited,6.632467578310727e-05,99.99956014238286
5142650,1,117.14724,5089.107144265807,667.6195611785998,29.240975206429034,5756.726705444406,Gunes Denizcilik Nakliyat,6.600860772339097e-05,99.99962615099058
0386049,1,8110.44477,4246.623756564345,766.5808984254337,0.0,5013.204654989779,Chemical Fighter Shipping B.V.,5.748312824983274e-05,99.99968363411882
6325035,1,96.58708,4102.740186539563,719.3370942288143,2.481151313005351,4822.077280768377,KETAM PARK SHIPPING CO. PTE. LTD.,5.529159606223546e-05,99.99973892571488
6084045,1,75.46798,3528.4122564128934,716.1147690173439,0.0,4244.527025430238,Oslo Bulk Alpha AS,4.866920625708724e-05,99.99978759492113
6411279,1,9202.17008,3150.715973627815,649.0858478019859,101.34051065966489,3799.801821429801,LISBON SHIPPING LIMITED,4.356983415943202e-05,99.99983116475529
6001005,2,3347.72164,2995.995642864537,484.47536012400366,155.50218819988544,3480.4710029885405,KM Ship Management SIA,3.990827720058881e-05,99.9998710730325
5811518,1,69.05724,2933.352097604642,384.9226351649822,43.148110028501705,3318.2747327696243,Fairstar Forte B.V.,3.80484789987822e-05,99.9999091215115
6407444,1,64.4406,2914.2866707864137,381.4885366528939,0.0,3295.7752074393075,WO&S SHIP MANAGEMENT S.A.,3.779049170539779e-05,99.9999469120032
0352930,1,2219.24129,2479.8673025710555,325.1733317247587,127.8586320563379,2805.040634295814,Adelheid Shipmanagement S.A.,3.2163560361879386e-05,99.99997907556356
0335154,1,738.11738,1613.2076419708699,211.5862263740353,0.0,1824.7938683449051,JEB 3. Partnership GmbH & Co. KG,2.0923713908063555e-05,99.99999999927746
5815042,5,42481.2225,0.054370702983987516,0.008664784839599298,0.0,0.06303548782358681,LEVANTE FERRIES MC,7.227865766955006e-10,100.00000000000026
5290615,4,5303.3652,0.0,0.0,0.0,0.0,GBS-Shipmanagement GmbH & Co. KG,0.0,100.00000000000026
5310755,1,5191.49923,0.0,0.0,0.0,0.0,Liamare Shipping B.V.,0.0,100.00000000000026
5924646,4,5707.99446,0.0,0.0,0.0,0.0,Northern Survey ApS,0.0,100.00000000000026
5985700,1,4421.52143,0.0,0.0,743.0966932394637,0.0,Firda Fighter AS,0.0,100.00000000000026
5993228,4,10173.07722,0.0,0.0,368.22799070379205,0.0,Norresundby Rederi & Shipping A/S,0.0,100.00000000000026
5994420,1,1787.28088,0.0,0.0,0.0,0.0,Scot Navigator Shipping Ltd,0.0,100.00000000000026
5994760,1,3575.4915,0.0,0.0,0.0,0.0,Raduga Tugs and Barges Ltd,0.0,100.00000000000026
5352421,1,1138.96035,0.0,0.0,0.0,0.0,TITAN S.A.,0.0,100.00000000000026
5996372,1,1157.6866,0.0,0.0,16.071922940338094,0.0,SPANIA TRADING LTD,0.0,100.00000000000026
5341854,5,24052.90854,0.0,0.0,1397.7899677894425,0.0,Skansi Offshore P/F,0.0,100.00000000000026
5394365,1,2248.98739,0.0,0.0,0.0,0.0,C.V. ms. Rimini,0.0,100.00000000000026
5346299,1,1079.71668,0.0,0.0,0.0,0.0,Dimakis Shipping Co,0.0,100.00000000000026
6496412,1,3997.99424,0.0,0.0,330.80821210719887,0.0,ES Maritime Co Ltd,0.0,100.00000000000026
6514675,1,1338.3219,0.0,0.0,161.10677026343348,0.0,Golden Tide Ltd.,0.0,100.00000000000026
6514525,1,1265.02027,0.0,0.0,0.0,0.0,Societe Portuaire Port de Bayonne,0.0,100.00000000000026
0038929,1,643.09154,0.0,0.0,26.578994013746918,0.0,ALBASHIPS DENIZCILIK ANONIM SIRKETI,0.0,100.00000000000026
0111733,1,753.8728,0.0,0.0,0.0,0.0,HEROIC LIBRA INC-MAI,0.0,100.00000000000026
6448315,1,521.91756,0.0,0.0,0.0,0.0,CROSS SHIPPING LTD-BUL,0.0,100.00000000000026
5637802,1,3139.89228,0.0,0.0,0.0,0.0,MS 'Marie Lehmann' Schifffahrts-GmbH & Co. KG,0.0,100.00000000000026
5637793,1,3327.53946,0.0,0.0,0.0,0.0,MS 'Heike Lehmann' Schifffahrts-GmbH & Co. KG,0.0,100.00000000000026
6307851,2,23847.84882,0.0,0.0,52.291628840302984,0.0,Golden Ferris Maritime Company,0.0,100.00000000000026
5637538,1,28916.92445,0.0,0.0,3174.9344980155997,0.0,SONANGOL SAMBIZANGA LTD,0.0,100.00000000000026
5635046,1,1692.29095,0.0,0.0,0.0,0.0,Smit Lamnalco Singapore Pte Ltd,0.0,100.00000000000026
5793952,2,4871.8444,0.0,0.0,114.76173370589143,0.0,NEARCHOS Shipmanagement,0.0,100.00000000000026
5788285,14,202179.61812,0.0,0.0,22602.896397406308,0.0,Jambo Jet Maritime Co,0.0,100.00000000000026
6438101,3,5079.09351,0.0,0.0,206.94950238905201,0.0,Educy Shipping Ltd,0.0,100.00000000000026
6436326,1,1568.79198,0.0,0.0,0.0,0.0,PEGASUS PSD SCARLET LTD,0.0,100.00000000000026
5330404,5,53347.653040000005,0.0,0.0,0.0,0.0,Cyclades Fast Ferries Maritime,0.0,100.00000000000026
5913536,1,4181.64992,0.0,0.0,583.2220162421049,0.0,"Hermann Lohmann Schiffahrts GmbH & Co. KG MS ""JOHANNA HELENA""",0.0,100.00000000000026
5637691,1,3945.39978,0.0,0.0,88.05116187601442,0.0,MS 'Mai Lehmann' Schiffahrts-GmbH & Co. KG,0.0,100.00000000000026
5541487,1,2855.91618,0.0,0.0,0.0,0.0,VOF Warber,0.0,100.00000000000026
6433689,1,2835.19404,0.0,0.0,452.068563209684,0.0,Manuela S Schiffahrt GmbH & Co. KG,0.0,100.00000000000026
5831780,1,1246.4951,0.0,0.0,55.284896593031114,0.0,MARGAB CASTLE MARITIME COMPANY LTD.,0.0,100.00000000000026
5833741,20,50840.21901,0.0,0.0,1912.199905249637,0.0,KOPERVIK SHIP MGMT POLAND,0.0,100.00000000000026
5839414,18,100980.7148,0.0,0.0,17098.94399796076,0.0,BOSKALIS OFFSHORE FLEET MGMT,0.0,100.00000000000026
5846861,1,2292.03064,0.0,0.0,0.0,0.0,Blue Powder Shipping Corp,0.0,100.00000000000026
6083771,1,2444.8236,0.0,0.0,0.0,0.0,Itqan Ship Management & Operation LLC,0.0,100.00000000000026
0121434,1,6011.22329,0.0,0.0,497.88953521297356,0.0,TGM SHIPMANAGEMENT S.A,0.0,100.00000000000026
5565788,1,937.94238,0.0,0.0,0.0,0.0,Maksimar Denizcilik Nakliyat ve Tic.Ltd.Sti.,0.0,100.00000000000026
5581876,3,3919.62354,0.0,0.0,0.0,0.0,AMANCIO SHIPPING CORP,0.0,100.00000000000026
0718636,5,6766.67978,0.0,0.0,307.08534321032766,0.0,JMB ApS,0.0,100.00000000000026
6072100,1,1260.34592,0.0,0.0,0.0,0.0,SOLYMAR MARITIME S.A.,0.0,100.00000000000026
6073880,1,1073.91382,0.0,0.0,69.84794861669849,0.0,MSL INC.,0.0,100.00000000000026
6076270,2,436.75338,0.0,0.0,0.0,0.0,POLAR MOVEMENT SHIPPING AND TRADING LTD,0.0,100.00000000000026
6079637,1,2517.02419,0.0,0.0,0.0,0.0,Perlite Bulk Maritime Co,0.0,100.00000000000026
5606473,6,15487.90528,0.0,0.0,0.0,0.0,Global Seatrade BV,0.0,100.00000000000026
6198273,1,1487.4237,0.0,0.0,0.0,0.0,"Schiffahrts UG (haftungsbeschrankt) & Co. KG MS ""Rheintal""",0.0,100.00000000000026
6198287,1,1631.91812,0.0,0.0,0.0,0.0,"Schiffahrts UG (haftungsbeschrankt) & Co. KG MS ""Ruhrtal""",0.0,100.00000000000026
4092172,1,1698.50674,0.0,0.0,0.0,0.0,ASSO MARITIMA NAVEGACAO LTDA,0.0,100.00000000000026
6090463,1,4329.5427,0.0,0.0,546.3408020685243,0.0,MS 'FL Levante' GmbH & Co. KG,0.0,100.00000000000026
1030104,1,1677.6998,0.0,0.0,84.23626140461951,0.0,INANDILAR DENIZCILIK VE TIC AS,0.0,100.00000000000026
1083967,4,8844.360139999999,0.0,0.0,0.0,0.0,Baggerbedrijf De Boer B.V.,0.0,100.00000000000026
1112323,1,17004.4222,0.0,0.0,0.0,0.0,APL Maritime Ltd,0.0,100.00000000000026
1124357,2,4673.48238,0.0,0.0,0.0,0.0,Uman Rederi AB,0.0,100.00000000000026
6193048,1,2570.34638,0.0,0.0,0.0,0.0,"Schiffahrts UG (haftungsbeschrankt) & Co. KG MS ""Wesertal""",0.0,100.00000000000026
6193051,1,1669.42832,0.0,0.0,0.0,0.0,"Schiffahrts UG (haftungsbeschrankt) & Co. KG MS ""Isartal""",0.0,100.00000000000026
6193309,1,2063.95226,0.0,0.0,0.0,0.0,"MS ""Leonie"" Jens u. Waller GmbH & Co. KG",0.0,100.00000000000026
5595623,2,30040.82482,0.0,0.0,0.0,0.0,GOLDEN STAR FERRIES SHIPPING CO,0.0,100.00000000000026
6508274,1,12790.2476,0.0,0.0,147.88552238892635,0.0,Siem Ship Management,0.0,100.00000000000026
5626326,2,1204.98792,0.0,0.0,0.0,0.0,MICHALIS T MARITIME COMPANY,0.0,100.00000000000026
5805871,1,1881.79376,0.0,0.0,58.44369953101411,0.0,"Gerdes Schiffahrts GmbH & Co. KG MS ""CAROLIN G.""",0.0,100.00000000000026
6197655,1,1377.23668,0.0,0.0,146.4447556842454,0.0,MULTISERVICE SHIPPING AND TRADING CORP.,0.0,100.00000000000026
5637816,1,3565.90556,0.0,0.0,282.91353459026766,0.0,MS Siegfried Lehmann Schifffahrts GmbH & Co. KG,0.0,100.00000000000026
0100623,1,4308.30886,0.0,0.0,358.3318073896395,0.0,Hellenic Glamor Shipping LLC,0.0,100.00000000000026
0094941,1,2056.87048,0.0,0.0,364.9340396461244,0.0,BRAVE MARITIME SA,0.0,100.00000000000026
0285559,1,1954.06474,0.0,0.0,105.75599366176152,0.0,AM Purpose Limited,0.0,100.00000000000026
6456292,1,1779.6196,0.0,0.0,142.4210506427945,0.0,BkD Logistics LTD,0.0,100.00000000000026
6178854,1,2874.62784,0.0,0.0,0.0,0.0,Ecko Ship B.V,0.0,100.00000000000026
6457622,1,1872.11164,0.0,0.0,0.0,0.0,"HS Schiffahrts UG (haftungsbeschrankt) & Co. KG MS ""Fuldatal""",0.0,100.00000000000026
6243037,1,2269.46328,0.0,0.0,147.94501908859334,0.0,"Gerdes Schiffahrts GmbH & Co. KG MS ""BENABELL G.""",0.0,100.00000000000026
6126516,1,2175.271,0.0,0.0,120.83094549892076,0.0,SIRIOS SHIPMANAGEMENT LIMITED,0.0,100.00000000000026
1960736,1,2635.94114,0.0,0.0,0.0,0.0,Scot Mariner Shipping Ltd,0.0,100.00000000000026
0286061,1,79.499,0.0,0.0,0.0,0.0,AM Princess Ltd,0.0,100.00000000000026
0286058,1,1251.22468,0.0,0.0,46.79571502920531,0.0,AM Progress Ltd,0.0,100.00000000000026
0013559,1,2946.08958,0.0,0.0,0.0,0.0,MS Mangen GmbH & Co. KG,0.0,100.00000000000026
0019093,1,3657.44327,0.0,0.0,922.8389894330007,0.0,ESMI SPV 9 LIMITED,0.0,100.00000000000026
0019531,1,383.4376,0.0,0.0,0.0,0.0,OMORFI SHIPPING CO. LTD.,0.0,100.00000000000026
0080531,1,745.2166,0.0,0.0,0.0,0.0,Samro Shipping Co LLC,0.0,100.00000000000026
6128305,1,806.27694,0.0,0.0,21.14048386858793,0.0,Hay Ships Co Ltd,0.0,100.00000000000026
5117308,1,2511.2598,0.0,0.0,0.0,0.0,Scot Carrier Shipping Ltd,0.0,100.00000000000026
6449313,1,692.87194,0.0,0.0,24.253554703790233,0.0,Megara Ship Management Ltd,0.0,100.00000000000026
6448761,1,843.77111,0.0,0.0,0.0,0.0,Karaka Gemi Isletmeciligi Tic,0.0,100.00000000000026
5724081,1,2512.58495,0.0,0.0,178.04537201004618,0.0,Total Shipmanagement Services,0.0,100.00000000000026
6325790,2,2088.72503,0.0,0.0,0.0,0.0,Istifan Uluslararasi,0.0,100.00000000000026
5958166,1,462.31354,0.0,0.0,0.0,0.0,Consortium Spanopoulos Salvage Tugs,0.0,100.00000000000026
5957671,1,192.049,0.0,0.0,15.830340485687639,0.0,Amira Shipping Co,0.0,100.00000000000026
5954628,1,3308.55994,0.0,0.0,170.39319735968692,0.0,"MS ""Ina Lehmann"" Schifffahrts-GmbH & Co. KG",0.0,100.00000000000026
5640302,1,36633.96067,0.0,0.0,1961.1677826269183,0.0,SONANGOL ETOSHA LTD.,0.0,100.00000000000026
5143088,1,11520.05568,0.0,0.0,1933.8056863770064,0.0,JD Crafts A/S,0.0,100.00000000000026
5726935,2,1459.6918,0.0,0.0,0.0,0.0,Sandship ApS,0.0,100.00000000000026
0248938,1,3137.9634,0.0,0.0,43.013929333460325,0.0,MPP Venture AS,0.0,100.00000000000026
0268547,2,17667.91221,0.0,0.0,1485.655068632458,0.0,ERSOZ GEMI ISLETMECILIGI A.S.,0.0,100.00000000000026
0262327,2,5521.0526,0.0,0.0,0.0,0.0,Sandship P/F (Sandgrevstur P/F),0.0,100.00000000000026
0257441,1,878.58674,0.0,0.0,0.0,0.0,Shunchang Ship Management Ltd,0.0,100.00000000000026
6462778,1,936.05582,0.0,0.0,0.0,0.0,OF SHIPPING LTD.,0.0,100.00000000000026
1875699,1,7342.60562,0.0,0.0,372.620615855314,0.0,"MS ""Brar Braren"" GmbH & Co. KG",0.0,100.00000000000026
5950846,1,2918.77446,0.0,0.0,0.0,0.0,Scot Leader Shipping Ltd,0.0,100.00000000000026
0282069,1,4598.66318,0.0,0.0,538.1148309706073,0.0,Kihnu Waterways Ltd,0.0,100.00000000000026
6184036,1,4272.23362,0.0,0.0,0.0,0.0,Intermarine Bulk Carriers GmbH & Co. KG,0.0,100.00000000000026
5351970,13,25911.71818,0.0,0.0,0.0,0.0,De Bock Maritiem B.V.,0.0,100.00000000000026
6304388,1,3182.85268,0.0,0.0,0.0,0.0,"MV ""JSP SAMSØ"" Schiffahrt GmbH & Co. KG",0.0,100.00000000000026
6304374,1,3590.04674,0.0,0.0,0.0,0.0,"MS ""Anholt"" Schiffahrt GmbH & Co KG",0.0,100.00000000000026
6304361,1,3055.4783,0.0,0.0,0.0,0.0,"MV ""JSP TORNØ"" Schiffahrt GmbH & Co. KG",0.0,100.00000000000026
6304357,1,4239.55028,0.0,0.0,0.0,0.0,"MS ""Fyn"" Schiffahrt GmbH & Co. KG",0.0,100.00000000000026
5720176,3,12735.11044,0.0,0.0,1111.5689525774608,0.0,Technical Ship Management Ltd,0.0,100.00000000000026
0161390,1,1482.28102,0.0,0.0,70.97508943040727,0.0,EKA DENIZCILIK LTD. STI.,0.0,100.00000000000026
6388903,6,11230.34901,0.0,0.0,0.0,0.0,Sea Shipping AS,0.0,100.00000000000026
6394337,1,2290.14198,0.0,0.0,0.0,0.0,Norse Invest A/S,0.0,100.00000000000026
0191601,1,2625.51908,0.0,0.0,113.21631811279103,0.0,BLUE CARRIERS MANAGEMENT INC.,0.0,100.00000000000026
0167425,1,813.55456,0.0,0.0,0.0,0.0,Gerdes Schiffahrts GmbH & Co. KG MS „HELGA G.“,0.0,100.00000000000026
6219187,1,1820.0462,0.0,0.0,128.88968293553697,0.0,"MS ""Margarethe"" Jens u. Waller GmbH & Co. KG",0.0,100.00000000000026
5891611,1,1597.5446,0.0,0.0,0.0,0.0,BOSPHORUS DENIZCILIK YATIRIM GEMI ISLETMECILIGI VE TIC.A.S.,0.0,100.00000000000026
6380580,1,881.15036,0.0,0.0,49.68707776056328,0.0,ANMA SHIPPING S.A.,0.0,100.00000000000026
6304343,1,2663.99364,0.0,0.0,0.0,0.0,"MV ""JSP MØN"" Schiffahrt GmbH & Co. KG",0.0,100.00000000000026
1533472,1,319.68381,0.0,0.0,0.0,0.0,SOMIT SRL,0.0,100.00000000000026
1700623,1,2761.13544,0.0,0.0,0.0,0.0,Scot Trader Shipping Ltd,0.0,100.00000000000026
6474682,1,2825.64016,0.0,0.0,0.0,0.0,M/S Unden GmbH & Co. KG,0.0,100.00000000000026
1557380,2,36348.68802,0.0,0.0,0.0,0.0,Bernhard Schulte Canarias S.A.U.,0.0,100.00000000000026
1552211,2,5486.5560399999995,0.0,0.0,542.7175905346236,0.0,Trimpex Union LTD,0.0,100.00000000000026
0058321,1,2941.73116,0.0,0.0,51.6323678525802,0.0,AM Prestige Ltd,0.0,100.00000000000026
0057411,1,880.91262,0.0,0.0,131.46570646286102,0.0,WORLDTRANS SHIPPING LTD.,0.0,100.00000000000026
0057221,1,1300.9403,0.0,0.0,0.0,0.0,YARA SHIPPING AND TRADING LTD,0.0,100.00000000000026
6192036,1,1740.95418,0.0,0.0,0.0,0.0,"Schiffahrts UG (haftungsbeschrankt) & Co. KG MS ""Emstal""",0.0,100.00000000000026
5774048,4,5325.13394,0.0,0.0,0.0,0.0,Wagenborg Offshore Operations,0.0,100.00000000000026
5774034,1,153.2468,0.0,0.0,0.0,0.0,Wagenborg North Sea BV,0.0,100.00000000000026
5763370,6,11192.04982,0.0,0.0,0.0,0.0,Nismar Shipping Ltd,0.0,100.00000000000026
5751231,1,3500.3108,0.0,0.0,182.0126358030696,0.0,"MS ""Lisa Lehmann"" Schiffahrts-GmbH & Co. KG",0.0,100.00000000000026
5751187,1,3467.289,0.0,0.0,336.78752714001035,0.0,MS 'Alessandra Lehmann' Schifffahrts-GmbH & Co. KG,0.0,100.00000000000026
6452944,1,376.12792,0.0,0.0,0.0,0.0,Dixstone Netherlands N.V.,0.0,100.00000000000026
1892167,1,1518.02674,0.0,0.0,117.09931593705548,0.0,"DALIAN SEA CARRIER CO., LTD.",0.0,100.00000000000026
6192393,1,2630.29858,0.0,0.0,0.0,0.0,ECKO SHIP 2 B.V,0.0,100.00000000000026
6496219,1,2836.85154,0.0,0.0,0.0,0.0,Frisian Chartering GmbH & Co. KG,0.0,100.00000000000026
6304428,1,2794.95874,0.0,0.0,0.0,0.0,Ute B GmbH & Co. KG,0.0,100.00000000000026
6304401,1,2798.9983,0.0,0.0,0.0,0.0,"MV ""JSP HALMØ"" Schiffahrt GmbH & Co. KG",0.0,100.00000000000026
6304391,1,2931.2458,0.0,0.0,0.0,0.0,"MS ""Birkholm"" Schiffahrt GmbH & Co KG",0.0,100.00000000000026
0319154,1,3010.9854,0.0,0.0,0.0,0.0,ADW 28. Schifffahrtsgesellschaft mbH & Co. KG,0.0,100.00000000000026
0314887,1,492.9225,0.0,0.0,0.0,0.0,ms 'Baas Belt' UG (haftungsbeschrankt) & Co KG,0.0,100.00000000000026
0313098,1,4733.86106,0.0,0.0,0.0,0.0,SAL Shipping GmbH & Co KG ms 'Industrial Dream',0.0,100.00000000000026
0311251,1,6368.8684,0.0,0.0,448.8290612274562,0.0,HAL TANKER CORPORATION LTD.,0.0,100.00000000000026
6275991,3,3535.88458,0.0,0.0,117.31731318688678,0.0,Zephmar Shipping Co,0.0,100.00000000000026
5978478,3,3917.6094599999997,0.0,0.0,0.0,0.0,Meric Wind Maritime & Trading Company,0.0,100.00000000000026
6114589,1,122.75774,0.0,0.0,0.0,0.0,Plastic Odyssey Expedition SAS,0.0,100.00000000000026
1996323,6,16927.74412,0.0,0.0,779.1012024794911,0.0,Prima Shipping Oy Ab,0.0,100.00000000000026
4052659,1,4316.3981,0.0,0.0,0.0,0.0,"MS ""Heike Braren"" GmbH & Co. KG",0.0,100.00000000000026
0111778,1,3811.477,0.0,0.0,0.0,0.0,HEROIC SCUTUM INC-MAI,0.0,100.00000000000026
6270632,1,1045.4766,0.0,0.0,0.0,0.0,SL Shipping GmbH & Co. KG,0.0,100.00000000000026
6243880,1,2373.04914,0.0,0.0,259.2238414068057,0.0,"Gerdes Schiffahrts GmbH Co. KG MS ""HEINZ G.""",0.0,100.00000000000026
6399531,1,2601.73312,0.0,0.0,240.4296783023261,0.0,GTS Pike Shipping Ltd,0.0,100.00000000000026
5139718,6,172375.36226000002,0.0,0.0,37230.39392908668,0.0,PGS Geophysical AS,0.0,100.00000000000026
0357290,1,4063.83138,0.0,0.0,0.0,0.0,Falcon Vision Marine Ltd,0.0,100.00000000000026
6263349,1,7061.74442,0.0,0.0,1176.651543717786,0.0,PT Cassa Mega Lautan,0.0,100.00000000000026
5438381,1,6150.31668,0.0,0.0,609.5641974130568,0.0,Hanaro Shipping Co Ltd,0.0,100.00000000000026
0392087,1,3940.90179,0.0,0.0,0.0,0.0,Dry&Bulk International Ship Management Ltd.,0.0,100.00000000000026
0379095,1,2198.97336,0.0,0.0,0.0,0.0,Lisbon Shipping & Trading Limited,0.0,100.00000000000026
0378106,1,1147.13886,0.0,0.0,0.0,0.0,Raduga Tugorion OU,0.0,100.00000000000026
0376405,1,4778.98234,0.0,0.0,0.0,0.0,Beatrice GmbH & Co.KG,0.0,100.00000000000026
6306248,1,623.2464,0.0,0.0,0.0,0.0,Atlantic Shipping Co BG Ltd,0.0,100.00000000000026
0409621,1,13346.47774,0.0,0.0,1721.3183799576511,0.0,ELEMENTS TANKERS LTD,0.0,100.00000000000026
0405411,1,1017.7004,0.0,0.0,253.35774286038446,0.0,Sam Maritime Inc,0.0,100.00000000000026
0402597,1,5224.0098,0.0,0.0,370.9454263804632,0.0,ADS ARENDAL AS,0.0,100.00000000000026
0398449,1,2365.42145,0.0,0.0,0.0,0.0,ASB SHIPPING LTD,0.0,100.00000000000026
5727227,3,1321.1958100000002,0.0,0.0,0.0,0.0,GUMUSTAS DENIZCILIK NAKLIYAT TICARET ANONIM SIRKETI,0.0,100.00000000000026
6304326,1,3122.29134,0.0,0.0,0.0,0.0,"MV ""JSP FALSTER"" Schiffahrt GmbH & Co. KG",0.0,100.00000000000026
6304312,1,3390.345,0.0,0.0,0.0,0.0,"MS ""Aero"" Schiffahrt GmbH & Co KG",0.0,100.00000000000026
0300755,1,2420.67427,0.0,0.0,0.0,0.0,Kalimche Shipping & Trading Ltd,0.0,100.00000000000026
0409912,1,470.17612,0.0,0.0,0.0,0.0,MEDBULK CARRIERS INC.,0.0,100.00000000000026
6141518,1,1179.0065,0.0,0.0,0.0,0.0,ZABRAMA FZE,0.0,100.00000000000026
6140523,1,2916.43408,0.0,0.0,302.2772384198866,0.0,MS Große Freiheit Schifffahrts GmbH & Co. KG,0.0,100.00000000000026
1821782,1,1572.50453,0.0,0.0,198.0999554393279,0.0,GUNERLER TURIZM NAKLIYAT,0.0,100.00000000000026
0004581,2,3978.73153,0.0,0.0,482.5162319972391,0.0,Brilon Ship Management Pte Ltd,0.0,100.00000000000026
0284927,1,1995.3252,0.0,0.0,0.0,0.0,Golden Peace Shipping Ltd,0.0,100.00000000000026
0250267,1,1949.31816,0.0,0.0,0.0,0.0,ADELE SHIPMANAGEMENT INC,0.0,100.00000000000026
0272884,1,3469.0523,0.0,0.0,124.34323915712166,0.0,Lilla Shipping 7 (seven) GmbH & Co KG,0.0,100.00000000000026
6037944,2,1224.4915500000002,0.0,0.0,22.79487413370885,0.0,DS SHIPPING LTD,0.0,100.00000000000026
6192022,1,2999.34124,0.0,0.0,28.337656292235202,0.0,Schiffahrts UG (haftungsbeschrankt) & Co. KG MS Maintal,0.0,100.00000000000026
1383444,1,14968.42874,0.0,0.0,4014.323758038183,0.0,Porto Santo Line - Transportes Maritimos,0.0,100.00000000000026
1855736,1,3153.77426,0.0,0.0,0.0,0.0,Hohebank Shipping Ltd,0.0,100.00000000000026
1834871,1,6488.6234,0.0,0.0,0.0,0.0,MARINPET PETROL DENIZCILIK TIC. LTD. STI.,0.0,100.00000000000026
5782445,3,9443.94626,0.0,0.0,554.2146578925278,0.0,K&T Holland CV XII,0.0,100.00000000000026
5703425,2,2268.245,0.0,0.0,12.593669380171898,0.0,New Moon Shipping Co. Ltd.,0.0,100.00000000000026
6304330,1,2482.53404,0.0,0.0,0.0,0.0,"MS ""Als"" Schiffahrt GmbH & Co KG",0.0,100.00000000000026
1889260,6,15034.3767,0.0,0.0,1498.6460366964754,0.0,JURU AGENTURA FORSA,0.0,100.00000000000026
6228141,1,2583.26656,0.0,0.0,531.157541162835,0.0,GT Auriga Shipping Company Ltd,0.0,100.00000000000026
5466455,1,218.008,0.0,0.0,0.0,0.0,"Schifffahrtsgesellschaft ""Elene Braren"" GmbH & Co. KG",0.0,100.00000000000026
6402602,1,935.56963,0.0,0.0,0.0,0.0,Varan Gemi Kiralama,0.0,100.00000000000026
0502279,7,56150.41964,0.0,0.0,11235.59070964512,0.0,Baggermaatschappij Boskalis B.V.,0.0,100.00000000000026
6233455,1,625.18218,0.0,0.0,0.0,0.0,N-O-S Skagerak AB,0.0,100.00000000000026
1771011,1,2467.24142,0.0,0.0,450.56764426726886,0.0,Scot Pioneer Shipping Ltd,0.0,100.00000000000026
6408218,1,2074.47436,0.0,0.0,0.0,0.0,"Gerdes Schiffahrts GmbH & Co. KG MS ""KALLI G.""",0.0,100.00000000000026
6256262,1,1268.6128,0.0,0.0,232.39310195050038,0.0,Sonar Shipping and management Services Ltd.,0.0,100.00000000000026
6253811,1,13388.38745,0.0,0.0,415.3099431433964,0.0,ZEG SHIPPING LLC,0.0,100.00000000000026
6142480,5,16634.367299999998,0.0,0.0,1293.1400740786887,0.0,Amberseas,0.0,100.00000000000026
0281383,2,6517.3501,0.0,0.0,230.98702313255345,0.0,Allseas Marine Ltd,0.0,100.00000000000026
0278319,1,314.54066,0.0,0.0,0.0,0.0,Halix Shipping Ltd.,0.0,100.00000000000026
5207986,10,13717.92898,0.0,0.0,0.0,0.0,Gardline Marine Sciences Ltd,0.0,100.00000000000026
5941295,2,1483.77945,0.0,0.0,0.45044191944102147,0.0,Arkor Marine Co Ltd,0.0,100.00000000000026
6501881,1,1501.70002,0.0,0.0,0.0,0.0,Seaway Ships BV,0.0,100.00000000000026
6160702,1,61847.48663,0.0,0.0,0.0,0.0,NAVIERA CIES S.A.,0.0,100.00000000000026
1682158,1,4474.75819,0.0,0.0,513.6000963163948,0.0,Neptune Marine Service BV,0.0,100.00000000000026
6143015,1,4097.13976,0.0,0.0,0.0,0.0,"MS ""Annika Braren"" GmbH & Co. KG",0.0,100.00000000000026
4197677,1,403.956,0.0,0.0,0.0,0.0,Klaipedos Universitetas,0.0,100.00000000000026
6351558,1,3033.02989,0.0,0.0,344.0669272204906,0.0,GTS Forseti Shipping Ltd,0.0,100.00000000000026
6309358,1,26598.75485,0.0,0.0,0.0,0.0,"MS ""HERCULES J"" Shipping UG (haftungsbeschrankt) & Co. KG",0.0,100.00000000000026
6215842,1,2757.3203,0.0,0.0,0.0,0.0,Ecko Ship 3 B.V.,0.0,100.00000000000026
6417101,1,1931.43867,0.0,0.0,0.0,0.0,"MS ""Nicki"" Schifffahrts GmbH & Co. KG",0.0,100.00000000000026
6416385,1,685.43247,0.0,0.0,0.0,0.0,ARTVIN SHIPPING CORP,0.0,100.00000000000026
6415016,5,10208.942579999999,0.0,0.0,732.854502348044,0.0,Educy Maritime,0.0,100.00000000000026
6414698,1,2712.5966,0.0,0.0,398.0473772892797,0.0,GTS Cetus Ltd,0.0,100.00000000000026
0357480,1,1691.29588,0.0,0.0,0.0,0.0,ADW 27. Schifffahrtsgesellschaft mbH & Co. KG,0.0,100.00000000000026
0116748,1,417.22884,0.0,0.0,0.0,0.0,Geo Tender V B.V.,0.0,100.00000000000026
6425352,1,1047.7208,0.0,0.0,0.0,0.0,Shipping Inside MV Nordwind GmbH & Co. KG,0.0,100.00000000000026
6204057,1,1683.5764,0.0,0.0,15.030489379944902,0.0,Salar Shipping Ltd,0.0,100.00000000000026
0906782,1,15554.29549,0.0,0.0,2431.3828522559156,0.0,Zandexploitatiemaatschappij Reimerswaal BV,0.0,100.00000000000026
4034635,1,3030.43944,0.0,0.0,0.0,0.0,Scot Ranger Shipping Ltd,0.0,100.00000000000026
4140491,1,4350.89466,0.0,0.0,193.64042595393528,0.0,"Gerdes Schiffahrts GmbH & Co. KG MS ""NIKLAS G.""",0.0,100.00000000000026
4140488,1,2495.42216,0.0,0.0,9.875062633815682,0.0,"HS Schiffahrts GmbH & Co. KG MS ""Johann""",0.0,100.00000000000026
6050803,1,6841.3649,0.0,0.0,0.0,0.0,Landbridge Ship Management (HK) Limited,0.0,100.00000000000026
4179962,2,2706.67288,0.0,0.0,0.0,0.0,Northern Offshore Service A/S,0.0,100.00000000000026
6218087,1,3195.0996,0.0,0.0,189.33522461196674,0.0,Scotline Ship Owners Ltd,0.0,100.00000000000026
5107920,1,4566.18076,0.0,0.0,0.0,0.0,NOVA FERRIES I SHIPPING COMPANY,0.0,100.00000000000026
5101188,1,2664.41042,0.0,0.0,0.0,0.0,Scot Explorer Shipping Ltd,0.0,100.00000000000026
5119012,3,11065.37895,0.0,0.0,0.0,0.0,Tan Binh Co Ltd,0.0,100.00000000000026
6365336,1,2213.99948,0.0,0.0,0.0,0.0,HS Schiffahrts UG (haftungbeschrankt) &  Co KG MS Friedhelm,0.0,100.00000000000026
6365319,1,1896.57342,0.0,0.0,0.0,0.0,"HS Schiffahrts UG (haftungsbeschrankt) & Co. KG MS ""Sven""",0.0,100.00000000000026
6363860,1,6445.80023,0.0,0.0,813.330539067283,0.0,PROTON SHIPMANAGEMENT SA,0.0,100.00000000000026
5391096,2,6668.3187,0.0,0.0,297.6358306421318,0.0,DMV Denizcilik Ltd Sti,0.0,100.00000000000026
0333246,1,7727.87294,0.0,0.0,278.42779273081027,0.0,HONGKUN SHIPPING LIMITED (Foreign Maritime Entity),0.0,100.00000000000026
0332591,1,3811.89628,0.0,0.0,0.0,0.0,ERASMUS VIETNAM SHIP MANAGEMENT COMPANY LIMITED,0.0,100.00000000000026
0331987,1,5567.88502,0.0,0.0,0.0,0.0,PILOT S.A.,0.0,100.00000000000026
0346304,11,368485.93298,0.0,0.0,20918.43723774635,0.0,"Fred. Olsen, S.A.",0.0,100.00000000000026
0341609,2,3900.513,0.0,0.0,522.0746329195273,0.0,Fama Uluslararasi Tasimacilik Ltd. Sti,0.0,100.00000000000026
0337235,1,832.59498,0.0,0.0,0.0,0.0,Dee4 VesselCo 9 K/S,0.0,100.00000000000026
0336461,1,983.88934,0.0,0.0,182.73356229791344,0.0,AGN Uluslararasi Tasimacilik Anonim Sirketi,0.0,100.00000000000026
0335361,1,2354.8482,0.0,0.0,206.7656288262872,0.0,Decatur Ltd,0.0,100.00000000000026
6362481,1,939.9228,0.0,0.0,17.684136111381246,0.0,BROTHERS SHIPPING S.A.,0.0,100.00000000000026
0135963,1,433.44479,0.0,0.0,81.1591360343756,0.0,SLA MARITIME CO.S.A.,0.0,100.00000000000026
0161372,1,3772.88888,0.0,0.0,746.7722242779583,0.0,Navadel Ship Management - FZE,0.0,100.00000000000026
5513878,1,2585.6359,0.0,0.0,0.0,0.0,DIA YUAN INTERNATIONAL SHIPPING CO LTD,0.0,100.00000000000026
5863754,3,3012.3576,0.0,0.0,0.0,0.0,USTA SHIPPING CO,0.0,100.00000000000026
6213846,1,3683.19274,0.0,0.0,0.0,0.0,"MS ""MB3"" Jens & Waller GmbH  & Co. KG",0.0,100.00000000000026
6213829,1,3501.60281,0.0,0.0,0.0,0.0,"MS ""MB1"" Jens & Waller GmbH & Co. KG",0.0,100.00000000000026
6213055,1,1977.1363,0.0,0.0,226.4007204438836,0.0,GOLDEN FREEZE LTD.,0.0,100.00000000000026
0355109,1,1594.42395,0.0,0.0,0.0,0.0,UK Shipmanagement Ltd,0.0,100.00000000000026
6412701,1,4247.72558,0.0,0.0,0.0,0.0,MS St Pauli GmbH & Co. KG,0.0,100.00000000000026
6028169,1,3163.71286,0.0,0.0,364.6606554676904,0.0,MS Millerntor Schifffahrts GmbH & Co. KG,0.0,100.00000000000026
5022374,3,24014.61924,0.0,0.0,2906.3395349753264,0.0,Seven Islands Shipping Ltd,0.0,100.00000000000026
6247573,1,1761.38281,0.0,0.0,179.93349805735687,0.0,GT Vela Shipping Ltd,0.0,100.00000000000026
6247485,1,1085.96838,0.0,0.0,62.41612082661921,0.0,Yolland International Shipping Ltd,0.0,100.00000000000026
0366134,1,2097.66588,0.0,0.0,80.89758764116647,0.0,READY MARITIME S.A.,0.0,100.00000000000026
0359194,1,2634.25725,0.0,0.0,0.0,0.0,OCEANIC APEX SHIPPING PTE. LTD.,0.0,100.00000000000026
0359061,1,1202.6487,0.0,0.0,118.07223828701532,0.0,JAMILA SHIPPING & TRADING Co. Ltd.,0.0,100.00000000000026
0768231,2,3783.01404,0.0,0.0,0.0,0.0,Caferoglu Denizcilik,0.0,100.00000000000026
0354644,1,2405.62662,0.0,0.0,0.0,0.0,HEROIC HERA LTD,0.0,100.00000000000026
0193815,1,2568.56118,0.0,0.0,0.0,0.0,AOSTA SHIPPING SA,0.0,100.00000000000026
6003219,1,1294.86988,0.0,0.0,0.0,0.0,Onerva Ship Management Ltd,0.0,100.00000000000026
5901079,1,588.07658,0.0,0.0,0.0,0.0,SPANISH ATLANTIC MARITIME LTD,0.0,100.00000000000026
5426392,1,738.3418,0.0,0.0,0.0,0.0,World Line Ltd,0.0,100.00000000000026
5462700,3,3037.71386,0.0,0.0,0.0,0.0,MCE Kargo-Mahmut Can Egerci,0.0,100.00000000000026
5460972,1,4316.68664,0.0,0.0,296.7061863647091,0.0,MS 'Tiwala' GmbH & Co. KG,0.0,100.00000000000026
5448670,2,8951.152,0.0,0.0,588.2351146548853,0.0,ZAND & GRINTHANDEL OUWERKERK,0.0,100.00000000000026
0138194,7,3109.67884,0.0,0.0,74.3621224123342,0.0,Navco Ltd,0.0,100.00000000000026
0210244,2,6291.87118,0.0,0.0,47.02794106491928,0.0,Hans Lehmann KG (Reederei Lehmann),0.0,100.00000000000026
5368355,1,1235.84994,0.0,0.0,0.0,0.0,Bontveit Rederi AS,0.0,100.00000000000026
6361293,1,6145.902,0.0,0.0,0.0,0.0,Samsø Rederi,0.0,100.00000000000026
6360817,3,2779.37758,0.0,0.0,0.0,0.0,AYKIN DENIZ NAKLIYAT A.S,0.0,100.00000000000026
6304309,1,2857.5078,0.0,0.0,0.0,0.0,"MV ""JSP LØJT"" Schiffahrt GmbH & Co. KG",0.0,100.00000000000026
6304290,1,3069.03968,0.0,0.0,0.0,0.0,"MS ""Bornholm"" Schiffahrt GmbH & Co KG",0.0,100.00000000000026
6045269,3,5262.9696,0.0,0.0,297.18056734256686,0.0,TCSHIPS GEMI ISLETMECILIGI,0.0,100.00000000000026
5548229,1,2949.60335,0.0,0.0,145.40032041587045,0.0,Cakiroglu Deniz Tasima Ltd Sti,0.0,100.00000000000026
6374952,1,3018.449,0.0,0.0,562.9704642318278,0.0,GTS Dolfiin Shipping Ltd,0.0,100.00000000000026
